v 49.87290954589844 66.66674041748047 -6.558744430541992
vt 0.6275060176849365 0.44327008724212646
vn -0.2357022613286972 -0.235702246427536 -0.942808985710144
v 85.66841125488281 13.227859497070312 -6.558744430541992
vt 0.555572509765625 0.8131102323532104
vn 0.40824833512306213 -0.8164965510368347 -0.40824827551841736
v 62.990386962890625 13.227859497070312 -6.558744430541992
vt 0.4564799964427948 0.8131102323532104
vn 0.3651483654975891 -0.18257416784763336 -0.9128708243370056
v 49.87290954589844 26.725818634033203 -6.558744430541992
vt 0.37954410910606384 0.4862927794456482
vn -0.3651483356952667 0.18257416784763336 -0.9128708243370056
v 0.0 38.47132873535156 -0.33711180090904236
vt 0.2261694073677063 0.37119966745376587
vn 0.0 0.0 -0.9999999403953552
v 49.87290954589844 66.666748046875 4.60122013092041
vt 0.6275057196617126 0.41494500637054443
vn -0.7045193314552307 -0.5586087703704834 0.4377315938472748
v 17.643699645996094 31.889760971069336 0.33711060881614685
vt 0.025688908994197845 0.10511517524719238
vn 0.4607013165950775 -0.030225947499275208 0.887040376663208
v 0.00972564984112978 46.55537033081055 -0.33711180090904236
vt 0.25398489832878113 0.3712158203125
vn 0.0 0.0 -0.9999999403953552
v -19.090009689331055 1.245974063873291 -0.33711180090904236
vt 0.09807001054286957 0.3055269122123718
vn 0.0 0.0 -0.9999999403953552
v -6.923655986785889 38.47132873535156 -0.33711180090904236
vt 0.2261642962694168 0.3473721146583557
vn 0.0 0.0 -0.9999999403953552
v 18.117250442504883 31.910419464111328 -0.33711180090904236
vt 0.20360639691352844 0.43353527784347534
vn 0.0 0.0 -0.9999999403953552
v -18.410099029541016 9.933765411376953 -0.33711180090904236
vt 0.12796379625797272 0.3078613877296448
vn 0.0 0.0 -0.9999999403953552
v 5.6307148933410645 9.902409553527832 -0.33711180090904236
vt 0.12847860157489777 0.39119547605514526
vn 0.0 0.0 -0.9999999403953552
v 17.571008682250977 16.97180938720703 -0.33711180090904236
vt 0.15220250189304352 0.4316641688346863
vn 0.0 0.0 -0.9999999403953552
v -6.925189018249512 0.7280453443527222 -0.33711180090904236
vt 0.09629593789577484 0.34738409519195557
vn 0.0 0.0 -0.9999999403953552
v 18.101350784301758 1.069525957107544 -0.33711180090904236
vt 0.09748362004756927 0.4334977865219116
vn 0.0 0.0 -0.9999999403953552
v -6.923654079437256 32.210201263427734 -0.33711180090904236
vt 0.20462080836296082 0.3473767042160034
vn 0.0 0.0 -0.9999999403953552
v -11.450220108032227 1.5960590839385986 -0.3371135890483856
vt 0.09927944839000702 0.33181411027908325
vn 0.0 0.0 -0.9999999403953552
v -18.15976905822754 32.344688415527344 -0.33711180090904236
vt 0.20507650077342987 0.30871009826660156
vn 0.0 0.0 -0.9999999403953552
v 0.0 32.127220153808594 -0.33711180090904236
vt 0.20433969795703888 0.3712061047554016
vn 0.0 0.0 -0.9999999403953552
v 18.181589126586914 38.47125244140625 0.33711060881614685
vt 0.02265848033130169 0.06663817167282104
vn 0.4616650342941284 -0.057565830647945404 0.8851844668388367
v 19.75909996032715 45.91197967529297 0.33711060881614685
vt 0.014111200347542763 0.023193717002868652
vn 0.42975807189941406 0.3301282525062561 0.8404304385185242
v 12.65779972076416 25.070541381835938 0.33711060881614685
vt 0.05507460981607437 0.14511001110076904
vn 0.0 0.0 0.9999999403953552
v -62.990386962890625 13.227859497070312 -6.558744430541992
vt 0.4145299196243286 0.8083791732788086
vn -0.3651483654975891 -0.18257416784763336 -0.9128708243370056
v 12.65781021118164 31.952091217041016 0.33711060881614685
vt 0.05500089004635811 0.10478317737579346
vn 0.0 0.0 0.9999999403953552
v 49.87290954589844 97.77780151367188 -6.558744430541992
vt 0.6868026852607727 0.44518226385116577
vn -0.40824833512306213 0.40824833512306213 -0.8164965510368347
v 17.2497501373291 25.070541381835938 0.33711060881614685
vt 0.02814202941954136 0.14506417512893677
vn 0.366198867559433 -0.014042962342500687 0.9304306507110596
v 49.87290954589844 79.71820831298828 -6.558744430541992
vt 0.6396535038948059 0.5063039064407349
vn -0.3651483654975891 0.18257416784763336 -0.9128708243370056
v 49.87290954589844 66.666748046875 4.60122013092041
vt 0.2781706154346466 0.4579678177833557
vn -0.7045193314552307 -0.5586087703704834 0.4377315938472748
v 62.990386962890625 13.227859497070312 -6.558744430541992
vt 0.7788063287734985 0.8401874899864197
vn 0.3651483654975891 -0.18257416784763336 -0.9128708243370056
v 85.66841125488281 79.71820831298828 -6.558744430541992
vt 0.9886099696159363 0.6993958950042725
vn 0.6666666269302368 0.3333333134651184 -0.6666666865348816
v 62.990386962890625 66.66674041748047 -6.558744430541992
vt 0.7764664888381958 0.6311410665512085
vn 0.3651483356952667 -0.18257416784763336 -0.9128709435462952
v -49.87290954589844 26.725818634033203 -6.558744430541992
vt 0.6327078342437744 0.4862930178642273
vn 0.3651483356952667 0.18257416784763336 -0.9128708243370056
v 11.65742015838623 46.523860931396484 -0.33711180090904236
vt 0.25388750433921814 0.4112982749938965
vn 0.0 0.0 -0.9999999403953552
v -6.910200119018555 46.709510803222656 -0.33711180090904236
vt 0.25451070070266724 0.3474084734916687
vn 0.0 0.0 -0.9999999403953552
v -11.787710189819336 25.070518493652344 -0.33711180090904236
vt 0.18005159497261047 0.33063989877700806
vn 0.0 0.0 -0.9999999403953552
v -15.79419994354248 1.235543966293335 -0.33711180090904236
vt 0.09803616255521774 0.31686729192733765
vn 0.0 0.0 -0.9999999403953552
v 12.674469947814941 0.6118301153182983 -0.33711180090904236
vt 0.0959051102399826 0.41482478380203247
vn 0.0 0.0 -0.9999999403953552
v -6.923652648925781 9.902870178222656 -0.33711180090904236
vt 0.12786440551280975 0.34738588333129883
vn 0.0 0.0 -0.9999999403953552
v 5.630721092224121 32.059810638427734 -0.33711180090904236
vt 0.20411190390586853 0.3905763030052185
vn 0.0 0.0 -0.9999999403953552
v -85.66841125488281 79.71820831298828 -6.558744430541992
vt 0.9938396215438843 0.824072003364563
vn -0.6666666269302368 0.3333333134651184 -0.6666666865348816
v 0.0 26.725818634033203 -6.558744430541992
vt 0.5061259269714355 0.4862927794456482
vn 0.0 0.8320503234863281 -0.5547001957893372
v -62.990386962890625 79.71820831298828 -6.558744430541992
vt 0.9938393235206604 0.9282878637313843
vn -0.2182179093360901 0.4364357888698578 -0.8728715777397156
v 62.990386962890625 97.77780151367188 -6.558744430541992
vt 0.8221623301506042 0.5458984971046448
vn 0.6666666865348816 0.6666666865348816 -0.333333283662796
v 62.990386962890625 0.0 -6.558744430541992
vt 0.8108021020889282 0.8944140076637268
vn 0.44721361994743347 0.0 -0.8944271802902222
v 62.990386962890625 79.71820831298828 -6.558744430541992
vt 0.9886099100112915 0.595180094242096
vn 0.2182179093360901 0.4364357888698578 -0.8728715777397156
v 62.990386962890625 26.725818634033203 -6.558744430541992
vt 0.7764711380004883 0.821391224861145
vn 0.2182178944349289 0.4364357888698578 -0.8728715777397156
v 62.990386962890625 97.77780151367188 -6.558744430541992
vt 0.8091127872467041 0.4657691717147827
vn 0.6666666865348816 0.6666666865348816 -0.333333283662796
v 12.732649803161621 45.3221321105957 -0.33711180090904236
vt 0.24975280463695526 0.41499900817871094
vn 0.0 0.0 -0.9999999403953552
v -11.7877197265625 38.47132873535156 -0.33711180090904236
vt 0.22616130113601685 0.3306322693824768
vn 0.0 0.0 -0.9999999403953552
v -16.094018936157227 25.290470123291016 -0.33711180090904236
vt 0.18080569803714752 0.31582218408584595
vn 0.0 0.0 -0.9999999403953552
v -12.432290077209473 0.16180188953876495 -0.33711180090904236
vt 0.09434376657009125 0.3284357190132141
vn 0.0 0.0 -0.9999999403953552
v 12.65779972076416 9.901519775390625 -0.33711180090904236
vt 0.1278706043958664 0.41476261615753174
vn 0.0 0.0 -0.9999999403953552
v -10.986319541931152 0.6027039289474487 -0.3371123969554901
vt 0.09586190432310104 0.33341068029403687
vn 0.0 0.0 -0.9999999403953552
v 12.65781021118164 31.97545051574707 -0.33711180090904236
vt 0.2038266956806183 0.41475003957748413
vn 0.0 0.0 -0.9999999403953552
v 0.0 13.227859497070312 -6.558744430541992
vt 0.41700589656829834 0.946626603603363
vn 0.0 -0.5999999642372131 -0.7999999523162842
v 0.0 79.71821594238281 -6.558744430541992
vt 0.4173824191093445 0.5133227109909058
vn 0.0 0.8320503234863281 -0.5547001957893372
v -85.66841125488281 66.66674041748047 -6.558744430541992
vt 0.8238393068313599 0.8240721225738525
vn -0.40824824571609497 -0.8164965510368347 -0.40824833512306213
v 62.990386962890625 79.71820831298828 -6.558744430541992
vt 0.7760399580001831 0.6170549988746643
vn 0.2182179093360901 0.4364357888698578 -0.8728715777397156
v 85.66841125488281 26.725818634033203 -6.558744430541992
vt 0.6078795194625854 0.701823353767395
vn 0.6666666865348816 0.3333333134651184 -0.6666666269302368
v 49.87290954589844 13.227859497070312 -6.558744430541992
vt 0.6450111865997314 0.9489262104034424
vn -0.2357022613286972 -0.235702246427536 -0.942808985710144
v 85.66841125488281 66.66674041748047 -6.558744430541992
vt 0.8186098337173462 0.6993956565856934
vn 0.40824824571609497 -0.8164965510368347 -0.40824833512306213
v 49.87290954589844 97.77780151367188 -6.558744430541992
vt 0.7574642896652222 0.4311652183532715
vn -0.40824833512306213 0.40824833512306213 -0.8164965510368347
v 20.34086036682129 46.36326599121094 -0.33711180090904236
vt 0.2533397078514099 0.4411773085594177
vn 0.0 0.0 -0.9999999403953552
v -11.777750015258789 46.877159118652344 -0.33711180090904236
vt 0.2550846040248871 0.33066046237945557
vn 0.0 0.0 -0.9999999403953552
v -17.605560302734375 26.694049835205078 -0.33711180090904236
vt 0.18563410639762878 0.31062036752700806
vn 0.0 0.0 -0.9999999403953552
v -11.787690162658691 16.975360870361328 -0.33711180090904236
vt 0.15219710767269135 0.33064502477645874
vn 0.0 0.0 -0.9999999403953552
v 17.511049270629883 9.901424407958984 -0.33711180090904236
vt 0.127873495221138 0.43146181106567383
vn 0.0 0.0 -0.9999999403953552
v 0.0012759899254888296 0.469356507062912 -0.33711180090904236
vt 0.0954074114561081 0.3712158203125
vn 0.0 0.0 -0.9999999403953552
v -6.923652648925781 16.97270965576172 -0.33711180090904236
vt 0.15219080448150635 0.3473830819129944
vn 0.0 0.0 -0.9999999403953552
v 0.0 66.66674041748047 -6.558744430541992
vt 0.5009242296218872 0.4432700276374817
vn 0.0 -0.5999999642372131 -0.7999999523162842
v -49.87290954589844 66.66674041748047 -6.558744430541992
vt 0.37434229254722595 0.44327008724212646
vn 0.235702246427536 -0.235702246427536 -0.942808985710144
v -62.990386962890625 66.66674041748047 -6.558744430541992
vt 0.8238394856452942 0.9282879829406738
vn -0.3651483356952667 -0.18257416784763336 -0.9128709435462952
v -85.66841125488281 26.725818634033203 -6.558744430541992
vt 0.31543731689453125 0.6447855830192566
vn -0.6666666865348816 0.3333333134651184 -0.6666666269302368
v 85.66841125488281 13.227859497070312 -6.558744430541992
vt 0.6078795194625854 0.7608032822608948
vn 0.40824833512306213 -0.8164965510368347 -0.40824827551841736
v 49.87290954589844 0.0 -6.558744430541992
vt 0.6798205375671387 0.984621524810791
vn -0.8944272398948669 0.0 -0.4472135901451111
v 62.990386962890625 66.66674041748047 -6.558744430541992
vt 0.8186099529266357 0.595180094242096
vn 0.3651483356952667 -0.18257416784763336 -0.9128709435462952
v 85.66841125488281 26.725818634033203 -6.558744430541992
vt 0.555572509765625 0.6495164036750793
vn 0.6666666865348816 0.3333333134651184 -0.6666666269302368
v 14.583430290222168 46.59852981567383 -0.33711180090904236
vt 0.25414571166038513 0.42136651277542114
vn 0.0 0.0 -0.9999999403953552
v 5.6307220458984375 38.47132873535156 -0.33711180090904236
vt 0.22617410123348236 0.3905712962150574
vn 0.0 0.0 -0.9999999403953552
v -18.054920196533203 38.47241973876953 -0.33711180090904236
vt 0.22616110742092133 0.3090670704841614
vn 0.0 0.0 -0.9999999403953552
v -18.125930786132812 16.71729850769043 -0.33711180090904236
vt 0.1513051986694336 0.308835506439209
vn 0.0 0.0 -0.9999999403953552
v 12.65779972076416 16.970060348510742 -0.33711180090904236
vt 0.15219320356845856 0.41475898027420044
vn 0.0 0.0 -0.9999999403953552
v 5.637538909912109 0.7101795077323914 -0.33711180090904236
vt 0.09623835980892181 0.39061081409454346
vn 0.0 0.0 -0.9999999403953552
v 0.0 16.97270965576172 -0.33711180090904236
vt 0.15219449996948242 0.3712083697319031
vn 0.0 0.0 -0.9999999403953552
v -49.87290954589844 26.725818634033203 -6.558744430541992
vt 0.2729690968990326 0.44327008724212646
vn 0.3651483356952667 0.18257416784763336 -0.9128708243370056
v -49.87290954589844 26.725818634033203 4.60122013092041
vt 0.2729690968990326 0.4149450659751892
vn 0.5745385885238647 0.6442413330078125 0.5048351287841797
v -49.87290954589844 26.725818634033203 4.60122013092041
vt 0.6327077150344849 0.4579678177833557
vn 0.5745385885238647 0.6442413330078125 0.5048351287841797
v -62.990386962890625 26.725818634033203 -6.558744430541992
vt 0.41452980041503906 0.6447855234146118
vn -0.2182178944349289 0.4364357888698578 -0.8728715777397156
v 85.66841125488281 79.71820831298828 -6.558744430541992
vt 0.9335983395576477 0.7544072866439819
vn 0.6666666269302368 0.3333333134651184 -0.6666666865348816
v 49.87290954589844 66.66674041748047 -6.558744430541992
vt 0.27817079424858093 0.4862927198410034
vn -0.2357022613286972 -0.235702246427536 -0.942808985710144
v 62.990386962890625 26.725818634033203 -6.558744430541992
vt 0.4564799964427948 0.6495164036750793
vn 0.2182178944349289 0.4364357888698578 -0.8728715777397156
v 12.65781021118164 38.47132873535156 -0.33711180090904236
vt 0.2261791080236435 0.41474640369415283
vn 0.0 0.0 -0.9999999403953552
v 18.651830673217773 38.50853729248047 -0.33711180090904236
vt 0.22631080448627472 0.4353705644607544
vn 0.0 0.0 -0.9999999403953552
v 5.63225793838501 46.450172424316406 -0.33711180090904236
vt 0.2536318004131317 0.39056551456451416
vn 0.0 0.0 -0.9999999403953552
v -18.261009216308594 46.92613983154297 -0.33711180090904236
vt 0.25524911284446716 0.3083524703979492
vn 0.0 0.0 -0.9999999403953552
v -11.787690162658691 9.904189109802246 -0.33711180090904236
vt 0.1278662085533142 0.3306487202644348
vn 0.0 0.0 -0.9999999403953552
v 0.0 9.902870178222656 -0.33711180090904236
vt 0.1278676986694336 0.3712100386619568
vn 0.0 0.0 -0.9999999403953552
v 5.6307172775268555 16.97180938720703 -0.33711180090904236
vt 0.15218450129032135 0.3904244899749756
vn 0.0 0.0 -0.9999999403953552
v -11.787710189819336 32.268821716308594 -0.33711180090904236
vt 0.20481950044631958 0.33063578605651855
vn 0.0 0.0 -0.9999999403953552
v -62.990386962890625 66.66674041748047 -6.558744430541992
vt 0.05931130051612854 0.6312872171401978
vn -0.3651483356952667 -0.18257416784763336 -0.9128709435462952
v -49.87290954589844 66.666748046875 4.60122013092041
vt 0.3743424117565155 0.4149450659751892
vn 0.5586084127426147 -0.7045195698738098 0.4377313554286957
v 49.87290954589844 26.725818634033203 4.60122013092041
vt 0.379544198513031 0.4579678177833557
vn -0.39090684056282043 0.7818132042884827 0.48575687408447266
v -85.66841125488281 13.227859497070312 -6.558744430541992
vt 0.3154374063014984 0.8083794116973877
vn -0.40824833512306213 -0.8164965510368347 -0.40824827551841736
v 85.66841125488281 66.66674041748047 -6.558744430541992
vt 0.8736209869384766 0.7544071674346924
vn 0.40824824571609497 -0.8164965510368347 -0.40824833512306213
v -85.66841125488281 26.725818634033203 4.60122013092041
vt 0.3118942975997925 0.697092592716217
vn -0.5745377540588379 0.6442413330078125 0.5048359036445618
v -49.87290954589844 66.666748046875 4.60122013092041
vt 0.18112729489803314 0.6305438876152039
vn 0.5586084127426147 -0.7045195698738098 0.4377313554286957
v 51.83042907714844 68.624267578125 6.558744430541992
vt 0.6667181253433228 0.6169509887695312
vn -0.09693393111228943 -0.19386810064315796 0.9762269258499146
v -62.990386962890625 66.666748046875 4.60122013092041
vt 0.8751246333122253 0.9282878637313843
vn -0.47822412848472595 -0.6763107776641846 0.5602726340293884
v -61.03287124633789 15.185389518737793 6.558744430541992
vt 0.4230833053588867 0.74751877784729
vn -0.12842994928359985 -0.12842951714992523 0.9833674430847168
v -83.71087646484375 15.185389518737793 6.558744430541992
vt 0.32399091124534607 0.7475190162658691
vn -0.2705974578857422 -0.27059754729270935 0.923879861831665
v -62.990386962890625 13.227859497070312 -6.558744430541992
vt 0.056665390729904175 0.8363040685653687
vn -0.3651483654975891 -0.18257416784763336 -0.9128708243370056
v -62.990386962890625 13.227859497070312 4.60122013092041
vt 0.4145299196243286 0.7596153020858765
vn -0.4782241880893707 -0.6763099431991577 0.5602736473083496
v -62.990386962890625 0.0 -6.558744430541992
vt 0.022583359852433205 0.8890305161476135
vn -0.44721361994743347 0.0 -0.8944271802902222
v 49.87290954589844 13.227859497070312 4.60122013092041
vt 0.6632882356643677 0.8979008197784424
vn -0.7045194506645203 -0.5586082339286804 0.4377320110797882
v -85.66841125488281 26.725818634033203 -6.558744430541992
vt 0.2631305158138275 0.697092592716217
vn -0.6666666865348816 0.3333333134651184 -0.6666666269302368
v 61.03287124633789 77.76068878173828 6.558744430541992
vt 0.7145230174064636 0.5873324871063232
vn 0.10892501473426819 0.1089247539639473 0.988064169883728
v 62.990386962890625 26.725818634033203 4.60122013092041
vt 0.7228654026985168 0.8213075995445251
vn 0.676310658454895 0.47822317481040955 0.5602734088897705
v 85.66841125488281 66.666748046875 4.60122013092041
vt 0.8736211061477661 0.7031220197677612
vn 0.7818130850791931 -0.3909071385860443 0.4857569634914398
v 85.66841125488281 26.725818634033203 4.60122013092041
vt 0.5591155886650085 0.701823353767395
vn 0.4878910779953003 0.7736914157867432 0.4041830599308014
v 62.990386962890625 66.666748046875 4.60122013092041
vt 0.7228814959526062 0.6313017010688782
vn 0.39090701937675476 -0.78181391954422 0.4857555627822876
v 61.03287124633789 15.185389518737793 6.558744430541992
vt 0.44792649149894714 0.7522497177124023
vn 0.12842994928359985 -0.12842951714992523 0.9833674430847168
v 61.03287124633789 24.768291473388672 6.558744430541992
vt 0.44792649149894714 0.7103768587112427
vn 0.10892502218484879 0.10892470180988312 0.9880642294883728
v -85.66841125488281 79.71820831298828 -6.558744430541992
vt 0.9388281106948853 0.769060492515564
vn -0.6666666269302368 0.3333333134651184 -0.6666666865348816
v 62.990386962890625 0.0 4.60122013092041
vt 0.7645556926727295 0.9206332564353943
vn 0.9675383567810059 0.0 0.2527241110801697
v -85.66841125488281 13.227859497070312 -6.558744430541992
vt 0.2631305158138275 0.7560725808143616
vn -0.40824833512306213 -0.8164965510368347 -0.40824827551841736
v -85.66841125488281 66.66674041748047 -6.558744430541992
vt 0.878850519657135 0.7690607309341431
vn -0.40824824571609497 -0.8164965510368347 -0.40824833512306213
v -62.990386962890625 26.725818634033203 -6.558744430541992
vt 0.05757641792297363 0.8206855058670044
vn -0.2182178944349289 0.4364357888698578 -0.8728715777397156
v -83.71087646484375 77.76068878173828 6.558744430541992
vt 0.9298323392868042 0.8330674767494202
vn -0.20209087431430817 0.4041826128959656 0.8920737504959106
v -49.87290954589844 0.0 -6.558744430541992
vt 0.15332630276679993 0.9900904893875122
vn 0.7071067690849304 0.0 -0.7071067094802856
v -61.03287124633789 77.76068878173828 6.558744430541992
vt 0.9298322200775146 0.9372838735580444
vn -0.09451614320278168 0.09451591968536377 0.9910263419151306
v -49.87290954589844 13.227859497070312 -6.558744430541992
vt 0.1894856095314026 0.947723925113678
vn 0.4364358186721802 -0.2182178944349289 -0.8728715777397156
v -62.990386962890625 97.77780151367188 4.60122013092041
vt 0.057627078145742416 0.5201517939567566
vn -0.4845084547996521 0.8514547944068909 0.2006893903017044
v -61.03287124633789 68.624267578125 6.558744430541992
vt 0.8878464102745056 0.9372838735580444
vn -0.12843000888824463 -0.12843000888824463 0.983367383480072
v -61.03287124633789 68.624267578125 6.558744430541992
vt 0.1262959986925125 0.6228936910629272
vn -0.12843000888824463 -0.12843000888824463 0.983367383480072
v -51.83042907714844 68.624267578125 6.558744430541992
vt 0.16901980340480804 0.6179324388504028
vn 0.22368937730789185 -0.11184481531381607 0.9682219624519348
v -85.66841125488281 66.666748046875 4.60122013092041
vt 0.8751243352890015 0.8240721225738525
vn -0.7736912369728088 -0.4878918528556824 0.40418240427970886
v 51.83042907714844 24.768291473388672 6.558744430541992
vt 0.6662665009498596 0.8354848623275757
vn -0.22368931770324707 0.11184446513652802 0.9682220816612244
v -85.66841125488281 13.227859497070312 4.60122013092041
vt 0.31543731689453125 0.7596153020858765
vn -0.7736912369728088 -0.48789116740226746 0.40418314933776855
v 51.83042907714844 15.185389518737793 6.558744430541992
vt 0.6719192862510681 0.8836963176727295
vn -0.09693387895822525 -0.19386734068393707 0.9762270450592041
v 62.990386962890625 79.71821594238281 4.60122013092041
vt 0.7307294011116028 0.5876393914222717
vn 0.6763107776641846 0.4782237708568573 0.5602729916572571
v 85.66841125488281 79.71820831298828 4.60122013092041
vt 0.9335983991622925 0.7031220197677612
vn 0.48789098858833313 0.7736917734146118 0.4041823744773865
v 85.66841125488281 66.666748046875 4.60122013092041
vt 0.8698949813842773 0.6993958950042725
vn 0.7818130850791931 -0.3909071385860443 0.4857569634914398
v 62.990386962890625 26.725818634033203 4.60122013092041
vt 0.4564799964427948 0.6982804536819458
vn 0.676310658454895 0.47822317481040955 0.5602734088897705
v 61.03287124633789 0.0 6.558744430541992
vt 0.7532151937484741 0.9267117977142334
vn 0.5054506063461304 0.0 0.8628555536270142
v -49.87290954589844 97.77780151367188 -6.558744430541992
vt 0.1490069031715393 0.44640207290649414
vn 0.40824833512306213 0.40824833512306213 -0.8164965510368347
v -51.83042907714844 77.76068878173828 6.558744430541992
vt 0.16398310661315918 0.5719186067581177
vn 0.11184465140104294 0.22368904948234558 0.9682221412658691
v -51.83042907714844 97.77780151367188 6.558744430541992
vt 0.1053650975227356 0.4904887080192566
vn 0.3365570306777954 0.47596317529678345 0.8125197291374207
v -61.03287124633789 97.77780151367188 6.558744430541992
vt 0.06866224855184555 0.513371467590332
vn -0.47596418857574463 0.3365568220615387 0.8125191926956177
v -85.66841125488281 66.666748046875 4.60122013092041
vt 0.8788502812385559 0.8203456997871399
vn -0.7736912369728088 -0.4878918528556824 0.40418240427970886
v -85.66841125488281 26.725818634033203 4.60122013092041
vt 0.3154371976852417 0.693549633026123
vn -0.5745377540588379 0.6442413330078125 0.5048359036445618
v -62.990386962890625 26.725818634033203 4.60122013092041
vt 0.11116290092468262 0.820956826210022
vn -0.6442418694496155 0.574537992477417 0.5048351287841797
v 49.87290954589844 26.725818634033203 4.60122013092041
vt 0.6540510058403015 0.8230795860290527
vn -0.39090684056282043 0.7818132042884827 0.48575687408447266
v -61.03287124633789 15.185389518737793 6.558744430541992
vt 0.1182813048362732 0.8659266829490662
vn -0.12842994928359985 -0.12842951714992523 0.9833674430847168
v -49.87290954589844 0.0 4.60122013092041
vt 0.12441080063581467 0.9501968026161194
vn 0.9675382971763611 0.0 0.2527244985103607
v 62.990386962890625 97.77780151367188 4.60122013092041
vt 0.776773989200592 0.5181864500045776
vn 0.6269434094429016 0.7345093488693237 0.25968775153160095
v 61.03287124633789 77.76068878173828 6.558744430541992
vt 0.9246026873588562 0.5861845016479492
vn 0.10892501473426819 0.1089247539639473 0.988064169883728
v 62.990386962890625 66.666748046875 4.60122013092041
vt 0.8698951005935669 0.595180094242096
vn 0.39090701937675476 -0.78181391954422 0.4857555627822876
v 83.71087646484375 24.768291473388672 6.558744430541992
vt 0.5470188856124878 0.7103768587112427
vn 0.3274121582508087 0.3274123966693878 0.8863420486450195
v 62.990386962890625 13.227859497070312 4.60122013092041
vt 0.7322099208831787 0.8675411939620972
vn 0.4782241880893707 -0.6763099431991577 0.5602736473083496
v -49.87290954589844 79.71820831298828 -6.558744430541992
vt 0.19545570015907288 0.5073812007904053
vn 0.3651483654975891 0.18257416784763336 -0.9128708243370056
v -49.87290954589844 97.77780151367188 4.60122013092041
vt 0.11436630040407181 0.4838094711303711
vn 0.6599084138870239 0.7313066124916077 0.17237046360969543
v -49.87290954589844 79.71821594238281 4.60122013092041
vt 0.1724310964345932 0.5575600862503052
vn 0.5745385885238647 0.644241452217102 0.5048349499702454
v -62.990386962890625 79.71821594238281 4.60122013092041
vt 0.10586339980363846 0.5889725089073181
vn -0.6763107776641846 0.4782237112522125 0.5602729916572571
v -85.66841125488281 79.71820831298828 4.60122013092041
vt 0.9388279318809509 0.8203458189964294
vn -0.5745377540588379 0.6442418098449707 0.5048354268074036
v -62.990386962890625 66.666748046875 4.60122013092041
vt 0.11291179805994034 0.6319350004196167
vn -0.47822412848472595 -0.6763107776641846 0.5602726340293884
v -62.990386962890625 26.725818634033203 4.60122013092041
vt 0.4145299196243286 0.6935495138168335
vn -0.6442418694496155 0.574537992477417 0.5048351287841797
v -51.83042907714844 24.768291473388672 6.558744430541992
vt 0.167404904961586 0.8355740308761597
vn 0.09693387895822525 0.19386740028858185 0.9762270450592041
v -61.03287124633789 0.0 6.558744430541992
vt 0.0789935514330864 0.9235600233078003
vn -0.5054506063461304 0.0 0.8628555536270142
v -51.83042907714844 0.0 6.558744430541992
vt 0.11611419916152954 0.9437066316604614
vn 0.38268378376960754 0.0 0.9238794445991516
v 49.87290954589844 0.0 4.60122013092041
vt 0.7075250148773193 0.9521065354347229
vn -0.9238796830177307 0.0 0.38268303871154785
v 62.990386962890625 79.71821594238281 4.60122013092041
vt 0.9373248219490051 0.595180094242096
vn 0.6763107776641846 0.4782237708568573 0.5602729916572571
v 61.03287124633789 68.624267578125 6.558744430541992
vt 0.8826166987419128 0.5861845016479492
vn 0.22368969023227692 -0.11184483021497726 0.9682218432426453
v 85.66841125488281 26.725818634033203 4.60122013092041
vt 0.555572509765625 0.6982804536819458
vn 0.4878910779953003 0.7736914157867432 0.4041830599308014
v 61.03287124633789 15.185389518737793 6.558744430541992
vt 0.7157071828842163 0.8669791221618652
vn 0.12842994928359985 -0.12842951714992523 0.9833674430847168
v -62.990386962890625 97.77780151367188 -6.558744430541992
vt 0.013046110048890114 0.5491014719009399
vn -0.6666666865348816 0.6666666865348816 -0.333333283662796
v 85.66841125488281 13.227859497070312 -6.558744430541992
vt 0.7342665195465088 0.20548737049102783
vn 0.40824833512306213 -0.8164965510368347 -0.40824827551841736
v 85.66841125488281 26.725818634033203 -6.558744430541992
vt 0.7342662215232849 0.24007576704025269
vn 0.6666666865348816 0.3333333134651184 -0.6666666269302368
v -61.03287124633789 77.76068878173828 6.558744430541992
vt 0.1221994012594223 0.5884222984313965
vn -0.09451614320278168 0.09451591968536377 0.9910263419151306
v -83.71087646484375 68.624267578125 6.558744430541992
vt 0.8878461122512817 0.8330677151679993
vn -0.2705976366996765 -0.2705985903739929 0.9238795042037964
v -61.03287124633789 24.768291473388672 6.558744430541992
vt 0.1243676021695137 0.8302263021469116
vn -0.19386805593967438 0.09693373739719391 0.9762269258499146
v -83.71087646484375 24.768291473388672 6.558744430541992
vt 0.32399091124534607 0.7056460380554199
vn -0.2020907700061798 0.4041818380355835 0.8920741081237793
v -49.87290954589844 26.725818634033203 4.60122013092041
vt 0.17943799495697021 0.8231043815612793
vn 0.5745385885238647 0.6442413330078125 0.5048351287841797
v -62.990386962890625 13.227859497070312 4.60122013092041
vt 0.10195860266685486 0.8656669855117798
vn -0.4782241880893707 -0.6763099431991577 0.5602736473083496
v -49.87290954589844 13.227859497070312 4.60122013092041
vt 0.1699932962656021 0.8983858227729797
vn 0.47822386026382446 -0.6763099431991577 0.5602739453315735
v 51.83042907714844 0.0 6.558744430541992
vt 0.7158833146095276 0.945731520652771
vn -0.38268378376960754 0.0 0.9238794445991516
v 83.71087646484375 77.76068878173828 6.558744430541992
vt 0.9246029257774353 0.6904003024101257
vn 0.32741230726242065 0.32741308212280273 0.8863418698310852
v 83.71087646484375 68.624267578125 6.558744430541992
vt 0.8826169371604919 0.6904003024101257
vn 0.16018839180469513 -0.320377916097641 0.9336474537849426
v 61.03287124633789 24.768291473388672 6.558744430541992
vt 0.7095637321472168 0.8305588960647583
vn 0.10892502218484879 0.10892470180988312 0.9880642294883728
v 83.71087646484375 15.185389518737793 6.558744430541992
vt 0.5470188856124878 0.7522497177124023
vn 0.16018827259540558 -0.3203766942024231 0.9336479306221008
v -62.990386962890625 79.71820831298828 -6.558744430541992
vt 0.06119580939412117 0.6193913221359253
vn -0.2182179093360901 0.4364357888698578 -0.8728715777397156
v 85.66841125488281 66.66674041748047 -6.558744430541992
vt 0.7342659831047058 0.34242361783981323
vn 0.40824824571609497 -0.8164965510368347 -0.40824833512306213
v 62.990386962890625 0.0 -6.558744430541992
vt 0.6761549115180969 0.1715911626815796
vn 0.44721361994743347 0.0 -0.8944271802902222
v 51.83042907714844 77.76068878173828 6.558744430541992
vt 0.6710804104804993 0.5709066987037659
vn -0.12842978537082672 0.12842963635921478 0.9833674430847168
v -85.66841125488281 79.71820831298828 4.60122013092041
vt 0.9425541162490845 0.824072003364563
vn -0.5745377540588379 0.6442418098449707 0.5048354268074036
v -61.03287124633789 24.768291473388672 6.558744430541992
vt 0.42308351397514343 0.7056460380554199
vn -0.19386805593967438 0.09693373739719391 0.9762269258499146
v 49.87290954589844 66.666748046875 4.60122013092041
vt 0.6547496318817139 0.6295523047447205
vn -0.7045193314552307 -0.5586087703704834 0.4377315938472748
v -85.66841125488281 13.227859497070312 4.60122013092041
vt 0.3118942975997925 0.7560724020004272
vn -0.7736912369728088 -0.48789116740226746 0.40418314933776855
v -62.990386962890625 0.0 4.60122013092041
vt 0.06780360639095306 0.91708904504776
vn -0.9675383567810059 0.0 0.2527241110801697
v -51.83042907714844 15.185389518737793 6.558744430541992
vt 0.16146330535411835 0.884056806564331
vn 0.12842978537082672 -0.12842951714992523 0.9833674430847168
v 49.87290954589844 97.77780151367188 4.60122013092041
vt 0.7212064266204834 0.4826734662055969
vn -0.554571807384491 0.8194307684898376 0.14485616981983185
v 85.66841125488281 79.71820831298828 4.60122013092041
vt 0.9373248815536499 0.6993958950042725
vn 0.48789098858833313 0.7736917734146118 0.4041823744773865
v 61.03287124633789 68.624267578125 6.558744430541992
vt 0.7095932364463806 0.6220695972442627
vn 0.22368969023227692 -0.11184483021497726 0.9682218432426453
v 85.66841125488281 13.227859497070312 4.60122013092041
vt 0.5591155886650085 0.7608032822608948
vn 0.7818130850791931 -0.39090657234191895 0.4857574999332428
v 62.990386962890625 13.227859497070312 4.60122013092041
vt 0.4564799964427948 0.7643463015556335
vn 0.4782241880893707 -0.6763099431991577 0.5602736473083496
v 85.66841125488281 13.227859497070312 4.60122013092041
vt 0.555572509765625 0.7643463015556335
vn 0.7818130850791931 -0.39090657234191895 0.4857574999332428
v 49.87290954589844 0.0 -6.558744430541992
vt 0.642540693283081 0.1715911626815796
vn -0.8944272398948669 0.0 -0.4472135901451111
v 85.66841125488281 79.71820831298828 -6.558744430541992
vt 0.7342659831047058 0.37586766481399536
vn 0.6666666269302368 0.3333333134651184 -0.6666666865348816
v 49.87290954589844 79.71821594238281 4.60122013092041
vt 0.662643313407898 0.556538999080658
vn -0.4782238006591797 0.676310122013092 0.5602737069129944
v -62.990386962890625 79.71821594238281 4.60122013092041
vt 0.9425541162490845 0.9282878637313843
vn -0.6763107776641846 0.4782237112522125 0.5602729916572571
v -56.37039566040039 69.92630004882812 7.443080902099609
vt 0.7567722797393799 0.17897051572799683
vn 0.6671144962310791 -0.4784884452819824 -0.570970356464386
v -60.70823287963867 65.33209228515625 -6.467711448669434
vt 0.7638514041900635 0.28796207904815674
vn 0.44915226101875305 -0.7270406484603882 -0.5193014144897461
v -63.45050811767578 62.43926239013672 -3.4644699096679688
vt 0.763085126876831 0.2662544846534729
vn 0.35969796776771545 -0.8640154600143433 -0.35227063298225403
v -52.81264877319336 65.84814453125 -6.875819206237793
vt 0.8524178862571716 0.31592822074890137
vn -0.8094903230667114 -0.36863499879837036 0.4569830894470215
v -65.5627212524414 62.977928161621094 -3.715498208999634
vt 0.7715008854866028 0.26591408252716064
vn -0.5822099447250366 -0.6180785298347473 -0.5282145738601685
v -66.60651397705078 61.869842529296875 0.25506019592285156
vt 0.7711114883422852 0.2445850968360901
vn -0.6856705546379089 -0.7279120087623596 8.086124125838978e-07
v -46.311458587646484 83.4152603149414 -3.715498924255371
vt 0.7715989351272583 0.07079869508743286
vn 0.5822076201438904 0.6180787086486816 -0.5282167196273804
v -49.25920867919922 80.28587341308594 -6.940460681915283
vt 0.771965503692627 0.04878431558609009
vn 0.34192952513694763 0.36299487948417664 -0.8667865991592407
v -53.55012893676758 75.73059844970703 -8.749856948852539
vt 0.7718886137008667 0.024474263191223145
vn 0.07648234069347382 0.14756475389003754 -0.9860907793045044
v -56.737728118896484 69.5363540649414 8.654342651367188
vt 0.7642512321472168 0.17928004264831543
vn 0.5527102947235107 -0.5962730646133423 0.5822109580039978
v -59.6891975402832 66.41389465332031 6.032336235046387
vt 0.755896806716919 0.20034170150756836
vn 0.7965852618217468 -0.36928385496139526 -0.4786245822906494
v -49.390541076660156 77.3470458984375 6.032333850860596
vt 0.7559564113616943 0.13635486364364624
vn 0.4161936342716217 -0.7731118202209473 -0.4786241352558136
v -47.095970153808594 79.8013916015625 3.472532033920288
vt 0.7549088001251221 0.11449110507965088
vn 0.33483508229255676 -0.9043920636177063 -0.26450031995773315
v -52.331180572509766 74.21438598632812 -8.14422607421875
vt 0.762958824634552 0.025756359100341797
vn 0.6282141804695129 -0.5161182880401611 -0.582210123538971
v -62.002140045166016 63.97686767578125 3.4725329875946045
vt 0.7548090815544128 0.2222461700439453
vn 0.9227727651596069 -0.28023046255111694 -0.26450225710868835
v -62.83357238769531 63.10443878173828 0.25505968928337097
vt 0.7540631294250488 0.24463307857513428
vn 0.9042652249336243 -0.42697131633758545 -5.675555581063918e-09
v -52.33116912841797 74.21439361572266 8.654342651367188
vt 0.7641708850860596 0.15739208459854126
vn 0.7108551859855652 -0.5963096022605896 0.3729608952999115
v -48.45435333251953 81.14032745361328 0.25505879521369934
vt 0.7965363264083862 0.09188508987426758
vn -0.6856683492660522 -0.7279140949249268 -1.1436387126195768e-07
v -66.2265625 65.05421447753906 3.9745891094207764
vt 0.7798687219619751 0.22297346591949463
vn -0.8839538097381592 0.3074587285518646 0.3522709012031555
v -67.19274139404297 64.01824951171875 0.2550601065158844
vt 0.7795811891555786 0.24457716941833496
vn -0.9975402355194092 0.07009599357843399 5.630275836665533e-07
v -59.542991638183594 72.1788101196289 -8.144225120544434
vt 0.780632734298706 0.3100165128707886
vn -0.6282132863998413 0.5161166787147522 -0.5822126269340515
v -55.136444091796875 76.85684967041016 -8.144225120544434
vt 0.7811533808708191 0.3328818082809448
vn -0.6376951336860657 0.6739782094955444 -0.37295854091644287
v -55.136444091796875 76.85684967041016 8.654342651367188
vt 0.7807738184928894 0.1573745608329773
vn -0.5527106523513794 0.59627366065979 0.5822099447250366
v -59.542991638183594 72.1788101196289 8.654342651367188
vt 0.7809211015701294 0.17936891317367554
vn -0.710854709148407 0.5963091254234314 0.3729623556137085
v -63.50265121459961 67.96434020996094 -6.467711448669434
vt 0.7804707288742065 0.2879042625427246
vn -0.7525638341903687 0.4049321711063385 -0.5193048119544983
v -48.42366027832031 83.95393371582031 3.974586009979248
vt 0.7799286842346191 0.11365890502929688
vn -0.3596946895122528 0.8640165328979492 0.35227134823799133
v -55.136444091796875 76.85684967041016 -8.144225120544434
vt 0.7807878851890564 0.02567589282989502
vn -0.6376951336860657 0.6739782094955444 -0.37295854091644287
v -49.872039794921875 82.41633605957031 -2.962416172027588
vt 0.7880814075469971 0.06987357139587402
vn -0.9227732419967651 0.28022947907447815 0.2645014822483063
v -63.50265121459961 67.96434020996094 6.97783088684082
vt 0.7804005146026611 0.20124167203903198
vn -0.7525638341903687 0.4049316346645355 0.519305408000946
v -63.45050811767578 62.43926239013672 3.9745891094207764
vt 0.7629414200782776 0.22290539741516113
vn 0.35969772934913635 -0.8640156388282776 0.3522702753543854
v -64.42691802978516 61.412940979003906 0.2550598978996277
vt 0.7626237869262695 0.24460148811340332
vn 0.12953831255435944 -0.9915744066238403 1.276743262224045e-07
v -58.32401657104492 70.66259002685547 -8.74985408782959
vt 0.7724500894546509 0.3100525736808777
vn -0.07648046314716339 -0.14756673574447632 -0.9860906600952148
v -47.447227478027344 84.98025512695312 0.25505879521369934
vt 0.7796689867973328 0.09206867218017578
vn -0.12953735888004303 0.9915745258331299 -1.3350140193324478e-07
v -62.614959716796875 66.10731506347656 -6.940459251403809
vt 0.7721492052078247 0.2876245975494385
vn -0.34192928671836853 -0.36299407482147217 -0.8667870163917542
v -52.6984977722168 73.82443237304688 -6.932964324951172
vt 0.7557333111763 0.3302425742149353
vn 0.5174708962440491 -0.6373509764671326 0.5709708333015442
v -56.37039566040039 69.9262924194336 -6.9329633712768555
vt 0.7570971846580505 0.3098028898239136
vn 0.5487536191940308 -0.37055137753486633 0.7493737936019897
v 49.87290954589844 26.725818634033203 -6.558744430541992
vt 0.6425408124923706 0.24007540941238403
vn -0.3651483356952667 0.18257416784763336 -0.9128708243370056
v -49.390541076660156 77.3470458984375 -5.522218704223633
vt 0.7561197280883789 0.04847609996795654
vn 0.4161930978298187 -0.7731118202209473 0.4786246120929718
v 62.990386962890625 26.725818634033203 -6.558744430541992
vt 0.6761549115180969 0.24007576704025269
vn 0.2182178944349289 0.4364357888698578 -0.8728715777397156
v -51.16593933105469 81.06110382080078 -6.467714309692383
vt 0.7802082896232605 0.048560380935668945
vn -0.4491503834724426 0.7270404100418091 -0.519303560256958
v -65.56271362304688 62.977928161621094 4.225616931915283
vt 0.7713915109634399 0.22322630882263184
vn -0.582209050655365 -0.6180790662765503 0.5282149314880371
v -48.42366027832031 83.95393371582031 -3.4644711017608643
vt 0.7799761295318604 0.07047688961029053
vn -0.35969439148902893 0.8640165328979492 -0.3522714376449585
v -53.55012893676758 75.73059844970703 9.259971618652344
vt 0.7724195122718811 0.15724557638168335
vn 0.14273658394813538 0.08515613526105881 0.9860906600952148
v -58.32401657104492 70.66259765625 9.259973526000977
vt 0.7726442813873291 0.17946302890777588
vn -0.14273464679718018 -0.08515714854001999 0.9860907793045044
v -62.614952087402344 66.10731506347656 7.450578212738037
vt 0.7719889283180237 0.20150351524353027
vn -0.3419283628463745 -0.362994909286499 0.8667870163917542
v -48.37150955200195 78.42886352539062 6.977829456329346
vt 0.7636452317237854 0.13555526733398438
vn 0.7525646686553955 -0.40493303537368774 0.5193028450012207
v -53.55012893676758 75.73059844970703 -8.749856948852539
vt 0.7723912000656128 0.33436059951782227
vn 0.07648234069347382 0.14756475389003754 -0.9860907793045044
v 49.87290954589844 13.227859497070312 -6.558744430541992
vt 0.6425409913063049 0.20548731088638306
vn -0.2357022613286972 -0.235702246427536 -0.942808985710144
v 62.990386962890625 13.227859497070312 -6.558744430541992
vt 0.6761549115180969 0.20548737049102783
vn 0.3651483654975891 -0.18257416784763336 -0.9128708243370056
v -56.737728118896484 69.5363540649414 -8.144225120544434
vt 0.764338493347168 0.3099352717399597
vn 0.6376937627792358 -0.6739783883094788 -0.37296047806739807
v -52.331180572509766 74.21438598632812 -8.14422607421875
vt 0.763463020324707 0.33309948444366455
vn 0.6282141804695129 -0.5161182880401611 -0.582210123538971
v -48.37150955200195 78.42886352539062 -6.467714309692383
vt 0.763745129108429 0.04865121841430664
vn 0.7525647282600403 -0.40493351221084595 -0.5193026661872864
v -45.647613525390625 81.33899688720703 3.974586009979248
vt 0.7630351185798645 0.11381107568740845
vn 0.8839532136917114 -0.3074600398540497 0.35227125883102417
v -45.26764678955078 84.52336120605469 0.2550588846206665
vt 0.7712374925613403 0.09213078022003174
vn 0.6856688261032104 0.7279136776924133 -1.3139950851837057e-06
v -59.689212799072266 66.41389465332031 -5.522218704223633
vt 0.756220817565918 0.28867238759994507
vn 0.7965854406356812 -0.36928555369377136 0.4786229133605957
v -62.002140045166016 63.97686767578125 -2.962414026260376
vt 0.7549840807914734 0.2669510841369629
vn 0.9227732419967651 -0.28022998571395874 0.2645008862018585
v 49.87290954589844 79.71820831298828 -6.558744430541992
vt 0.6425408124923706 0.3758676052093506
vn -0.3651483654975891 0.18257416784763336 -0.9128708243370056
v -85.66841125488281 13.227859497070312 -6.558744430541992
vt 0.7342665195465088 0.20548737049102783
vn -0.40824833512306213 -0.8164965510368347 -0.40824827551841736
v -49.87290954589844 97.77780151367188 -6.558744430541992
vt 0.6425409913063049 0.42214518785476685
vn 0.40824833512306213 0.40824833512306213 -0.8164965510368347
v 0.0 79.71821594238281 -6.558744430541992
vt 0.5147417783737183 0.3758676052093506
vn 0.0 0.8320503234863281 -0.5547001957893372
v 0.0 13.227859497070312 -6.558744430541992
vt 0.5147423148155212 0.20548731088638306
vn 0.0 -0.5999999642372131 -0.7999999523162842
v 0.0 26.725818634033203 -6.558744430541992
vt 0.5147414207458496 0.24007529020309448
vn 0.0 0.8320503234863281 -0.5547001957893372
v -85.66841125488281 79.71820831298828 -6.558744430541992
vt 0.7342659831047058 0.37586766481399536
vn -0.6666666269302368 0.3333333134651184 -0.6666666865348816
v -62.990386962890625 26.725818634033203 -6.558744430541992
vt 0.6761549115180969 0.24007576704025269
vn -0.2182178944349289 0.4364357888698578 -0.8728715777397156
v -49.87290954589844 0.0 -6.558744430541992
vt 0.642540693283081 0.1715911626815796
vn 0.7071067690849304 0.0 -0.7071067094802856
v -49.87290954589844 26.725818634033203 -6.558744430541992
vt 0.6425408124923706 0.24007540941238403
vn 0.3651483356952667 0.18257416784763336 -0.9128708243370056
v -85.66841125488281 26.725818634033203 -6.558744430541992
vt 0.7342662215232849 0.24007576704025269
vn -0.6666666865348816 0.3333333134651184 -0.6666666269302368
v -85.66841125488281 66.66674041748047 -6.558744430541992
vt 0.7342659831047058 0.34242361783981323
vn -0.40824824571609497 -0.8164965510368347 -0.40824833512306213
v 51.83042907714844 97.77780151367188 6.558744430541992
vt 0.7302008271217346 0.48931992053985596
vn -0.4759635031223297 0.33655673265457153 0.8125196099281311
v 61.03287124633789 97.77780151367188 6.558744430541992
vt 0.7654939889907837 0.5117770433425903
vn 0.3365574777126312 0.4759632349014282 0.8125194907188416
v 49.87290954589844 66.66674041748047 -6.558744430541992
vt 0.6425409913063049 0.34242337942123413
vn -0.2357022613286972 -0.235702246427536 -0.942808985710144
v 62.990386962890625 66.66674041748047 -6.558744430541992
vt 0.6761541962623596 0.34242337942123413
vn 0.3651483356952667 -0.18257416784763336 -0.9128709435462952
v 49.87290954589844 97.77780151367188 4.60122013092041
vt 0.72762531042099 0.47608041763305664
vn -0.554571807384491 0.8194307684898376 0.14485616981983185
v -54.2847900390625 74.95068359375 6.83745002746582
vt 0.7487252354621887 0.1580798625946045
vn -0.12368045747280121 -0.03862136974930763 -0.9915702939033508
v 62.990386962890625 79.71820831298828 -6.558744430541992
vt 0.6761540174484253 0.37586766481399536
vn 0.2182179093360901 0.4364357888698578 -0.8728715777397156
v -62.990386962890625 0.0 -6.558744430541992
vt 0.6761549115180969 0.1715911626815796
vn -0.44721361994743347 0.0 -0.8944271802902222
v 0.0 66.66674041748047 -6.558744430541992
vt 0.5147417187690735 0.34242337942123413
vn 0.0 -0.5999999642372131 -0.7999999523162842
v 62.990386962890625 97.77780151367188 -6.558744430541992
vt 0.6761540174484253 0.42214536666870117
vn 0.6666666865348816 0.6666666865348816 -0.333333283662796
v 49.87290954589844 97.77780151367188 -6.558744430541992
vt 0.6425409913063049 0.42214518785476685
vn -0.40824833512306213 0.40824833512306213 -0.8164965510368347
v 62.990386962890625 97.77780151367188 4.60122013092041
vt 0.7786473035812378 0.5094723701477051
vn 0.6269434094429016 0.7345093488693237 0.25968775153160095
v -66.2265625 65.05421447753906 -3.4644699096679688
vt 0.7799435257911682 0.2661657929420471
vn -0.8839536905288696 0.3074602484703064 -0.3522699475288391
v -60.70821762084961 65.33209228515625 6.97783088684082
vt 0.7635996341705322 0.20112186670303345
vn 0.44915223121643066 -0.7270407676696777 0.5193012952804565
v -46.311439514160156 83.4152603149414 4.225613117218018
vt 0.7714722156524658 0.11345416307449341
vn 0.5822092294692993 0.6180774569511414 0.528216540813446
v -49.25920867919922 80.28587341308594 7.450575351715088
vt 0.7720212340354919 0.13516706228256226
vn 0.34192973375320435 0.36299410462379456 0.8667868375778198
v -44.68141174316406 82.37495422363281 0.2550587058067322
vt 0.7627875804901123 0.09217751026153564
vn 0.9975401759147644 -0.0700967013835907 -9.464611707699078e-07
v -45.647613525390625 81.33899688720703 -3.4644720554351807
vt 0.7632434368133545 0.07056820392608643
vn 0.8839535713195801 -0.3074578642845154 -0.35227200388908386
v -52.698486328125 73.82443237304688 7.443079948425293
vt 0.7569519877433777 0.15776926279067993
vn 0.4026581645011902 -0.5256468653678894 -0.749374270439148
v -62.990386962890625 13.227859497070312 -6.558744430541992
vt 0.6761549115180969 0.20548737049102783
vn -0.3651483654975891 -0.18257416784763336 -0.9128708243370056
v -58.915061950683594 74.69087982177734 -8.02481460571289
vt 0.8606765270233154 0.022556066513061523
vn 0.13939926028251648 -0.047289274632930756 0.9891064167022705
v -60.44738006591797 73.51599884033203 -8.64364242553711
vt 0.8526546359062195 0.36314260959625244
vn -0.38056716322898865 -0.5521492958068848 0.7418218851089478
v -55.25482177734375 71.00740051269531 -8.024815559387207
vt 0.8606765866279602 0.34005457162857056
vn -0.139397993683815 0.047289006412029266 0.9891065955162048
v -58.915061950683594 74.69087982177734 -8.02481460571289
vt 0.8606765866279602 0.3619353771209717
vn 0.13939926028251648 -0.047289274632930756 0.9891064167022705
v -64.55194854736328 80.36355590820312 4.149508953094482
vt 0.8606765270233154 0.11992508172988892
vn 0.5540276765823364 -0.5575444102287292 -0.6182211637496948
v -50.28153991699219 63.324188232421875 -3.6657299995422363
vt 0.8523796200752258 0.29133427143096924
vn -0.9280736446380615 -0.2827533483505249 0.24234242737293243
v -62.228759765625 78.02561950683594 7.1326117515563965
vt 0.8606765270233154 0.1446869969367981
vn 0.315150648355484 -0.3171509802341461 -0.8944805264472961
v -64.05876159667969 77.16566467285156 7.611827850341797
vt 0.852408230304718 0.14412081241607666
vn -0.37375015020370483 -0.8071405291557312 -0.4569845199584961
v -49.872039794921875 82.41633605957031 3.4725310802459717
vt 0.7880886197090149 0.11417406797409058
vn -0.9227731227874756 0.28022944927215576 -0.26450154185295105
v -60.57689666748047 68.27091979980469 5.559589385986328
vt 0.7965363264083862 0.2000318169593811
vn 0.26998233795166016 0.28661465644836426 -0.9192178249359131
v -62.483638763427734 69.04615020751953 6.032336235046387
vt 0.7881464958190918 0.2005711793899536
vn -0.41619378328323364 0.7731125354766846 -0.47862276434898376
v -64.77819061279297 66.5918197631836 -2.9624149799346924
vt 0.7880921363830566 0.2667567729949951
vn -0.33483320474624634 0.9043926000595093 0.2645007371902466
v -60.57689666748047 68.27091979980469 -5.049471378326416
vt 0.7965363264083862 0.28906041383743286
vn 0.2699829041957855 0.28661400079727173 0.9192180037498474
v -59.17566680908203 72.56875610351562 -6.9329633712768555
vt 0.7880424857139587 0.3098486661911011
vn -0.5174691081047058 0.6373514533042908 0.5709719061851501
v -66.56663513183594 79.71268463134766 -3.6657280921936035
vt 0.852383017539978 0.06947201490402222
vn -0.28861409425735474 -0.926267683506012 0.2423427402973175
v -49.37112808227539 62.41998291015625 0.36800339818000793
vt 0.8523672819137573 0.2663198709487915
vn -0.8985762596130371 -0.43881726264953613 -1.7134416552266885e-08
v -64.55194854736328 80.36355590820312 -3.4134981632232666
vt 0.8606765270233154 0.068878173828125
vn 0.554027259349823 -0.5575457215309143 0.6182205080986023
v -65.39154815673828 81.20848083496094 0.3680051863193512
vt 0.8606765270233154 0.09435349702835083
vn 0.7048667073249817 -0.7093398571014404 2.652073760600615e-08
v -54.28479766845703 74.95068359375 -6.327332973480225
vt 0.7965363264083862 0.32885438203811646
vn -0.031166499480605125 -0.1257658749818802 0.9915701746940613
v -55.25481414794922 71.00740051269531 8.760820388793945
vt 0.8606765270233154 0.1922270655632019
vn -0.04640553146600723 0.13969561457633972 -0.9891064763069153
v -58.915061950683594 74.69087982177734 8.760820388793945
vt 0.8606765270233154 0.16868358850479126
vn 0.04640662297606468 -0.13969506323337555 -0.9891064763069153
v -64.05877685546875 77.1656723022461 -6.875819206237793
vt 0.8522531390190125 0.045033395290374756
vn -0.37375184893608093 -0.8071410655975342 0.456982284784317
v -60.44738006591797 73.51599884033203 -8.64364242553711
vt 0.8525360822677612 0.021782875061035156
vn -0.38056716322898865 -0.5521492958068848 0.7418218851089478
v -55.503761291503906 76.4668960571289 7.443080902099609
vt 0.7882199287414551 0.15762728452682495
vn -0.6671143174171448 0.47848719358444214 -0.5709714889526367
v -65.59939575195312 65.70977020263672 0.2550598978996277
vt 0.7880918383598328 0.24458301067352295
vn -0.48020806908607483 0.8771546483039856 -1.5519131812968823e-10
v -49.208187103271484 80.34005737304688 3.2215042114257812
vt 0.7965363264083862 0.11456537246704102
vn -0.5065550208091736 -0.5377650856971741 -0.6739515662193298
v -49.04058837890625 83.28875732421875 0.2550587058067322
vt 0.788135290145874 0.0919908881187439
vn -0.904263436794281 0.4269751310348511 -4.017234900288713e-08
v -64.77819061279297 66.5918197631836 3.4725351333618164
vt 0.7880561351776123 0.22239726781845093
vn -0.3348333537578583 0.9043925404548645 -0.26450076699256897
v -63.41980743408203 65.25286102294922 0.2550598978996277
vt 0.7965363264083862 0.24460387229919434
vn 0.6856719255447388 0.727910578250885 -1.3723665759357573e-08
v -49.208187103271484 80.34005737304688 -2.7113890647888184
vt 0.7965363264083862 0.06934499740600586
vn -0.5065550208091736 -0.5377650856971741 0.6739515662193298
v -51.16593933105469 81.06110382080078 6.977828025817871
vt 0.7804210186004639 0.13541698455810547
vn -0.4491502344608307 0.7270404696464539 0.519303560256958
v -56.439369201660156 69.48255920410156 -8.643643379211426
vt 0.852329432964325 0.3399934768676758
vn -0.6683265566825867 -0.4861409366130829 0.5630333423614502
v -62.2287712097168 78.02561950683594 -6.39660120010376
vt 0.8606765270233154 0.044670283794403076
vn 0.3151496350765228 -0.31715255975723267 0.894480288028717
v -48.77832794189453 64.48979949951172 0.3680032789707184
vt 0.8606765866279602 0.266335666179657
vn -0.704866349697113 0.7093402147293091 -6.188184897837345e-08
v -51.29726791381836 78.12226867675781 5.5595879554748535
vt 0.7965363264083862 0.1365317702293396
vn -0.26998189091682434 -0.2866142988204956 -0.9192181825637817
v -62.66596984863281 66.05313873291016 -2.711388111114502
vt 0.7965363264083862 0.2672743797302246
vn 0.5065581798553467 0.5377621054649353 0.6739515662193298
v -59.17566680908203 72.56877136230469 7.443082332611084
vt 0.7881879806518555 0.17904531955718994
vn -0.4026564657688141 0.5256467461585999 -0.7493751645088196
v -62.990386962890625 66.66674041748047 -6.558744430541992
vt 0.6761541962623596 0.34242337942123413
vn -0.3651483356952667 -0.18257416784763336 -0.9128709435462952
v -49.87290954589844 13.227859497070312 -6.558744430541992
vt 0.6425409913063049 0.20548731088638306
vn 0.4364358186721802 -0.2182178944349289 -0.8728715777397156
v -57.58937072753906 71.44249725341797 -6.327332973480225
vt 0.7965363264083862 0.30976158380508423
vn 0.031167134642601013 0.1257658451795578 0.9915701746940613
v -62.66596984863281 66.05313873291016 3.2215070724487305
vt 0.7965363264083862 0.22192102670669556
vn 0.5065571069717407 0.5377624034881592 -0.6739521622657776
v -62.483638763427734 69.04615020751953 -5.522218704223633
vt 0.7881503105163574 0.2885398864746094
vn -0.41619303822517395 0.7731126546859741 0.47862324118614197
v -54.2847900390625 74.95068359375 6.83745002746582
vt 0.7965363264083862 0.15788650512695312
vn -0.12368045747280121 -0.03862136974930763 -0.9915702939033508
v -66.56663513183594 79.71268463134766 4.401739120483398
vt 0.8523725271224976 0.1194576621055603
vn -0.2886136472225189 -0.9262676239013672 -0.24234341084957123
v -52.184959411621094 79.97929382324219 -5.522218704223633
vt 0.7879299521446228 0.04827004671096802
vn -0.7965850830078125 0.36928269267082214 0.47862565517425537
v -51.29726791381836 78.12226867675781 -5.049471855163574
vt 0.7965363264083862 0.04808527231216431
vn -0.2699812948703766 -0.2866143584251404 0.9192183017730713
v -55.50376892089844 76.46688842773438 -6.932964324951172
vt 0.7884141802787781 0.027813374996185303
vn -0.5487530827522278 0.3705497086048126 0.74937504529953
v -54.28479766845703 74.95068359375 -6.327332973480225
vt 0.7965363264083862 0.028805673122406006
vn -0.031166499480605125 -0.1257658749818802 0.9915701746940613
v -55.50376892089844 76.46688842773438 -6.932964324951172
vt 0.7885457873344421 0.33018237352371216
vn -0.5487530827522278 0.3705497086048126 0.74937504529953
v -62.990386962890625 97.77780151367188 4.60122013092041
vt 0.05562109127640724 0.5108692646026611
vn -0.4845084547996521 0.8514547944068909 0.2006893903017044
v -49.87290954589844 66.66674041748047 -6.558744430541992
vt 0.6425409913063049 0.34242337942123413
vn 0.235702246427536 -0.235702246427536 -0.942808985710144
v -52.184959411621094 79.97929382324219 6.03233528137207
vt 0.7881526947021484 0.136053204536438
vn -0.796585202217102 0.3692825138568878 -0.4786255359649658
v -49.61793899536133 65.334716796875 -3.4134998321533203
vt 0.8606765866279602 0.2919026017189026
vn -0.5540282726287842 0.5575442314147949 0.6182208061218262
v -57.58937072753906 71.44249725341797 6.83745002746582
vt 0.7965363264083862 0.17884880304336548
vn 0.12368099391460419 0.03862079977989197 -0.9915701746940613
v -51.94110870361328 67.67263793945312 -6.396604061126709
vt 0.8606765866279602 0.3165503740310669
vn -0.3151508867740631 0.31715288758277893 0.8944796919822693
v -51.94110870361328 67.67264556884766 7.132610321044922
vt 0.8606765866279602 0.21607089042663574
vn -0.3151513338088989 0.31715208292007446 -0.8944798111915588
v -49.61792755126953 65.33473205566406 4.1495041847229
vt 0.8606765866279602 0.24076718091964722
vn -0.5540278553962708 0.5575451254844666 -0.6182205080986023
v -62.990386962890625 79.71820831298828 -6.558744430541992
vt 0.6761540174484253 0.37586766481399536
vn -0.2182179093360901 0.4364357888698578 -0.8728715777397156
v -49.87290954589844 79.71820831298828 -6.558744430541992
vt 0.6425408124923706 0.3758676052093506
vn 0.3651483654975891 0.18257416784763336 -0.9128708243370056
v -57.58937072753906 71.44249725341797 -6.327332973480225
vt 0.7488059997558594 0.30958306789398193
vn 0.031167134642601013 0.1257658451795578 0.9915701746940613
v -51.29726791381836 78.12226867675781 -5.049471855163574
vt 0.7477669715881348 0.048481762409210205
vn -0.2699812948703766 -0.2866143584251404 0.9192183017730713
v -54.28479766845703 74.95068359375 -6.327332973480225
vt 0.747382402420044 0.32826316356658936
vn -0.031166499480605125 -0.1257658749818802 0.9915701746940613
v -54.28479766845703 74.95068359375 -6.327332973480225
vt 0.7468457818031311 0.029591023921966553
vn -0.031166499480605125 -0.1257658749818802 0.9915701746940613
v -47.095970153808594 79.8013916015625 -2.962416172027588
vt 0.7551925182342529 0.07004326581954956
vn 0.33483508229255676 -0.9043921232223511 0.26450029015541077
v -52.6984977722168 73.82443237304688 -6.932964324951172
vt 0.7552223205566406 0.028065025806427002
vn 0.5174708962440491 -0.6373509764671326 0.5709708333015442
v -49.208187103271484 80.34005737304688 3.2215042114257812
vt 0.7464889287948608 0.11511856317520142
vn -0.5065550208091736 -0.5377650856971741 -0.6739515662193298
v -49.208187103271484 80.34005737304688 -2.7113890647888184
vt 0.7468208074569702 0.06952548027038574
vn -0.5065550208091736 -0.5377650856971741 0.6739515662193298
v -48.45435333251953 81.14032745361328 0.25505879521369934
vt 0.7456510066986084 0.09218466281890869
vn -0.6856683492660522 -0.7279140949249268 -1.1436387126195768e-07
v -63.41980743408203 65.25286102294922 0.2550598978996277
vt 0.7454367280006409 0.24468988180160522
vn 0.6856719255447388 0.727910578250885 -1.3723665759357573e-08
v -62.66596984863281 66.05313873291016 -2.711388111114502
vt 0.7465887069702148 0.26767778396606445
vn 0.5065581798553467 0.5377621054649353 0.6739515662193298
v -60.57689666748047 68.27091979980469 5.559589385986328
vt 0.7475476264953613 0.19960618019104004
vn 0.26998233795166016 0.28661465644836426 -0.9192178249359131
v -62.990386962890625 97.77780151367188 -6.558744430541992
vt 0.6761540174484253 0.42214536666870117
vn -0.6666666865348816 0.6666666865348816 -0.333333283662796
v -62.66596984863281 66.05313873291016 3.2215070724487305
vt 0.7463905811309814 0.2216094732284546
vn 0.5065571069717407 0.5377624034881592 -0.6739521622657776
v -57.58937072753906 71.44249725341797 6.83745002746582
vt 0.7484456300735474 0.17860060930252075
vn 0.12368099391460419 0.03862079977989197 -0.9915701746940613
v -51.29726791381836 78.12226867675781 5.5595879554748535
vt 0.7476320266723633 0.13711607456207275
vn -0.26998189091682434 -0.2866142988204956 -0.9192181825637817
v -60.57689666748047 68.27091979980469 -5.049471378326416
vt 0.7479258179664612 0.2893611788749695
vn 0.2699829041957855 0.28661400079727173 0.9192180037498474
v -49.87290954589844 97.77780151367188 -6.558744430541992
vt 0.07833205908536911 0.43231040239334106
vn 0.40824833512306213 0.40824833512306213 -0.8164965510368347
v -49.87290954589844 97.77780151367188 4.60122013092041
vt 0.10799260437488556 0.4773361086845398
vn 0.6599084138870239 0.7313066124916077 0.17237046360969543
v -62.990386962890625 97.77780151367188 -6.558744430541992
vt 0.02591329999268055 0.46664661169052124
vn -0.6666666865348816 0.6666666865348816 -0.333333283662796
v -46.27477264404297 80.68343353271484 0.2550585865974426
vt 0.7542582154273987 0.09220641851425171
vn 0.48020830750465393 -0.8771543502807617 -2.270222765332619e-08
v -67.46508026123047 80.62877655029297 0.36800530552864075
vt 0.8523942232131958 0.0944395661354065
vn -0.4444924294948578 -0.8957825303077698 5.7114752927134305e-09
v -56.09159851074219 69.132568359375 10.6173095703125
vt 0.8456284999847412 0.19287878274917603
vn -0.6143856644630432 -0.6975461840629578 0.36872684955596924
v -65.01725006103516 78.13021850585938 -7.834253311157227
vt 0.8449240922927856 0.04567819833755493
vn -0.7628844976425171 -0.40573689341545105 -0.5033732652664185
v -60.79515075683594 73.86598205566406 10.6173095703125
vt 0.8454492092132568 0.16801369190216064
vn -0.6224764585494995 -0.5287228226661682 0.5770400762557983
v -60.79515075683594 73.86598205566406 -9.88129997253418
vt 0.8453345894813538 0.020082592964172363
vn -0.7014195322990417 -0.609959602355957 -0.3687271773815155
v -54.55928039550781 70.30744934082031 -10.500129699707031
vt 0.8372822999954224 0.3398262858390808
vn 0.16436907649040222 -0.09880683571100235 -0.9814377427101135
v -59.610599517822266 75.39083099365234 -10.500129699707031
vt 0.8371434211730957 0.36689746379852295
vn -0.16436859965324402 0.09880750626325607 -0.9814377427101135
v -59.610599517822266 75.39083099365234 -10.500129699707031
vt 0.8366519212722778 0.01912897825241089
vn -0.16436859965324402 0.09880750626325607 -0.9814377427101135
v -59.610591888427734 75.39082336425781 11.236129760742188
vt 0.8372054100036621 0.16785889863967896
vn -0.09776519238948822 0.16499020159244537 0.9814378023147583
v -54.559288024902344 70.30744934082031 11.236129760742188
vt 0.8374599814414978 0.19302237033843994
vn 0.09776527434587479 -0.16499048471450806 0.9814376831054688
v -58.078277587890625 76.5656967163086 -9.88129997253418
vt 0.8284773826599121 0.3656722903251648
vn 0.5326510667800903 0.6191186904907227 -0.5770397782325745
v -53.37472915649414 71.8322982788086 -9.88129997253418
vt 0.8292425274848938 0.33982938528060913
vn 0.7014199495315552 0.6099599599838257 -0.36872607469558716
v -62.31571960449219 80.814697265625 8.570261001586914
vt 0.8285173177719116 0.14339691400527954
vn 0.4105556011199951 0.7603009343147278 0.5033751726150513
v -48.77832794189453 64.48979949951172 0.3680032789707184
vt 0.8107008337974548 0.2663440704345703
vn -0.704866349697113 0.7093402147293091 -6.188184897837345e-08
v -46.704795837402344 65.06948852539062 0.36800339818000793
vt 0.8191804885864258 0.26632410287857056
vn 0.44449323415756226 0.8957821130752563 -1.769216950719965e-08
v -58.915061950683594 74.69087982177734 -8.02481460571289
vt 0.8130753040313721 0.36138737201690674
vn 0.13939926028251648 -0.047289274632930756 0.9891064167022705
v -53.72249984741211 72.18226623535156 -8.643643379211426
vt 0.8224248290061951 0.33994048833847046
vn 0.3805665969848633 0.5521483421325684 0.7418228983879089
v -62.2287712097168 78.02561950683594 -6.39660120010376
vt 0.813170313835144 0.04493457078933716
vn 0.3151496350765228 -0.31715255975723267 0.894480288028717
v -61.35723876953125 79.85015106201172 -6.875819206237793
vt 0.8214046359062195 0.045182108879089355
vn 0.809490442276001 0.36863744258880615 0.45698103308677673
v -64.55194854736328 80.36355590820312 -3.4134981632232666
vt 0.8120189905166626 0.0689314603805542
vn 0.554027259349823 -0.5575457215309143 0.6182205080986023
v -62.228759765625 78.02561950683594 7.1326117515563965
vt 0.813005805015564 0.1452242136001587
vn 0.315150648355484 -0.3171509802341461 -0.8944805264472961
v -64.79875183105469 83.27828979492188 0.36800509691238403
vt 0.8192980885505676 0.09459006786346436
vn 0.8985767960548401 0.4388160705566406 1.0463591770815128e-08
v -57.730506896972656 76.2157211303711 9.379650115966797
vt 0.8222641348838806 0.16854506731033325
vn 0.5545462369918823 0.37706589698791504 -0.741821825504303
v -65.39154815673828 81.20848083496094 0.3680051863193512
vt 0.81083083152771 0.09456688165664673
vn 0.7048667073249817 -0.7093398571014404 2.652073760600615e-08
v -58.915061950683594 74.69087982177734 8.760820388793945
vt 0.8141534328460693 0.16888707876205444
vn 0.04640662297606468 -0.13969506323337555 -0.9891064763069153
v -63.88833999633789 82.37407684326172 4.401740074157715
vt 0.8200436234474182 0.11974668502807617
vn 0.9280747771263123 0.28274834156036377 -0.24234353005886078
v -53.72249984741211 72.18226623535156 9.37964916229248
vt 0.8221846222877502 0.19238317012786865
vn 0.4903608560562134 0.6652371287345886 -0.5630327463150024
v -64.55194854736328 80.36355590820312 4.149508953094482
vt 0.8117563128471375 0.12041956186294556
vn 0.5540276765823364 -0.5575444102287292 -0.6182211637496948
v -55.25481414794922 71.00740051269531 8.760820388793945
vt 0.8139715194702148 0.19202202558517456
vn -0.04640553146600723 0.13969561457633972 -0.9891064763069153
v -63.88833999633789 82.37407684326172 -3.66572904586792
vt 0.8202729225158691 0.06954818964004517
vn 0.9280746579170227 0.2827495336532593 0.24234290421009064
v -61.35723876953125 79.85012817382812 7.611828804016113
vt 0.8212137818336487 0.14441710710525513
vn 0.8094898462295532 0.36863622069358826 -0.45698291063308716
v -65.01725006103516 78.13021850585938 8.570261001586914
vt 0.8450539708137512 0.14325028657913208
vn -0.7628841400146484 -0.40573766827583313 0.5033733248710632
v -56.091609954833984 69.13258361816406 -9.881300926208496
vt 0.8453788161277771 0.339887797832489
vn -0.5326522588729858 -0.6191184520721436 -0.5770388245582581
v -50.02415084838867 65.7435302734375 -8.313472747802734
vt 0.8368816375732422 0.3146616816520691
vn 0.3926803171634674 -0.3951719403266907 -0.8304464221000671
v -64.1457290649414 79.95474243164062 9.049478530883789
vt 0.8367741107940674 0.1429120898246765
vn -0.39267978072166443 0.3951726257801056 0.8304464221000671
v -49.15264129638672 67.56806182861328 -7.834253787994385
vt 0.8286799192428589 0.3151004910469055
vn 0.762884259223938 0.4057373106479645 -0.5033734440803528
v -65.23941802978516 83.7337417602539 4.906199932098389
vt 0.8278728127479553 0.11890929937362671
vn 0.312652587890625 0.8915972113609314 0.32757094502449036
v -49.15263366699219 67.56804656982422 8.570258140563965
vt 0.8285267353057861 0.21743476390838623
vn 0.7628841400146484 0.4057357609272003 0.5033749341964722
v -57.730506896972656 76.2157211303711 -8.64364242553711
vt 0.8213123083114624 0.3630753755569458
vn 0.6683269739151001 0.4861413836479187 0.5630324482917786
v -58.915061950683594 74.69087982177734 -8.02481460571289
vt 0.8124632835388184 0.023202359676361084
vn 0.13939926028251648 -0.047289274632930756 0.9891064167022705
v -50.111106872558594 68.53260803222656 7.611824989318848
vt 0.8212205171585083 0.21642589569091797
vn 0.373750239610672 0.8071413636207581 -0.4569830000400543
v -49.61792755126953 65.33473205566406 4.1495041847229
vt 0.8117275834083557 0.24041056632995605
vn -0.5540278553962708 0.5575451254844666 -0.6182205080986023
v -51.94110870361328 67.67264556884766 7.132610321044922
vt 0.8129982948303223 0.21564197540283203
vn -0.3151513338088989 0.31715208292007446 -0.8944798111915588
v -49.87290954589844 66.66674041748047 -6.558744430541992
vt 0.6275060176849365 0.44327008724212646
vn 0.235702246427536 -0.235702246427536 -0.942808985710144
v -49.87290954589844 66.666748046875 4.60122013092041
vt 0.6275057196617126 0.41494500637054443
vn 0.7045193314552307 -0.5586087107658386 0.4377315938472748
v -47.603240966796875 65.985595703125 4.401735305786133
vt 0.8200114369392395 0.24110198020935059
vn 0.28861624002456665 0.9262670278549194 -0.24234288930892944
v -67.91771697998047 81.07232666015625 4.906199932098389
vt 0.8445082306861877 0.1187669038772583
vn -0.8935579061508179 -0.3070037364959717 0.32757100462913513
v -60.79515075683594 73.86598205566406 -9.88129997253418
vt 0.8456999659538269 0.3655933141708374
vn -0.7014195322990417 -0.609959602355957 -0.3687271773815155
v -46.915771484375 62.61541748046875 -4.422421932220459
vt 0.8362054228782654 0.29026931524276733
vn 0.6206556558609009 -0.6245954036712646 -0.4739905595779419
v -67.25409698486328 83.08285522460938 5.1584296226501465
vt 0.8361809253692627 0.11849421262741089
vn -0.6206556558609009 0.6245948672294617 0.47399142384529114
v -46.252159118652344 64.62594604492188 -4.170190811157227
vt 0.827910304069519 0.29066628217697144
vn 0.8935575485229492 0.30700621008872986 -0.3275701403617859
v -66.27949523925781 84.7684326171875 0.36800500750541687
vt 0.827560305595398 0.09457528591156006
vn 0.07234838604927063 0.9973793625831604 -0.0
v -46.252159118652344 64.62594604492188 4.906195163726807
vt 0.8278396129608154 0.24193590879440308
vn 0.8935575485229492 0.3070054352283478 0.3275703191757202
v -51.94110870361328 67.67263793945312 -6.396604061126709
vt 0.8132275342941284 0.31682640314102173
vn -0.3151508867740631 0.31715288758277893 0.8944796919822693
v -57.730506896972656 76.2157211303711 -8.64364242553711
vt 0.8207153081893921 0.022022366523742676
vn 0.6683269739151001 0.4861413836479187 0.5630324482917786
v 49.87290954589844 26.725818634033203 -6.558744430541992
vt 0.6327078342437744 0.4862930178642273
vn -0.3651483356952667 0.18257416784763336 -0.9128708243370056
v -62.990386962890625 97.77780151367188 -6.558744430541992
vt 0.8091127872467041 0.4657691717147827
vn -0.6666666865348816 0.6666666865348816 -0.333333283662796
v -49.87290954589844 97.77780151367188 -6.558744430541992
vt 0.7574642896652222 0.4311652183532715
vn 0.40824833512306213 0.40824833512306213 -0.8164965510368347
v -85.66841125488281 26.725818634033203 -6.558744430541992
vt 0.555572509765625 0.6495164036750793
vn -0.6666666865348816 0.3333333134651184 -0.6666666269302368
v -62.990386962890625 26.725818634033203 -6.558744430541992
vt 0.4564799964427948 0.6495164036750793
vn -0.2182178944349289 0.4364357888698578 -0.8728715777397156
v -85.66841125488281 13.227859497070312 -6.558744430541992
vt 0.555572509765625 0.8131102323532104
vn -0.40824833512306213 -0.8164965510368347 -0.40824827551841736
v -51.854164123535156 64.88358306884766 -7.834253787994385
vt 0.8451052904129028 0.31503427028656006
vn -0.41055405139923096 -0.7603015899658203 -0.5033755302429199
v -68.94580841064453 82.1189193725586 0.3680056035518646
vt 0.8441870808601379 0.09449958801269531
vn -0.9978170990943909 -0.06603602319955826 5.8134541625065594e-09
v -45.816871643066406 61.50952911376953 0.36800357699394226
vt 0.8358035087585449 0.2663117051124573
vn 0.7048639059066772 -0.7093424201011658 9.7602288917642e-08
v -68.35301971435547 84.18875122070312 0.3680053949356079
vt 0.8358799815177917 0.09454202651977539
vn -0.7048667669296265 0.7093397378921509 -0.0
v -45.22407150268555 63.579349517822266 0.36800357699394226
vt 0.8274614214897156 0.2663145661354065
vn 0.9978171586990356 0.06603644043207169 5.813455317138505e-08
v -65.23941802978516 83.7337417602539 -4.17018985748291
vt 0.8280493021011353 0.07029110193252563
vn 0.3126525580883026 0.8915972709655762 -0.3275708854198456
v -53.37472915649414 71.8322982788086 10.6173095703125
vt 0.8291919827461243 0.19280928373336792
vn 0.6224762797355652 0.5287229418754578 0.5770400762557983
v -50.111106872558594 68.53260803222656 -6.875819206237793
vt 0.8214160203933716 0.3160635828971863
vn 0.3737491965293884 0.8071413040161133 0.45698392391204834
v -55.25482177734375 71.00740051269531 -8.024815559387207
vt 0.8142585158348083 0.33989548683166504
vn -0.139397993683815 0.047289006412029266 0.9891065955162048
v -62.990386962890625 79.71820831298828 -6.558744430541992
vt 0.9886099100112915 0.595180094242096
vn -0.2182179093360901 0.4364357888698578 -0.8728715777397156
v -85.66841125488281 66.66674041748047 -6.558744430541992
vt 0.8186098337173462 0.6993956565856934
vn -0.40824824571609497 -0.8164965510368347 -0.40824833512306213
v -62.990386962890625 66.66674041748047 -6.558744430541992
vt 0.8186099529266357 0.595180094242096
vn -0.3651483356952667 -0.18257416784763336 -0.9128709435462952
v -49.87290954589844 66.66674041748047 -6.558744430541992
vt 0.27817079424858093 0.4862927198410034
vn 0.235702246427536 -0.235702246427536 -0.942808985710144
v -49.87290954589844 26.725818634033203 -6.558744430541992
vt 0.37954410910606384 0.4862927794456482
vn 0.3651483356952667 0.18257416784763336 -0.9128708243370056
v -49.87290954589844 66.666748046875 4.60122013092041
vt 0.2781706154346466 0.4579678177833557
vn 0.7045193314552307 -0.5586087107658386 0.4377315938472748
v -48.930450439453125 61.96453857421875 -4.170192241668701
vt 0.8445234894752502 0.2905815839767456
vn -0.31265130639076233 -0.8915976285934448 -0.3275713324546814
v -67.91771697998047 81.07232666015625 -4.170188903808594
vt 0.8445672988891602 0.07024902105331421
vn -0.8935579657554626 -0.3070037066936493 -0.32757091522216797
v -48.930450439453125 61.96453857421875 4.906196117401123
vt 0.8444855809211731 0.242031991481781
vn -0.31265056133270264 -0.8915975689888 0.32757169008255005
v -67.25409698486328 83.08285522460938 -4.42241907119751
vt 0.8362995386123657 0.07061457633972168
vn -0.6206557154655457 0.6245948076248169 -0.4739913046360016
v -50.02415084838867 65.7435302734375 9.049474716186523
vt 0.8367823362350464 0.21791988611221313
vn 0.39268049597740173 -0.395172119140625 0.8304462432861328
v -62.31571960449219 80.814697265625 -7.83425235748291
vt 0.8286623954772949 0.04574728012084961
vn 0.41055384278297424 0.760301411151886 -0.5033760070800781
v -58.078277587890625 76.5656967163086 10.6173095703125
vt 0.829058825969696 0.1680663824081421
vn 0.6143849492073059 0.6975461840629578 0.36872801184654236
v -49.61793899536133 65.334716796875 -3.4134998321533203
vt 0.811824381351471 0.29223376512527466
vn -0.5540282726287842 0.5575442314147949 0.6182208061218262
v -47.603240966796875 65.985595703125 -3.6657299995422363
vt 0.8200970888137817 0.2915084958076477
vn 0.288615345954895 0.9262673258781433 0.2423429936170578
v -85.66841125488281 79.71820831298828 -6.558744430541992
vt 0.9886099696159363 0.6993958950042725
vn -0.6666666269302368 0.3333333134651184 -0.6666666865348816
v -62.990386962890625 26.725818634033203 -6.558744430541992
vt 0.7764711380004883 0.821391224861145
vn -0.2182178944349289 0.4364357888698578 -0.8728715777397156
v -49.87290954589844 0.0 -6.558744430541992
vt 0.6798205375671387 0.984621524810791
vn 0.8944272398948669 0.0 -0.4472135901451111
v -62.990386962890625 0.0 -6.558744430541992
vt 0.8108021020889282 0.8944140076637268
vn -0.44721361994743347 0.0 -0.8944271802902222
v -85.66841125488281 26.725818634033203 -6.558744430541992
vt 0.6078795194625854 0.701823353767395
vn -0.6666666865348816 0.3333333134651184 -0.6666666269302368
v -85.66841125488281 66.66674041748047 -6.558744430541992
vt 0.8736209869384766 0.7544071674346924
vn -0.40824824571609497 -0.8164965510368347 -0.40824833512306213
v -47.89039993286133 60.92985153198242 0.3680035173892975
vt 0.8441334366798401 0.26631230115890503
vn -0.07235163450241089 -0.9973791241645813 5.7839397271663984e-08
v -50.28153991699219 63.324188232421875 4.401735305786133
vt 0.8523604869842529 0.24129951000213623
vn -0.9280741810798645 -0.2827519178390503 -0.24234189093112946
v -52.81262969970703 65.84812927246094 7.611824035644531
vt 0.8524172306060791 0.2166861891746521
vn -0.8094903826713562 -0.3686350882053375 -0.45698297023773193
v -51.854148864746094 64.8835678100586 8.570258140563965
vt 0.8450629115104675 0.21757686138153076
vn -0.41055306792259216 -0.7603014707565308 0.5033765435218811
v -64.1457290649414 79.95474243164062 -8.313469886779785
vt 0.8367829322814941 0.04602766036987305
vn -0.39268019795417786 0.39517316222190857 -0.8304460048675537
v -46.915771484375 62.61541748046875 5.158426284790039
vt 0.836151123046875 0.2423344850540161
vn 0.6206555366516113 -0.6245954036712646 0.47399064898490906
v -58.078277587890625 76.5656967163086 -9.88129997253418
vt 0.8279567956924438 0.020175576210021973
vn 0.5326510667800903 0.6191186904907227 -0.5770397782325745
v -56.439361572265625 69.48255920410156 9.379648208618164
vt 0.8524613380432129 0.19245857000350952
vn -0.5545456409454346 -0.3770647644996643 -0.7418230175971985
v -60.44738006591797 73.51599884033203 9.37964916229248
vt 0.8524432182312012 0.1683940291404724
vn -0.4903610348701477 -0.6652371883392334 -0.5630323886871338
v -62.990386962890625 13.227859497070312 -6.558744430541992
vt 0.4564799964427948 0.8131102323532104
vn -0.3651483654975891 -0.18257416784763336 -0.9128708243370056
v -62.990386962890625 66.66674041748047 -6.558744430541992
vt 0.7764664888381958 0.6311410665512085
vn -0.3651483356952667 -0.18257416784763336 -0.9128709435462952
v -49.87290954589844 13.227859497070312 -6.558744430541992
vt 0.6450111865997314 0.9489262104034424
vn 0.2357022613286972 -0.235702246427536 -0.942808985710144
v -62.990386962890625 13.227859497070312 -6.558744430541992
vt 0.7788063287734985 0.8401874899864197
vn -0.3651483654975891 -0.18257416784763336 -0.9128708243370056
v -85.66841125488281 79.71820831298828 -6.558744430541992
vt 0.9335983395576477 0.7544072866439819
vn -0.6666666269302368 0.3333333134651184 -0.6666666865348816
v -85.66841125488281 13.227859497070312 -6.558744430541992
vt 0.6078795194625854 0.7608032822608948
vn -0.40824833512306213 -0.8164965510368347 -0.40824827551841736
v 0.0 79.71821594238281 -6.558744430541992
vt 0.4173824191093445 0.5133227109909058
vn 0.0 0.8320503234863281 -0.5547001957893372
v 85.66841125488281 66.66674041748047 -6.558744430541992
vt 0.8238393068313599 0.8240721225738525
vn 0.40824824571609497 -0.8164965510368347 -0.40824833512306213
v 0.0 13.227859497070312 -6.558744430541992
vt 0.41700589656829834 0.946626603603363
vn 0.0 -0.5999999642372131 -0.7999999523162842
v 62.990386962890625 79.71820831298828 -6.558744430541992
vt 0.9938393235206604 0.9282878637313843
vn 0.2182179093360901 0.4364357888698578 -0.8728715777397156
v 62.990386962890625 26.725818634033203 -6.558744430541992
vt 0.05757641792297363 0.8206855058670044
vn 0.2182178944349289 0.4364357888698578 -0.8728715777397156
v 62.990386962890625 66.66674041748047 -6.558744430541992
vt 0.05931130051612854 0.6312872171401978
vn 0.3651483356952667 -0.18257416784763336 -0.9128709435462952
v 49.87290954589844 0.0 -6.558744430541992
vt 0.15332630276679993 0.9900904893875122
vn -0.7071067690849304 0.0 -0.7071067094802856
v 85.66841125488281 79.71820831298828 -6.558744430541992
vt 0.9388281106948853 0.769060492515564
vn 0.6666666269302368 0.3333333134651184 -0.6666666865348816
v 85.66841125488281 66.66674041748047 -6.558744430541992
vt 0.878850519657135 0.7690607309341431
vn 0.40824824571609497 -0.8164965510368347 -0.40824833512306213
v -62.990386962890625 13.227859497070312 4.60122013092041
vt 0.4564799964427948 0.7643463015556335
vn -0.4782241880893707 -0.6763099431991577 0.5602736473083496
v -61.03287124633789 15.185389518737793 6.558744430541992
vt 0.44792649149894714 0.7522497177124023
vn -0.12842994928359985 -0.12842951714992523 0.9833674430847168
v -85.66841125488281 13.227859497070312 4.60122013092041
vt 0.5591155886650085 0.7608032822608948
vn -0.7818130850791931 -0.39090657234191895 0.4857574999332428
v -61.03287124633789 24.768291473388672 6.558744430541992
vt 0.7095637321472168 0.8305588960647583
vn -0.10892502218484879 0.10892470180988312 0.9880642294883728
v -61.03287124633789 24.768291473388672 6.558744430541992
vt 0.44792649149894714 0.7103768587112427
vn -0.10892502218484879 0.10892470180988312 0.9880642294883728
v -83.71087646484375 68.624267578125 6.558744430541992
vt 0.8826169371604919 0.6904003024101257
vn -0.16018837690353394 -0.320377916097641 0.9336474537849426
v -61.03287124633789 68.624267578125 6.558744430541992
vt 0.8826166987419128 0.5861845016479492
vn -0.22368969023227692 -0.11184483021497726 0.9682218432426453
v -83.71087646484375 77.76068878173828 6.558744430541992
vt 0.9246029257774353 0.6904003024101257
vn -0.32741230726242065 0.32741302251815796 0.8863418698310852
v -62.990386962890625 79.71821594238281 4.60122013092041
vt 0.9373248219490051 0.595180094242096
vn -0.6763107776641846 0.4782237112522125 0.5602729916572571
v -61.03287124633789 77.76068878173828 6.558744430541992
vt 0.7145230174064636 0.5873324871063232
vn -0.10892501473426819 0.1089247539639473 0.988064169883728
v -49.87290954589844 13.227859497070312 4.60122013092041
vt 0.6632882356643677 0.8979008197784424
vn 0.7045194506645203 -0.5586082339286804 0.4377320110797882
v -62.990386962890625 79.71821594238281 4.60122013092041
vt 0.7307294011116028 0.5876393914222717
vn -0.6763107776641846 0.4782237112522125 0.5602729916572571
v -51.83042907714844 15.185389518737793 6.558744430541992
vt 0.6719192862510681 0.8836963176727295
vn 0.09693387895822525 -0.19386734068393707 0.9762270450592041
v -62.990386962890625 97.77780151367188 4.60122013092041
vt 0.776773989200592 0.5181864500045776
vn -0.6269434094429016 0.7345093488693237 0.25968775153160095
v 51.83042907714844 15.185389518737793 6.558744430541992
vt 0.16146330535411835 0.884056806564331
vn -0.12842978537082672 -0.12842951714992523 0.9833674430847168
v -49.87290954589844 0.0 4.60122013092041
vt 0.7075250148773193 0.9521065354347229
vn 0.9238796830177307 0.0 0.38268303871154785
v 51.83042907714844 0.0 6.558744430541992
vt 0.11611419916152954 0.9437066316604614
vn -0.38268378376960754 0.0 0.9238794445991516
v -51.83042907714844 0.0 6.558744430541992
vt 0.7158833146095276 0.945731520652771
vn 0.38268378376960754 0.0 0.9238794445991516
v 49.87290954589844 13.227859497070312 4.60122013092041
vt 0.1699932962656021 0.8983858227729797
vn -0.47822386026382446 -0.6763099431991577 0.5602739453315735
v -61.03287124633789 77.76068878173828 6.558744430541992
vt 0.9246026873588562 0.5861845016479492
vn -0.10892501473426819 0.1089247539639473 0.988064169883728
v -49.87290954589844 97.77780151367188 4.60122013092041
vt 0.7212064266204834 0.4826734662055969
vn 0.554571807384491 0.8194307684898376 0.14485616981983185
v 0.0 26.725818634033203 -6.558744430541992
vt 0.5061259269714355 0.4862927794456482
vn 0.0 0.8320503234863281 -0.5547001957893372
v 85.66841125488281 79.71820831298828 -6.558744430541992
vt 0.9938396215438843 0.824072003364563
vn 0.6666666269302368 0.3333333134651184 -0.6666666865348816
v 49.87290954589844 26.725818634033203 4.60122013092041
vt 0.2729690968990326 0.4149450659751892
vn -0.5745385885238647 0.6442413330078125 0.5048350691795349
v 85.66841125488281 13.227859497070312 -6.558744430541992
vt 0.2631305158138275 0.7560725808143616
vn 0.40824833512306213 -0.8164965510368347 -0.40824827551841736
v -85.66841125488281 13.227859497070312 4.60122013092041
vt 0.555572509765625 0.7643463015556335
vn -0.7818130850791931 -0.39090657234191895 0.4857574999332428
v -83.71087646484375 15.185389518737793 6.558744430541992
vt 0.5470188856124878 0.7522497177124023
vn -0.16018827259540558 -0.3203766942024231 0.9336479306221008
v -83.71087646484375 24.768291473388672 6.558744430541992
vt 0.5470188856124878 0.7103768587112427
vn -0.3274121582508087 0.3274123966693878 0.8863420486450195
v -62.990386962890625 66.666748046875 4.60122013092041
vt 0.8698951005935669 0.595180094242096
vn -0.39090701937675476 -0.78181391954422 0.4857555627822876
v -85.66841125488281 79.71820831298828 4.60122013092041
vt 0.9373248815536499 0.6993958950042725
vn -0.48789098858833313 0.7736917734146118 0.4041823744773865
v 85.66841125488281 13.227859497070312 4.60122013092041
vt 0.31543731689453125 0.7596153020858765
vn 0.7736912369728088 -0.48789116740226746 0.40418314933776855
v 62.990386962890625 13.227859497070312 4.60122013092041
vt 0.4145299196243286 0.7596153020858765
vn 0.4782241880893707 -0.6763099431991577 0.5602736473083496
v 61.03287124633789 15.185389518737793 6.558744430541992
vt 0.4230833053588867 0.74751877784729
vn 0.12842994928359985 -0.12842951714992523 0.9833674430847168
v 61.03287124633789 15.185389518737793 6.558744430541992
vt 0.1182813048362732 0.8659266829490662
vn 0.12842994928359985 -0.12842951714992523 0.9833674430847168
v 62.990386962890625 13.227859497070312 4.60122013092041
vt 0.10195860266685486 0.8656669855117798
vn 0.4782241880893707 -0.6763099431991577 0.5602736473083496
v 49.87290954589844 0.0 4.60122013092041
vt 0.12441080063581467 0.9501968026161194
vn -0.9675382971763611 0.0 0.2527244985103607
v 49.87290954589844 26.725818634033203 4.60122013092041
vt 0.6327077150344849 0.4579678177833557
vn -0.5745385885238647 0.6442413330078125 0.5048350691795349
v 62.990386962890625 13.227859497070312 -6.558744430541992
vt 0.4145299196243286 0.8083791732788086
vn 0.3651483654975891 -0.18257416784763336 -0.9128708243370056
v 49.87290954589844 26.725818634033203 -6.558744430541992
vt 0.2729690968990326 0.44327008724212646
vn -0.3651483356952667 0.18257416784763336 -0.9128708243370056
v 85.66841125488281 26.725818634033203 -6.558744430541992
vt 0.2631305158138275 0.697092592716217
vn 0.6666666865348816 0.3333333134651184 -0.6666666269302368
v 62.990386962890625 79.71820831298828 -6.558744430541992
vt 0.06119580939412117 0.6193913221359253
vn 0.2182179093360901 0.4364357888698578 -0.8728715777397156
v -62.990386962890625 0.0 4.60122013092041
vt 0.7645556926727295 0.9206332564353943
vn -0.9675383567810059 0.0 0.2527241110801697
v -62.990386962890625 26.725818634033203 4.60122013092041
vt 0.4564799964427948 0.6982804536819458
vn -0.676310658454895 0.47822317481040955 0.5602734088897705
v -85.66841125488281 66.666748046875 4.60122013092041
vt 0.8698949813842773 0.6993958950042725
vn -0.7818130850791931 -0.3909071385860443 0.48575687408447266
v -85.66841125488281 79.71820831298828 4.60122013092041
vt 0.9335983991622925 0.7031220197677612
vn -0.48789098858833313 0.7736917734146118 0.4041823744773865
v 61.03287124633789 0.0 6.558744430541992
vt 0.0789935514330864 0.9235600233078003
vn 0.5054506063461304 0.0 0.8628555536270142
v 62.990386962890625 0.0 4.60122013092041
vt 0.06780360639095306 0.91708904504776
vn 0.9675383567810059 0.0 0.2527241110801697
v 85.66841125488281 13.227859497070312 4.60122013092041
vt 0.3118942975997925 0.7560724020004272
vn 0.7736912369728088 -0.48789116740226746 0.40418314933776855
v 83.71087646484375 15.185389518737793 6.558744430541992
vt 0.32399091124534607 0.7475190162658691
vn 0.2705974578857422 -0.27059754729270935 0.923879861831665
v 85.66841125488281 26.725818634033203 4.60122013092041
vt 0.3118942975997925 0.697092592716217
vn 0.5745377540588379 0.6442413330078125 0.5048359036445618
v -51.83042907714844 24.768291473388672 6.558744430541992
vt 0.6662665009498596 0.8354848623275757
vn 0.22368931770324707 0.11184446513652802 0.9682220816612244
v 85.66841125488281 13.227859497070312 -6.558744430541992
vt 0.3154374063014984 0.8083794116973877
vn 0.40824833512306213 -0.8164965510368347 -0.40824827551841736
v -49.87290954589844 26.725818634033203 4.60122013092041
vt 0.379544198513031 0.4579678177833557
vn 0.39090684056282043 0.7818132042884827 0.48575687408447266
v 49.87290954589844 66.666748046875 4.60122013092041
vt 0.3743424117565155 0.4149450659751892
vn -0.5586084723472595 -0.7045195698738098 0.4377313554286957
v 62.990386962890625 0.0 -6.558744430541992
vt 0.022583359852433205 0.8890305161476135
vn 0.44721361994743347 0.0 -0.8944271802902222
v 62.990386962890625 97.77780151367188 -6.558744430541992
vt 0.013046110048890114 0.5491014719009399
vn 0.6666666865348816 0.6666666865348816 -0.333333283662796
v -62.990386962890625 13.227859497070312 4.60122013092041
vt 0.7322099208831787 0.8675411939620972
vn -0.4782241880893707 -0.6763099431991577 0.5602736473083496
v -85.66841125488281 26.725818634033203 4.60122013092041
vt 0.555572509765625 0.6982804536819458
vn -0.4878910779953003 0.7736914157867432 0.4041830599308014
v -62.990386962890625 66.666748046875 4.60122013092041
vt 0.7228814959526062 0.6313017010688782
vn -0.39090701937675476 -0.78181391954422 0.4857555627822876
v -85.66841125488281 66.666748046875 4.60122013092041
vt 0.8736211061477661 0.7031220197677612
vn -0.7818130850791931 -0.3909071385860443 0.48575687408447266
v 49.87290954589844 26.725818634033203 4.60122013092041
vt 0.17943799495697021 0.8231043815612793
vn -0.5745385885238647 0.6442413330078125 0.5048350691795349
v -49.87290954589844 66.666748046875 4.60122013092041
vt 0.6547496318817139 0.6295523047447205
vn 0.7045193314552307 -0.5586087107658386 0.4377315938472748
v -51.83042907714844 68.624267578125 6.558744430541992
vt 0.6667181253433228 0.6169509887695312
vn 0.09693393111228943 -0.19386808574199677 0.9762269258499146
v 49.87290954589844 66.666748046875 4.60122013092041
vt 0.18112729489803314 0.6305438876152039
vn -0.5586084723472595 -0.7045195698738098 0.4377313554286957
v 51.83042907714844 68.624267578125 6.558744430541992
vt 0.16901980340480804 0.6179324388504028
vn -0.22368934750556946 -0.11184481531381607 0.9682219624519348
v 85.66841125488281 26.725818634033203 4.60122013092041
vt 0.3154371976852417 0.693549633026123
vn 0.5745377540588379 0.6442413330078125 0.5048359036445618
v 62.990386962890625 26.725818634033203 -6.558744430541992
vt 0.41452980041503906 0.6447855234146118
vn 0.2182178944349289 0.4364357888698578 -0.8728715777397156
v 62.990386962890625 66.66674041748047 -6.558744430541992
vt 0.8238394856452942 0.9282879829406738
vn 0.3651483356952667 -0.18257416784763336 -0.9128709435462952
v 49.87290954589844 66.66674041748047 -6.558744430541992
vt 0.37434229254722595 0.44327008724212646
vn -0.2357022613286972 -0.235702246427536 -0.942808985710144
v 62.990386962890625 13.227859497070312 -6.558744430541992
vt 0.056665390729904175 0.8363040685653687
vn 0.3651483654975891 -0.18257416784763336 -0.9128708243370056
v 49.87290954589844 79.71820831298828 -6.558744430541992
vt 0.19545570015907288 0.5073812007904053
vn -0.3651483654975891 0.18257416784763336 -0.9128708243370056
v -61.03287124633789 0.0 6.558744430541992
vt 0.7532151937484741 0.9267117977142334
vn -0.5054506063461304 0.0 0.8628555536270142
v -85.66841125488281 26.725818634033203 4.60122013092041
vt 0.5591155886650085 0.701823353767395
vn -0.4878910779953003 0.7736914157867432 0.4041830599308014
v -61.03287124633789 68.624267578125 6.558744430541992
vt 0.7095932364463806 0.6220695972442627
vn -0.22368969023227692 -0.11184483021497726 0.9682218432426453
v -62.990386962890625 26.725818634033203 4.60122013092041
vt 0.7228654026985168 0.8213075995445251
vn -0.676310658454895 0.47822317481040955 0.5602734088897705
v 51.83042907714844 24.768291473388672 6.558744430541992
vt 0.167404904961586 0.8355740308761597
vn -0.09693387150764465 0.19386740028858185 0.9762270450592041
v 62.990386962890625 26.725818634033203 4.60122013092041
vt 0.4145299196243286 0.6935495138168335
vn 0.6442418694496155 0.574537992477417 0.5048351287841797
v 85.66841125488281 66.666748046875 4.60122013092041
vt 0.8751243352890015 0.8240721225738525
vn 0.7736912369728088 -0.4878918528556824 0.40418246388435364
v 61.03287124633789 68.624267578125 6.558744430541992
vt 0.8878464102745056 0.9372838735580444
vn 0.12843000888824463 -0.12843000888824463 0.983367383480072
v 62.990386962890625 26.725818634033203 4.60122013092041
vt 0.11116290092468262 0.820956826210022
vn 0.6442418694496155 0.574537992477417 0.5048351287841797
v 61.03287124633789 68.624267578125 6.558744430541992
vt 0.1262959986925125 0.6228936910629272
vn 0.12843000888824463 -0.12843000888824463 0.983367383480072
v 85.66841125488281 26.725818634033203 -6.558744430541992
vt 0.31543731689453125 0.6447855830192566
vn 0.6666666865348816 0.3333333134651184 -0.6666666269302368
v -62.990386962890625 79.71820831298828 -6.558744430541992
vt 0.7760399580001831 0.6170549988746643
vn -0.2182179093360901 0.4364357888698578 -0.8728715777397156
v -62.990386962890625 97.77780151367188 -6.558744430541992
vt 0.8221623301506042 0.5458984971046448
vn -0.6666666865348816 0.6666666865348816 -0.333333283662796
v 0.0 66.66674041748047 -6.558744430541992
vt 0.5009242296218872 0.4432700276374817
vn 0.0 -0.5999999642372131 -0.7999999523162842
v 49.87290954589844 13.227859497070312 -6.558744430541992
vt 0.1894856095314026 0.947723925113678
vn -0.4364358186721802 -0.2182178944349289 -0.8728715777397156
v 49.87290954589844 97.77780151367188 -6.558744430541992
vt 0.1490069031715393 0.44640207290649414
vn -0.40824833512306213 0.40824833512306213 -0.8164965510368347
v -61.03287124633789 15.185389518737793 6.558744430541992
vt 0.7157071828842163 0.8669791221618652
vn -0.12842994928359985 -0.12842951714992523 0.9833674430847168
v -49.87290954589844 79.71820831298828 -6.558744430541992
vt 0.6396535038948059 0.5063039064407349
vn 0.3651483654975891 0.18257416784763336 -0.9128708243370056
v -49.87290954589844 97.77780151367188 -6.558744430541992
vt 0.6868026852607727 0.44518226385116577
vn 0.40824833512306213 0.40824833512306213 -0.8164965510368347
v -49.87290954589844 26.725818634033203 4.60122013092041
vt 0.6540510058403015 0.8230795860290527
vn 0.39090684056282043 0.7818132042884827 0.48575687408447266
v 83.71087646484375 24.768291473388672 6.558744430541992
vt 0.32399091124534607 0.7056460380554199
vn 0.2020907700061798 0.4041818380355835 0.8920741081237793
v 61.03287124633789 24.768291473388672 6.558744430541992
vt 0.42308351397514343 0.7056460380554199
vn 0.19386805593967438 0.09693373739719391 0.9762269258499146
v 62.990386962890625 66.666748046875 4.60122013092041
vt 0.8751246333122253 0.9282878637313843
vn 0.47822412848472595 -0.6763107776641846 0.5602726340293884
v 62.990386962890625 66.666748046875 4.60122013092041
vt 0.11291179805994034 0.6319350004196167
vn 0.47822412848472595 -0.6763107776641846 0.5602726340293884
v 61.03287124633789 24.768291473388672 6.558744430541992
vt 0.1243676021695137 0.8302263021469116
vn 0.19386805593967438 0.09693373739719391 0.9762269258499146
v 51.83042907714844 77.76068878173828 6.558744430541992
vt 0.16398310661315918 0.5719186067581177
vn -0.11184465140104294 0.22368904948234558 0.9682221412658691
v 85.66841125488281 79.71820831298828 4.60122013092041
vt 0.9388279318809509 0.8203458189964294
vn 0.5745377540588379 0.6442418098449707 0.5048354268074036
v 83.71087646484375 68.624267578125 6.558744430541992
vt 0.8878461122512817 0.8330677151679993
vn 0.2705976366996765 -0.2705985903739929 0.9238795042037964
v 85.66841125488281 66.666748046875 4.60122013092041
vt 0.8788502812385559 0.8203456997871399
vn 0.7736912369728088 -0.4878918528556824 0.40418246388435364
v -49.87290954589844 79.71820831298828 -6.558744430541992
vt 0.6425408124923706 0.3758676052093506
vn 0.3651483654975891 0.18257416784763336 -0.9128708243370056
v 85.66841125488281 13.227859497070312 -6.558744430541992
vt 0.7342665195465088 0.20548737049102783
vn 0.40824833512306213 -0.8164965510368347 -0.40824827551841736
v 85.66841125488281 26.725818634033203 -6.558744430541992
vt 0.7342662215232849 0.24007576704025269
vn 0.6666666865348816 0.3333333134651184 -0.6666666269302368
v 85.66841125488281 66.66674041748047 -6.558744430541992
vt 0.7342659831047058 0.34242361783981323
vn 0.40824824571609497 -0.8164965510368347 -0.40824833512306213
v 51.83042907714844 97.77780151367188 6.558744430541992
vt 0.1053650975227356 0.4904887080192566
vn -0.3365570306777954 0.47596317529678345 0.8125197291374207
v 49.87290954589844 79.71821594238281 4.60122013092041
vt 0.1724310964345932 0.5575600862503052
vn -0.5745385885238647 0.644241452217102 0.5048349499702454
v -85.66841125488281 26.725818634033203 -6.558744430541992
vt 0.7342662215232849 0.24007576704025269
vn -0.6666666865348816 0.3333333134651184 -0.6666666269302368
v -85.66841125488281 13.227859497070312 -6.558744430541992
vt 0.7342665195465088 0.20548737049102783
vn -0.40824833512306213 -0.8164965510368347 -0.40824827551841736
v -62.990386962890625 0.0 -6.558744430541992
vt 0.6761549115180969 0.1715911626815796
vn -0.44721361994743347 0.0 -0.8944271802902222
v 49.87290954589844 97.77780151367188 4.60122013092041
vt 0.11436630040407181 0.4838094711303711
vn -0.6599084138870239 0.7313066124916077 0.17237046360969543
v 62.990386962890625 97.77780151367188 4.60122013092041
vt 0.057627078145742416 0.5201517939567566
vn 0.4845084547996521 0.8514547944068909 0.2006893903017044
v -51.83042907714844 77.76068878173828 6.558744430541992
vt 0.6710804104804993 0.5709066987037659
vn 0.12842978537082672 0.12842963635921478 0.9833674430847168
v -49.87290954589844 79.71821594238281 4.60122013092041
vt 0.662643313407898 0.556538999080658
vn 0.4782238006591797 0.676310122013092 0.5602737069129944
v 62.990386962890625 79.71821594238281 4.60122013092041
vt 0.10586339980363846 0.5889725089073181
vn 0.6763107776641846 0.4782237708568573 0.5602729916572571
v -62.990386962890625 26.725818634033203 -6.558744430541992
vt 0.6761549115180969 0.24007576704025269
vn -0.2182178944349289 0.4364357888698578 -0.8728715777397156
v -49.87290954589844 0.0 -6.558744430541992
vt 0.642540693283081 0.1715911626815796
vn 0.8944272398948669 0.0 -0.4472135901451111
v 83.71087646484375 77.76068878173828 6.558744430541992
vt 0.9298323392868042 0.8330674767494202
vn 0.20209087431430817 0.40418267250061035 0.8920737504959106
v 85.66841125488281 79.71820831298828 4.60122013092041
vt 0.9425541162490845 0.824072003364563
vn 0.5745377540588379 0.6442418098449707 0.5048354268074036
v 61.03287124633789 97.77780151367188 6.558744430541992
vt 0.06866224855184555 0.513371467590332
vn 0.47596418857574463 0.3365568220615387 0.8125191926956177
v 61.03287124633789 77.76068878173828 6.558744430541992
vt 0.1221994012594223 0.5884222984313965
vn 0.09451614320278168 0.09451591968536377 0.9910263419151306
v -49.87290954589844 66.66674041748047 -6.558744430541992
vt 0.6425409913063049 0.34242337942123413
vn 0.235702246427536 -0.235702246427536 -0.942808985710144
v 61.03287124633789 77.76068878173828 6.558744430541992
vt 0.9298322200775146 0.9372838735580444
vn 0.09451614320278168 0.09451591968536377 0.9910263419151306
v -62.990386962890625 66.66674041748047 -6.558744430541992
vt 0.6761541962623596 0.34242337942123413
vn -0.3651483356952667 -0.18257416784763336 -0.9128709435462952
v 62.990386962890625 79.71821594238281 4.60122013092041
vt 0.9425541162490845 0.9282878637313843
vn 0.6763107776641846 0.4782237708568573 0.5602729916572571
v 54.170780181884766 57.011470794677734 12.342109680175781
vt 0.9858893156051636 0.33415067195892334
vn -0.009415819309651852 0.9620479345321655 -0.27271783351898193
v 68.08641052246094 64.5727767944336 10.530749320983887
vt 0.9858893156051636 0.413499116897583
vn -0.8603434562683105 0.4847014546394348 -0.15771350264549255
v 46.38935852050781 58.825340270996094 11.643619537353516
vt 0.985889196395874 0.29447561502456665
vn 0.537828266620636 0.8144058585166931 -0.2179078757762909
v 40.1113166809082 64.14505767822266 9.987804412841797
vt 0.9858893156051636 0.2548004984855652
vn 0.850600004196167 0.5108599662780762 -0.124505914747715
v -61.03287124633789 97.77780151367188 6.558744430541992
vt 0.7654939889907837 0.5117770433425903
vn -0.3365574777126312 0.4759632349014282 0.8125194907188416
v -51.83042907714844 97.77780151367188 6.558744430541992
vt 0.7302008271217346 0.48931992053985596
vn 0.4759635031223297 0.33655673265457153 0.8125196099281311
v -62.990386962890625 13.227859497070312 -6.558744430541992
vt 0.6761549115180969 0.20548737049102783
vn -0.3651483654975891 -0.18257416784763336 -0.9128708243370056
v -49.87290954589844 97.77780151367188 4.60122013092041
vt 0.72762531042099 0.47608041763305664
vn 0.554571807384491 0.8194307684898376 0.14485616981983185
v -49.87290954589844 97.77780151367188 -6.558744430541992
vt 0.6425409913063049 0.42214518785476685
vn 0.40824833512306213 0.40824833512306213 -0.8164965510368347
v -62.990386962890625 97.77780151367188 4.60122013092041
vt 0.7786473035812378 0.5094723701477051
vn -0.6269434094429016 0.7345093488693237 0.25968775153160095
v -85.66841125488281 66.66674041748047 -6.558744430541992
vt 0.7342659831047058 0.34242361783981323
vn -0.40824824571609497 -0.8164965510368347 -0.40824833512306213
v -85.66841125488281 79.71820831298828 -6.558744430541992
vt 0.7342659831047058 0.37586766481399536
vn -0.6666666269302368 0.3333333134651184 -0.6666666865348816
v -49.87290954589844 13.227859497070312 -6.558744430541992
vt 0.6425409913063049 0.20548731088638306
vn 0.2357022613286972 -0.235702246427536 -0.942808985710144
v -49.87290954589844 26.725818634033203 -6.558744430541992
vt 0.6425408124923706 0.24007540941238403
vn 0.3651483356952667 0.18257416784763336 -0.9128708243370056
v -62.990386962890625 79.71820831298828 -6.558744430541992
vt 0.6761540174484253 0.37586766481399536
vn -0.2182179093360901 0.4364357888698578 -0.8728715777397156
v -62.990386962890625 97.77780151367188 -6.558744430541992
vt 0.6761540174484253 0.42214536666870117
vn -0.6666666865348816 0.6666666865348816 -0.333333283662796
v 35.444759368896484 72.17888641357422 8.125761032104492
vt 0.897968590259552 0.3297715187072754
vn -0.9656656980514526 -0.2597680985927582 -0.0031887812074273825
v 66.22151947021484 67.0896224975586 11.488160133361816
vt 0.9209446310997009 0.15691590309143066
vn -0.8580816388130188 0.4501723647117615 -0.24706432223320007
v 70.00792694091797 73.86943817138672 9.66171932220459
vt 0.9131544232368469 0.12248456478118896
vn -0.6212416291236877 0.45151451230049133 0.6404634118080139
v 60.66471862792969 91.11629486083984 -0.6111786365509033
vt 0.9220613837242126 0.02216118574142456
vn -0.5414910912513733 -0.7584930062294006 0.3625958263874054
v 66.11042022705078 86.81080627441406 1.6771819591522217
vt 0.9206330180168152 0.054419875144958496
vn -0.8528615832328796 -0.47633281350135803 0.2138552963733673
v 36.580101013183594 71.9169921875 7.70261812210083
vt 0.985889196395874 0.21512526273727417
vn 0.9737985730171204 0.20253358781337738 0.10342293977737427
v 0.0 26.725818634033203 -6.558744430541992
vt 0.5147414207458496 0.24007529020309448
vn 0.0 0.8320503234863281 -0.5547001957893372
v 0.0 79.71821594238281 -6.558744430541992
vt 0.5147417783737183 0.3758676052093506
vn 0.0 0.8320503234863281 -0.5547001957893372
v 85.66841125488281 79.71820831298828 -6.558744430541992
vt 0.7342659831047058 0.37586766481399536
vn 0.6666666269302368 0.3333333134651184 -0.6666666865348816
v 66.87008666992188 67.127197265625 12.930089950561523
vt 0.9132242202758789 0.1569541096687317
vn -0.3750331699848175 0.6511468887329102 0.6598165035247803
v 62.990386962890625 97.77780151367188 -6.558744430541992
vt 0.02591329999268055 0.46664661169052124
vn 0.6666666865348816 0.6666666865348816 -0.333333283662796
v 62.990386962890625 97.77780151367188 -6.558744430541992
vt 0.6761540174484253 0.42214536666870117
vn 0.6666666865348816 0.6666666865348816 -0.333333283662796
v 49.87290954589844 97.77780151367188 -6.558744430541992
vt 0.07833205908536911 0.43231040239334106
vn -0.40824833512306213 0.40824833512306213 -0.8164965510368347
v 49.87290954589844 79.71820831298828 -6.558744430541992
vt 0.6425408124923706 0.3758676052093506
vn -0.3651483654975891 0.18257416784763336 -0.9128708243370056
v 49.87290954589844 26.725818634033203 -6.558744430541992
vt 0.6425408124923706 0.24007540941238403
vn -0.3651483356952667 0.18257416784763336 -0.9128708243370056
v 49.87290954589844 97.77780151367188 4.60122013092041
vt 0.10799260437488556 0.4773361086845398
vn -0.6599084138870239 0.7313066124916077 0.17237046360969543
v 62.990386962890625 26.725818634033203 -6.558744430541992
vt 0.6761549115180969 0.24007576704025269
vn 0.2182178944349289 0.4364357888698578 -0.8728715777397156
v 54.074249267578125 60.94881057739258 14.214059829711914
vt 0.9209455251693726 0.226026713848114
vn -0.005044266581535339 0.895314633846283 -0.4454057514667511
v 41.748779296875 86.43833923339844 1.2043640613555908
vt 0.9208791255950928 0.39873987436294556
vn 0.8580816984176636 -0.45017209649086 0.24706462025642395
v 38.815738677978516 73.01253509521484 7.802215576171875
vt 0.920950710773468 0.3296731114387512
vn 0.9743089079856873 0.2148979753255844 0.06738637387752533
v 41.037742614746094 87.55084991455078 2.0749709606170654
vt 0.9131637215614319 0.3987300395965576
vn 0.33201706409454346 0.1408601850271225 0.9326967000961304
v 62.990386962890625 97.77780151367188 4.60122013092041
vt 0.05562109127640724 0.5108692646026611
vn 0.4845084547996521 0.8514547944068909 0.2006893903017044
v 49.87290954589844 66.66674041748047 -6.558744430541992
vt 0.6425409913063049 0.34242337942123413
vn -0.2357022613286972 -0.235702246427536 -0.942808985710144
v 62.990386962890625 66.66674041748047 -6.558744430541992
vt 0.6761541962623596 0.34242337942123413
vn 0.3651483356952667 -0.18257416784763336 -0.9128709435462952
v 66.22151947021484 67.0896224975586 11.488160133361816
vt 0.8749815225601196 0.15712511539459229
vn -0.8580816388130188 0.4501723647117615 -0.24706432223320007
v 69.15455627441406 80.51541137695312 4.890311241149902
vt 0.8749815225601196 0.08808177709579468
vn -0.9807130098342896 -0.09699303656816483 0.16968892514705658
v 69.1942138671875 73.47699737548828 8.391810417175293
vt 0.8749815821647644 0.12258350849151611
vn -0.9758973121643066 0.0670778825879097 -0.2076656073331833
v 61.067039489746094 91.33859252929688 -2.1539700031280518
vt 0.8828505873680115 0.5016782283782959
vn -0.15535131096839905 -0.76628178358078 -0.6234406232833862
v 60.82527160644531 62.61836242675781 13.566099166870117
vt 0.9209548234939575 0.19146978855133057
vn -0.5499438047409058 0.7418054938316345 -0.3837791383266449
v 46.903263092041016 62.18935012817383 14.846500396728516
vt 0.9132198095321655 0.2605932950973511
vn 0.15535126626491547 0.7662830948829651 0.6234390735626221
v 66.7528076171875 87.94401550292969 2.574057102203369
vt 0.9128947854042053 0.0541495680809021
vn -0.37209904193878174 0.13009460270404816 0.9190308451652527
v 41.85987854003906 66.71714782714844 11.015339851379395
vt 0.9209430813789368 0.2951200008392334
vn 0.8528620004653931 0.4763302803039551 -0.21385960280895233
v 47.305580139160156 62.411651611328125 13.303699493408203
vt 0.9209396839141846 0.2605742812156677
vn 0.5414915084838867 0.7584914565086365 -0.3625985085964203
v 54.047969818115234 60.645240783691406 15.807429313659668
vt 0.913225531578064 0.22604358196258545
vn -0.024606792256236076 0.6842181086540222 0.7288622260093689
v 37.89990997314453 80.80860900878906 5.343344211578369
vt 0.9132221937179565 0.3642352819442749
vn 0.5830724239349365 0.25124454498291016 0.7725948095321655
v 41.1550178527832 66.73403930664062 12.431010246276855
vt 0.9132224321365356 0.29514169692993164
vn 0.3290811777114868 0.6619123220443726 0.6734817624092102
v 41.748779296875 86.43833923339844 1.2043640613555908
vt 0.8749815821647644 0.3989706039428711
vn 0.8580816984176636 -0.45017209649086 0.24706462025642395
v 60.82527160644531 62.61836242675781 13.566099166870117
vt 0.8749815821647644 0.19167327880859375
vn -0.5499438047409058 0.7418054938316345 -0.3837791383266449
v 47.14502716064453 90.90960693359375 -0.8735725283622742
vt 0.8749815821647644 0.4335014224052429
vn 0.5499436259269714 -0.7418058514595032 0.38377878069877625
v 61.934059143066406 60.83580017089844 15.92566967010498
vt 0.905695915222168 0.19156169891357422
vn 0.22502784430980682 0.06520615518093109 0.97216796875
v 71.69782257080078 73.50421905517578 9.88900089263916
vt 0.9056230187416077 0.12256360054016113
vn 0.276303231716156 0.3741532266139984 0.8852489590644836
v 68.22969055175781 66.0522689819336 13.501410484313965
vt 0.9056856036186218 0.157032310962677
vn 0.3736213147640228 0.18790502846240997 0.9083495140075684
v 53.896060943603516 92.57913208007812 -1.5215320587158203
vt 0.9206191301345825 0.4668859839439392
vn 0.005043085664510727 -0.8953155875205994 0.4454037845134735
v 54.074249267578125 60.94881057739258 14.214059829711914
vt 0.8749815225601196 0.22622251510620117
vn -0.005044266581535339 0.895314633846283 -0.4454057514667511
v 47.305580139160156 62.411651611328125 13.303699493408203
vt 0.8749815225601196 0.260772168636322
vn 0.5414915084838867 0.7584914565086365 -0.3625985085964203
v 41.85987854003906 66.71714782714844 11.015339851379395
vt 0.8749815225601196 0.2953217029571533
vn 0.8528620004653931 0.4763302803039551 -0.21385960280895233
v 45.82122802734375 59.222251892089844 14.849800109863281
vt 0.8979613184928894 0.26067256927490234
vn -0.3975650370121002 -0.8258153200149536 0.3999638557434082
v 60.66471862792969 91.11629486083984 -0.6111786365509033
vt 0.9222447276115417 0.499064564704895
vn -0.5414910912513733 -0.7584930062294006 0.3625958263874054
v 53.859867095947266 94.0328140258789 -0.8023642897605896
vt 0.9129301309585571 0.4672076106071472
vn -0.02170088328421116 0.16838155686855316 0.9854830503463745
v 37.9417610168457 73.37918090820312 9.039369583129883
vt 0.9132301211357117 0.3296924829483032
vn 0.4276145100593567 0.5112653970718384 0.7454887628555298
v 38.77608871459961 80.05094909667969 4.300717353820801
vt 0.920943021774292 0.36422866582870483
vn 0.9823012351989746 -0.18498429656028748 -0.02941380999982357
v 61.00457000732422 92.48870086669922 0.15856480598449707
vt 0.91455078125 0.500514805316925
vn -0.1986524760723114 0.030951691791415215 0.9795810580253601
v 69.15455627441406 80.51541137695312 4.890311241149902
vt 0.9207189083099365 0.08815926313400269
vn -0.9807130098342896 -0.09699303656816483 0.16968892514705658
v 68.10005950927734 89.0603256225586 2.055269956588745
vt 0.9053648114204407 0.05389237403869629
vn 0.37121686339378357 0.6144936680793762 0.6961289644241333
v 72.52554321289062 81.34906768798828 4.566765785217285
vt 0.8977994918823242 0.0881800651550293
vn 0.9702669978141785 0.17505525052547455 -0.16714558005332947
v 46.045196533203125 93.98944091796875 1.6754040718078613
vt 0.9858893156051636 0.09612131118774414
vn 0.553607165813446 -0.7977182269096375 0.23909133672714233
v 39.8731575012207 88.47935485839844 3.089585065841675
vt 0.985889196395874 0.1357749104499817
vn 0.8603439927101135 -0.48470112681388855 0.1577116847038269
v 36.49509811401367 80.60179138183594 5.240673065185547
vt 0.9858893156051636 0.1754496693611145
vn 0.9828115701675415 -0.1726197898387909 -0.06545083969831467
v 70.07038879394531 72.7193374633789 7.349184036254883
vt 0.8826789855957031 0.12260991334915161
vn -0.428859680891037 -0.2900477945804596 -0.8555416464805603
v 70.0285415649414 80.14878845214844 3.6531569957733154
vt 0.8826476335525513 0.08814698457717896
vn -0.5818400979042053 -0.46990838646888733 -0.6638134121894836
v 66.81527709960938 86.79391479492188 0.2615211009979248
vt 0.8827186822891235 0.05379551649093628
vn -0.3290815055370331 -0.6619129180908203 -0.6734809875488281
v 61.80921936035156 92.93331146240234 -2.9270198345184326
vt 0.8907629251480103 0.5035054087638855
vn 0.26445940136909485 -0.05772160738706589 -0.9626678228378296
v 54.11043167114258 59.495140075683594 13.494890213012695
vt 0.8827037811279297 0.22620248794555664
vn 0.021701116114854813 -0.16838154196739197 -0.9854830503463745
v 61.23651123046875 61.25743865966797 12.810930252075195
vt 0.8827056288719177 0.19165587425231934
vn -0.15946336090564728 -0.03642645105719566 -0.9865314364433289
v 66.93255615234375 65.97711181640625 10.617560386657715
vt 0.8827006220817566 0.15712058544158936
vn -0.3320164084434509 -0.14086094498634338 -0.9326968193054199
v 38.00423049926758 72.22908020019531 6.726834297180176
vt 0.8827046155929565 0.3298509120941162
vn 0.6200094819068909 -0.23285095393657684 -0.7492454648017883
v 37.962371826171875 79.65850830078125 3.0308079719543457
vt 0.8827008008956909 0.3643912076950073
vn 0.4716346561908722 -0.4975167214870453 -0.7280369400978088
v 41.1002197265625 86.4007568359375 -0.2375648021697998
vt 0.882685124874115 0.39891767501831055
vn 0.3750351071357727 -0.6511473655700684 -0.6598150134086609
v 36.25627136230469 72.96234893798828 9.201142311096191
vt 0.9056907892227173 0.3297600746154785
vn -0.4846940040588379 0.3309961259365082 0.8096378445625305
v 61.00457000732422 92.48870086669922 0.15856480598449707
vt 0.9142827987670898 0.020767688751220703
vn -0.1986524760723114 0.030951691791415215 0.9795810580253601
v 39.807769775390625 65.61772155761719 12.949790000915527
vt 0.9056857228279114 0.29521119594573975
vn -0.414146363735199 0.1758597046136856 0.893060028553009
v 71.65155792236328 81.7156982421875 5.803919792175293
vt 0.905482828617096 0.08821207284927368
vn 0.4419540762901306 0.4558808207511902 0.7725600600242615
v 71.71402740478516 80.56560516357422 3.491384983062744
vt 0.8901286125183105 0.08814066648483276
vn 0.3217400908470154 -0.36501023173332214 -0.8736422657966614
v 68.16252899169922 87.91023254394531 -0.25726550817489624
vt 0.8901680111885071 0.053661882877349854
vn 0.41414549946784973 -0.17586049437522888 -0.8930601477622986
v 61.80921936035156 92.93331146240234 -2.9270198345184326
vt 0.8903653025627136 0.01827901601791382
vn 0.26445940136909485 -0.05772160738706589 -0.9626678228378296
v 53.87626266479492 96.0936279296875 -3.2699310779571533
vt 0.8979067206382751 0.46779316663742065
vn -0.00504399323835969 0.8953146934509277 -0.44540566205978394
v 61.99653244018555 59.68571090698242 13.613139152526855
vt 0.8898094892501831 0.1918119192123413
vn 0.2682502567768097 -0.7305761575698853 -0.6279332637786865
v 68.29215240478516 64.90217590332031 11.18887996673584
vt 0.8902382850646973 0.15706026554107666
vn 0.41654786467552185 -0.6024491786956787 -0.6808397769927979
v 71.76029205322266 72.35413360595703 7.576466083526611
vt 0.8901994824409485 0.12257027626037598
vn 0.4853166937828064 -0.44170376658439636 -0.75456303358078
v 61.74674987792969 94.0833969116211 -0.614484429359436
vt 0.9069299101829529 0.5028880834579468
vn 0.22123625874519348 0.7380586862564087 0.6374353766441345
v 53.84996795654297 95.79005432128906 -1.676563024520874
vt 0.9054874181747437 0.46758848428726196
vn -0.022609727457165718 0.88251131772995 0.4697473347187042
v 45.973777770996094 93.84224700927734 -0.9206116199493408
vt 0.9055185914039612 0.4331877827644348
vn -0.2682494521141052 0.7305759787559509 0.6279338598251343
v 61.74674987792969 94.0833969116211 -0.614484429359436
vt 0.9071540832519531 0.01794302463531494
vn 0.22123625874519348 0.7380586862564087 0.6374353766441345
v 39.8702278137207 64.4676284790039 10.637259483337402
vt 0.8902407288551331 0.2952355742454529
vn -0.37121888995170593 -0.6144940257072449 -0.6961275935173035
v 36.31874084472656 71.812255859375 6.888606071472168
vt 0.8902426958084106 0.3297826647758484
vn -0.275690495967865 -0.48284995555877686 -0.8311742544174194
v 36.2724723815918 80.02373504638672 2.803524971008301
vt 0.890238881111145 0.364318311214447
vn -0.442579448223114 -0.3451733887195587 -0.827634334564209
v 0.0 66.66674041748047 -6.558744430541992
vt 0.5147417187690735 0.34242337942123413
vn 0.0 -0.5999999642372131 -0.7999999523162842
v 0.0 13.227859497070312 -6.558744430541992
vt 0.5147423148155212 0.20548731088638306
vn 0.0 -0.5999999642372131 -0.7999999523162842
v 35.39630126953125 80.7813949584961 3.8461508750915527
vt 0.8979616165161133 0.3643054962158203
vn -0.9725494980812073 0.2301350235939026 -0.03442738205194473
v 39.029579162597656 88.58819580078125 0.061719126999378204
vt 0.8979207873344421 0.3988037109375
vn -0.7738651037216187 0.5585076212882996 -0.298666775226593
v 62.990386962890625 0.0 -6.558744430541992
vt 0.6761549115180969 0.1715911626815796
vn 0.44721361994743347 0.0 -0.8944271802902222
v 49.87290954589844 0.0 -6.558744430541992
vt 0.642540693283081 0.1715911626815796
vn -0.7071067690849304 0.0 -0.7071067094802856
v 60.66471862792969 91.11629486083984 -0.6111786365509033
vt 0.8749815225601196 0.5008362531661987
vn -0.5414910912513733 -0.7584930062294006 0.3625958263874054
v 53.896060943603516 92.57913208007812 -1.5215320587158203
vt 0.8749815225601196 0.46784061193466187
vn 0.005043085664510727 -0.8953155875205994 0.4454037845134735
v 46.16107940673828 60.59465026855469 15.619549751281738
vt 0.9056825041770935 0.2606607675552368
vn -0.26445966958999634 0.057721640914678574 0.9626677632331848
v 54.05786895751953 58.887996673583984 16.681629180908203
vt 0.9056882858276367 0.22610968351364136
vn -0.016748426482081413 -0.1578683853149414 0.9873181581497192
v 54.09404754638672 57.434329986572266 15.962459564208984
vt 0.8979654312133789 0.22612202167510986
vn 0.005043856333941221 -0.8953148722648621 0.4454052746295929
v 39.16537857055664 64.4845199584961 12.052919387817383
vt 0.8979628086090088 0.2952234148979187
vn -0.7674396634101868 -0.5820721983909607 0.268753319978714
v 46.73379898071289 92.27051544189453 -0.11840670555830002
vt 0.9130210876464844 0.4330877661705017
vn 0.159463569521904 0.036425769329071045 0.9865314960479736
v 47.14502716064453 90.90960693359375 -0.8735725283622742
vt 0.9207236170768738 0.4330713748931885
vn 0.5499436259269714 -0.7418058514595032 0.38377878069877625
v 35.55759811401367 80.42408752441406 3.726649761199951
vt 0.9770169854164124 0.17548269033432007
vn 0.47098565101623535 -0.3529803454875946 -0.8084413409233093
v 35.64731979370117 71.25679016113281 6.325371265411377
vt 0.9770154356956482 0.21515297889709473
vn 0.6184150576591492 -0.08837226778268814 -0.780866801738739
v 46.00154113769531 57.437828063964844 10.485310554504395
vt 0.977023720741272 0.2945076823234558
vn 0.1956668198108673 0.15090687572956085 -0.9689898490905762
v 39.37472152709961 63.053077697753906 8.737510681152344
vt 0.9770212173461914 0.2548295855522156
vn 0.3696306347846985 0.04296635463833809 -0.9281848669052124
v 62.3890495300293 57.688377380371094 10.803370475769043
vt 0.9770135283470154 0.3738608956336975
vn -0.1624496728181839 0.1454303115606308 -0.9759406447410583
v 69.1942138671875 73.47699737548828 8.391810417175293
vt 0.920874834060669 0.12242847681045532
vn -0.9758973121643066 0.0670778825879097 -0.2076656073331833
v 62.345298767089844 59.47488784790039 15.170509338378906
vt 0.8979713320732117 0.19157516956329346
vn 0.40680068731307983 -0.8135166168212891 0.4155764579772949
v 53.812049865722656 96.72066497802734 -0.4559310972690582
vt 0.9769492149353027 0.056691110134124756
vn 0.024578826501965523 -0.53804612159729 -0.842556893825531
v 45.63827133178711 94.55548095703125 -0.03668822720646858
vt 0.9770789742469788 0.09621202945709229
vn 0.2033425271511078 -0.6333518624305725 -0.746670663356781
v 62.02577209472656 94.8060302734375 0.28136518597602844
vt 0.9768702387809753 0.01776111125946045
vn -0.15477359294891357 -0.6388265490531921 -0.7536218166351318
v 62.990386962890625 13.227859497070312 -6.558744430541992
vt 0.6761549115180969 0.20548737049102783
vn 0.3651483654975891 -0.18257416784763336 -0.9128708243370056
v 49.87290954589844 13.227859497070312 -6.558744430541992
vt 0.6425409913063049 0.20548731088638306
vn -0.4364358186721802 -0.2182178944349289 -0.8728715777397156
v 62.990386962890625 79.71820831298828 -6.558744430541992
vt 0.6761540174484253 0.37586766481399536
vn 0.2182179093360901 0.4364357888698578 -0.8728715777397156
v 49.87290954589844 97.77780151367188 -6.558744430541992
vt 0.6425409913063049 0.42214518785476685
vn -0.40824833512306213 0.40824833512306213 -0.8164965510368347
v 38.77608871459961 80.05094909667969 4.300717353820801
vt 0.8749815821647644 0.36442136764526367
vn 0.9823012351989746 -0.18498429656028748 -0.02941380999982357
v 38.815738677978516 73.01253509521484 7.802215576171875
vt 0.8749815225601196 0.32987141609191895
vn 0.9743089079856873 0.2148979753255844 0.06738637387752533
v 60.66471862792969 91.11629486083984 -0.6111786365509033
vt 0.8749815225601196 0.021139085292816162
vn -0.5414910912513733 -0.7584930062294006 0.3625958263874054
v 66.11042022705078 86.81080627441406 1.6771819591522217
vt 0.8749815821647644 0.053848862648010254
vn -0.8528615832328796 -0.47633281350135803 0.2138552963733673
v 61.57020950317383 94.22679901123047 1.9767190217971802
vt 0.985889196395874 0.018796980381011963
vn -0.5378290414810181 -0.8144055008888245 0.21790744364261627
v 53.78879165649414 96.04066467285156 1.2782269716262817
vt 0.9858893156051636 0.056687891483306885
vn 0.009415827691555023 -0.9620475769042969 0.27271926403045654
v 69.966064453125 81.29887390136719 5.96569299697876
vt 0.91299968957901 0.08817976713180542
vn -0.4703899621963501 0.2762983739376068 0.8380885720252991
v 61.174041748046875 62.40753936767578 15.123470306396484
vt 0.9132342338562012 0.19149166345596313
vn -0.20276400446891785 0.7608070969581604 0.616489589214325
v 41.21747970581055 65.58393859863281 10.118470191955566
vt 0.8827027082443237 0.2953028678894043
vn 0.3720966875553131 -0.13009688258171082 -0.91903156042099
v 46.965728759765625 61.03924560546875 12.533960342407227
vt 0.8827022314071655 0.2607526183128357
vn 0.19865171611309052 -0.03095228224992752 -0.9795812368392944
v 46.223548889160156 59.444549560546875 13.30700969696045
vt 0.8902385830879211 0.26068437099456787
vn -0.2212374359369278 -0.7380598783493042 -0.637433648109436
v 54.120330810546875 57.73789978027344 14.369089126586914
vt 0.8902420997619629 0.22613316774368286
vn 0.022609924897551537 -0.8825121521949768 -0.46974584460258484
v 62.149070739746094 94.30570983886719 -2.1572771072387695
vt 0.8984010219573975 0.017365872859954834
vn 0.3975650370121002 0.8258156776428223 -0.39996305108070374
v 68.80492401123047 89.0434341430664 0.6396079659461975
vt 0.8977459073066711 0.05370277166366577
vn 0.7674395442008972 0.5820732116699219 -0.2687513530254364
v 72.5739974975586 72.7465591430664 8.846375465393066
vt 0.897908627986908 0.1225733757019043
vn 0.9679484367370605 -0.1454208791255951 0.20476454496383667
v 68.94071960449219 64.93975830078125 12.630809783935547
vt 0.8980460166931152 0.15718531608581543
vn 0.7738653421401978 -0.5585067272186279 0.29866790771484375
v 39.67815017700195 88.62578582763672 1.503648042678833
vt 0.9056318402290344 0.3987889885902405
vn -0.4165478050708771 0.6024491786956787 0.6808397769927979
v 36.21001052856445 81.173828125 5.11605978012085
vt 0.9056847095489502 0.36429697275161743
vn -0.32235369086265564 0.4737062156200409 0.819567084312439
v 67.84825134277344 88.9070816040039 3.632534980773926
vt 0.9858891367912292 0.5320966243743896
vn -0.8505997657775879 -0.5108605027198792 0.12450534105300903
v 61.57020950317383 94.22679901123047 1.9767190217971802
vt 0.9858893156051636 0.5696589946746826
vn -0.5378290414810181 -0.8144055008888245 0.21790744364261627
v 71.37947082519531 81.13514709472656 5.917720317840576
vt 0.9858893156051636 0.49278491735458374
vn -0.9798462390899658 -0.13037322461605072 0.1513415277004242
v 53.922340393066406 92.88272094726562 -3.114899158477783
vt 0.8827580809593201 0.4678422212600708
vn 0.024607079103589058 -0.6842175722122192 -0.7288627624511719
v 46.796260833740234 91.12042236328125 -2.430943012237549
vt 0.8826631307601929 0.4334220290184021
vn 0.20276474952697754 -0.7608078718185425 -0.6164882779121399
v 53.912437438964844 94.63995361328125 -3.989098072052002
vt 0.8902904391288757 0.4678484797477722
vn 0.01674874685704708 0.1578657031059265 -0.9873185753822327
v 61.067039489746094 91.33859252929688 -2.1539700031280518
vt 0.8826847076416016 0.020222008228302002
vn -0.15535131096839905 -0.76628178358078 -0.6234406232833862
v 46.03623962402344 92.692138671875 -3.233146905899048
vt 0.890160322189331 0.4333053231239319
vn -0.225026473402977 -0.06520868092775345 -0.9721680879592896
v 39.74060821533203 87.47567749023438 -0.8088874816894531
vt 0.8902074098587036 0.39882731437683105
vn -0.37362077832221985 -0.18790604174137115 -0.9083494544029236
v 45.62500762939453 94.05307006835938 -2.4779810905456543
vt 0.8978366255760193 0.43324440717697144
vn -0.4068003296852112 0.8135164976119995 -0.41557732224464417
v 62.149070739746094 94.30570983886719 -2.1572771072387695
vt 0.898914098739624 0.5042176842689514
vn 0.3975650370121002 0.8258156776428223 -0.39996305108070374
v 71.46446990966797 72.4503402709961 8.37966537475586
vt 0.985889196395874 0.45316511392593384
vn -0.9767639636993408 0.10045919567346573 -0.18931420147418976
v 61.91436767578125 59.06270980834961 11.944931030273438
vt 0.9858893156051636 0.3738254904747009
vn -0.5536075234413147 0.7977178692817688 -0.23909224569797516
v 39.123321533203125 88.73928833007812 1.4560569524765015
vt 0.9770427346229553 0.13582956790924072
vn 0.37510979175567627 -0.5169224739074707 -0.7694697976112366
v 68.90399169921875 63.50457000732422 9.310623168945312
vt 0.9770185351371765 0.4135251045227051
vn -0.3344852924346924 0.032200247049331665 -0.9418506026268005
v 54.21525955200195 55.523189544677734 11.222610473632812
vt 0.977019727230072 0.33418506383895874
vn 0.019154176115989685 0.016241194680333138 -0.9996846318244934
v 39.8731575012207 88.47935485839844 3.089585065841675
vt 0.9331852197647095 0.13602447509765625
vn 0.8603439927101135 -0.48470112681388855 0.1577116847038269
v 45.933799743652344 58.24611282348633 13.338970184326172
vt 0.9419867396354675 0.29475468397140503
vn 0.15477393567562103 0.6388265490531921 0.7536216378211975
v 46.38935852050781 58.825340270996094 11.643619537353516
vt 0.9331222176551819 0.2947850823402405
vn 0.537828266620636 0.8144058585166931 -0.2179078757762909
v 72.40196990966797 72.6280517578125 9.893688201904297
vt 0.9420722126960754 0.4534226655960083
vn -0.6207150816917419 0.3233347237110138 0.7142599821090698
v 70.12579345703125 91.37472534179688 4.529757976531982
vt 0.9510514140129089 0.5320686101913452
vn 0.3713687062263489 0.4770691990852356 0.7965489029884338
v 35.48986053466797 81.23237609863281 6.5803070068359375
vt 0.9419606924057007 0.17568516731262207
vn 0.5846676826477051 0.10676627606153488 0.8042166829109192
v 53.79083251953125 98.88896179199219 -1.0705920457839966
vt 0.9683002829551697 0.05671048164367676
vn 0.013114189729094505 0.3372206687927246 -0.9413343071937561
v 61.958030700683594 95.61431121826172 3.135021924972534
vt 0.9404348134994507 0.019140183925628662
vn -0.19566693902015686 -0.1509052813053131 0.9689902663230896
v 44.75665283203125 96.49585723876953 -0.6072182059288025
vt 0.968481183052063 0.09636038541793823
vn -0.2278718501329422 0.11424387991428375 -0.9669656753540039
v 54.168739318847656 54.163177490234375 14.690929412841797
vt 0.9506279826164246 0.3343321681022644
vn -0.013113894499838352 -0.337214857339859 0.9413363933563232
v 37.5559196472168 90.06744384765625 1.042659044265747
vt 0.9684019684791565 0.13594788312911987
vn -0.37585586309432983 -0.01868537627160549 -0.9264897108078003
v 44.68889617919922 97.30413818359375 2.246438980102539
vt 0.9508572220802307 0.0964655876159668
vn -0.2686901390552521 0.6012766361236572 0.7525104284286499
v 32.7135009765625 70.89274597167969 7.90093994140625
vt 0.9594836831092834 0.21526676416397095
vn -0.9648041129112244 -0.2584356367588043 -0.048620905727148056
v 75.34996032714844 71.54461669921875 8.728442192077637
vt 0.9595726132392883 0.45325732231140137
vn 0.9690654277801514 -0.17695535719394684 0.17204312980175018
v 70.19352722167969 90.56644439697266 1.6761010885238647
vt 0.9684672355651855 0.5323436856269836
vn 0.41190946102142334 -0.00664123659953475 -0.9112005829811096
v 37.029441833496094 61.39373016357422 10.693940162658691
vt 0.9594987034797668 0.25494980812072754
vn -0.7646549940109253 -0.6245791912078857 0.15875603258609772
v 37.833778381347656 61.67741775512695 9.090580940246582
vt 0.9683654308319092 0.25493520498275757
vn -0.37136951088905334 -0.47706928849220276 -0.7965484857559204
v 62.86914825439453 96.77277374267578 -0.2556847035884857
vt 0.9682605862617493 0.5729987025260925
vn 0.261614590883255 0.12172865867614746 -0.9574653506278992
v 33.61486053466797 80.876953125 3.5522608757019043
vt 0.9683564901351929 0.17558568716049194
vn -0.44403526186943054 -0.18840113282203674 -0.8759781122207642
v 45.15816116333008 55.4710807800293 11.022359848022461
vt 0.9683691263198853 0.29461508989334106
vn -0.2207958996295929 -0.6087602972984314 -0.7620105147361755
v 72.46971130371094 71.81977081298828 7.0400309562683105
vt 0.9770535826683044 0.45315927267074585
vn -0.43058985471725464 -0.12902262806892395 -0.8932780027389526
v 72.37998962402344 80.987060546875 4.441310882568359
vt 0.9771085381507874 0.4927324056625366
vn -0.5823690295219421 -0.34172844886779785 -0.7376095056533813
v 68.652587890625 89.19076538085938 2.0291709899902344
vt 0.9767873883247375 0.5315545797348022
vn -0.32900577783584595 -0.5276879072189331 -0.7831351161003113
v 45.941246032714844 111.218994140625 -9.740715026855469
vt 0.7035549283027649 0.07405740022659302
vn -0.4154646098613739 0.35881277918815613 -0.8358483910560608
v 62.02577209472656 94.8060302734375 0.28136518597602844
vt 0.9770663380622864 0.5707452893257141
vn -0.15477359294891357 -0.6388265490531921 -0.7536218166351318
v 55.84529113769531 104.13079071044922 -5.957283020019531
vt 0.6797904372215271 0.04117351770401001
vn 0.9377124905586243 -0.030743727460503578 -0.34604912996292114
v 62.86914825439453 96.77277374267578 -0.2556847035884857
vt 0.9677857160568237 0.015643775463104248
vn 0.261614590883255 0.12172865867614746 -0.9574653506278992
v 57.521209716796875 101.58720397949219 -1.2971620559692383
vt 0.6713896989822388 0.018519878387451172
vn 0.502514660358429 -0.717705488204956 -0.4820558428764343
v 68.08641052246094 64.5727767944336 10.530749320983887
vt 0.9330980181694031 0.413896381855011
vn -0.8603434562683105 0.4847014546394348 -0.15771350264549255
v 68.5848388671875 89.9990463256836 4.8828277587890625
vt 0.9424176216125488 0.5318019390106201
vn -0.36963188648223877 -0.04296720400452614 0.9281841516494751
v 54.14752197265625 56.33146667480469 14.07627010345459
vt 0.9419739246368408 0.3344382047653198
vn -0.024578839540481567 0.5380449295043945 0.8425576686859131
v 71.46446990966797 72.4503402709961 8.37966537475586
vt 0.933098316192627 0.45315736532211304
vn -0.9767639636993408 0.10045919567346573 -0.18931420147418976
v 36.49509811401367 80.60179138183594 5.240673065185547
vt 0.9330949187278748 0.1756923794746399
vn 0.9828115701675415 -0.1726197898387909 -0.06545083969831467
v 61.57020950317383 94.22679901123047 1.9767190217971802
vt 0.9316005110740662 0.020843088626861572
vn -0.5378290414810181 -0.8144055008888245 0.21790744364261627
v 63.20293045043945 56.55628967285156 14.227550506591797
vt 0.9506089687347412 0.37402158975601196
vn 0.22787261009216309 -0.1142449676990509 0.9669654369354248
v 37.48817825317383 90.87571716308594 3.8963160514831543
vt 0.9506922960281372 0.13596570491790771
vn -0.4163951575756073 0.46502485871315 0.7812597751617432
v 75.2460708618164 82.15938568115234 5.719397068023682
vt 0.9597371220588684 0.4927343726158142
vn 0.9691497087478638 0.20658890902996063 -0.13442444801330566
v 44.702598571777344 54.891849517822266 12.717720031738281
vt 0.959505021572113 0.2946317195892334
vn -0.393562376499176 -0.886909008026123 0.24187001585960388
v 63.2569694519043 98.1602783203125 0.902618408203125
vt 0.9584103226661682 0.014836788177490234
vn 0.393560528755188 0.8869097828865051 -0.24187029898166656
v 54.236480712890625 53.354896545410156 11.837270736694336
vt 0.9683620929718018 0.33429616689682007
vn 0.024055542424321175 -0.7807104587554932 -0.6244295835494995
v 52.016319274902344 114.89968872070312 -10.26321029663086
vt 0.7224879264831543 0.059794485569000244
vn -0.4722993075847626 0.6628682017326355 -0.5809811353683472
v 45.308982849121094 97.30266571044922 -5.245755195617676
vt 0.6523343920707703 0.05661410093307495
vn 0.05510195344686508 -0.5259864926338196 -0.8487060070037842
v 54.1048469543457 112.14099884033203 -10.71343994140625
vt 0.7139068245887756 0.050039589405059814
vn -0.07154207676649094 0.006771229673177004 -0.9974145889282227
v 31.447078704833984 95.57644653320312 -0.11402419954538345
vt 0.624627411365509 0.09829741716384888
vn -0.9777559041976929 -0.17491455376148224 -0.11575140058994293
v 61.57020950317383 94.22679901123047 1.9767190217971802
vt 0.9318519830703735 0.5685862302780151
vn -0.5378290414810181 -0.8144055008888245 0.21790744364261627
v 54.170780181884766 57.011470794677734 12.342109680175781
vt 0.9331095218658447 0.33446717262268066
vn -0.009415819309651852 0.9620479345321655 -0.27271783351898193
v 72.31224822998047 81.79535675048828 7.294968605041504
vt 0.9423009753227234 0.4927743077278137
vn -0.46866050362586975 0.11527355760335922 0.8758248686790466
v 35.5795783996582 72.06507110595703 9.179027557373047
vt 0.9419584274291992 0.21538138389587402
vn 0.42826318740844727 0.36672890186309814 0.8258937001228333
v 53.74431228637695 97.52896118164062 2.397726058959961
vt 0.9423397183418274 0.057432711124420166
vn -0.01915384829044342 -0.016238834708929062 0.9996846914291382
v 70.40365600585938 62.98469924926758 12.577680587768555
vt 0.9506189823150635 0.41369569301605225
vn 0.3758569359779358 0.018684128299355507 0.9264892935752869
v 33.54711151123047 81.68522644042969 6.405918121337891
vt 0.9506170153617859 0.17559510469436646
vn -0.3213382065296173 0.31327980756759644 0.893642783164978
v 63.2569694519043 98.1602783203125 0.902618408203125
vt 0.9590322375297546 0.5740914344787598
vn 0.393560528755188 0.8869097828865051 -0.24187029898166656
v 54.213218688964844 52.67490005493164 13.571430206298828
vt 0.9594948887825012 0.33431339263916016
vn 0.00941590964794159 -0.9620477557182312 0.272718608379364
v 53.74635314941406 100.377197265625 0.048906709998846054
vt 0.9595668315887451 0.05676311254501343
vn -0.009415052831172943 0.9620471596717834 -0.2727210521697998
v 63.270668029785156 55.74800109863281 11.373900413513184
vt 0.9683505892753601 0.3739737868309021
vn 0.26869088411331177 -0.6012768745422363 -0.7525100708007812
v 40.64299011230469 82.36385345458984 5.190820217132568
vt 0.5881856083869934 0.048645079135894775
vn 0.07346509397029877 -0.5659095048904419 -0.8211877346038818
v 40.43894958496094 86.91558837890625 1.5482189655303955
vt 0.6071138978004456 0.05532008409500122
vn 0.05256370082497597 -0.6054601073265076 -0.7941378951072693
v 43.06142807006836 77.22960662841797 8.671072006225586
vt 0.5690444111824036 0.03596240282058716
vn 0.12215833365917206 -0.43787452578544617 -0.8906981348991394
v 41.92083740234375 91.95972442626953 -2.027022123336792
vt 0.6288281083106995 0.059590160846710205
vn 0.0044875722378492355 -0.6017529964447021 -0.7986695766448975
v 67.84825134277344 88.9070816040039 3.632534980773926
vt 0.9335392117500305 0.5314856767654419
vn -0.8505997657775879 -0.5108605027198792 0.12450534105300903
v 71.37947082519531 81.13514709472656 5.917720317840576
vt 0.9334408044815063 0.4928191900253296
vn -0.9798462390899658 -0.13037322461605072 0.1513415277004242
v 62.321311950683594 58.49666213989258 13.65703010559082
vt 0.9419525861740112 0.3741369843482971
vn -0.20334210991859436 0.6333499550819397 0.7466724514961243
v 36.580101013183594 71.9169921875 7.70261812210083
vt 0.9330928325653076 0.21541106700897217
vn 0.9737985730171204 0.20253358781337738 0.10342293977737427
v 53.78879165649414 96.04066467285156 1.2782269716262817
vt 0.9335163831710815 0.05781668424606323
vn 0.009415827691555023 -0.9620475769042969 0.27271926403045654
v 74.34471130371094 72.17518615722656 10.06808090209961
vt 0.9507189989089966 0.4532848000526428
vn 0.27784767746925354 0.2056257277727127 0.9383595585823059
v 33.64628219604492 71.55294799804688 9.278188705444336
vt 0.9506152272224426 0.21527791023254395
vn -0.4832334518432617 0.1742238998413086 0.8579809069633484
v 70.93013000488281 91.65841674804688 2.9263930320739746
vt 0.959781289100647 0.5322914123535156
vn 0.7646543979644775 0.6245797872543335 -0.15875644981861115
v 63.6776123046875 55.18196105957031 13.085989952087402
vt 0.9594789743423462 0.3739975690841675
vn 0.4108028709888458 -0.8746107220649719 0.25748211145401
v 44.281959533691406 97.87017822265625 0.5343452095985413
vt 0.9596723318099976 0.09641510248184204
vn -0.4108004868030548 0.8746117949485779 -0.2574824094772339
v 70.47138977050781 62.17641830444336 9.724020004272461
vt 0.9683585166931152 0.4136350154876709
vn 0.41639605164527893 -0.46502548456192017 -0.7812590003013611
v 34.074119567871094 84.7392578125 6.257183074951172
vt 0.5810161232948303 0.07140141725540161
vn -0.7376076579093933 -0.542341411113739 -0.40224456787109375
v 32.515560150146484 89.56636047363281 3.65767502784729
vt 0.6013365983963013 0.08724451065063477
vn -0.8517817854881287 -0.40509480237960815 -0.3322138786315918
v 37.506229400634766 78.29312896728516 9.54414176940918
vt 0.5651547908782959 0.05452066659927368
vn -0.7767849564552307 -0.5547088980674744 -0.2981666624546051
v 50.290863037109375 100.48089599609375 -7.1872639656066895
vt 0.6701629757881165 0.04788351058959961
vn 0.2886601686477661 -0.616435706615448 -0.7325860261917114
v 41.273780822753906 70.85686492919922 13.695098876953125
vt 0.2621881067752838 0.06770080327987671
vn -0.048528846353292465 0.29645851254463196 0.9538119435310364
v 61.958030700683594 95.61431121826172 3.135021924972534
vt 0.9407814145088196 0.5702196955680847
vn -0.19566693902015686 -0.1509052813053131 0.9689902663230896
v 61.91436767578125 59.06270980834961 11.944931030273438
vt 0.9330875277519226 0.374176025390625
vn -0.5536075234413147 0.7977178692817688 -0.23909224569797516
v 39.30698013305664 63.861358642578125 11.591169357299805
vt 0.9419785141944885 0.2550736665725708
vn 0.3290058970451355 0.5276883840560913 0.7831348180770874
v 45.57052230834961 95.36376190185547 2.8169679641723633
vt 0.942243218421936 0.09659337997436523
vn 0.16244980692863464 -0.14543093740940094 0.9759405255317688
v 74.24553680419922 82.3074722290039 7.19580602645874
vt 0.950924813747406 0.4927017092704773
vn 0.44287097454071045 0.3073594570159912 0.8422560691833496
v 37.76604080200195 62.48569869995117 11.94424057006836
vt 0.9506329894065857 0.25496548414230347
vn -0.41190996766090393 0.006640590727329254 0.9112002849578857
v 62.80139923095703 97.5810546875 2.5979721546173096
vt 0.9491916298866272 0.016396701335906982
vn 0.22079579532146454 0.6087611317634583 0.762009859085083
v 71.22122192382812 61.91648864746094 11.357549667358398
vt 0.9594883322715759 0.413662314414978
vn 0.7766501903533936 -0.6010140180587769 0.18867087364196777
v 36.73834991455078 91.13566589355469 2.2627880573272705
vt 0.9595484137535095 0.13596266508102417
vn -0.7766501307487488 0.6010143160820007 -0.18867027759552002
v 74.41246032714844 71.36691284179688 7.214419364929199
vt 0.9684216380119324 0.45324599742889404
vn 0.4843974709510803 -0.29318225383758545 -0.824259340763092
v 41.524436950683594 70.66078186035156 12.723560333251953
vt 0.5431395769119263 0.03627002239227295
vn -0.42631298303604126 -0.5961573719978333 -0.6803333759307861
v 37.09048080444336 91.99256134033203 4.6859049797058105
vt 0.29021531343460083 0.20722109079360962
vn -0.20793960988521576 0.49606961011886597 0.8430160284042358
v 31.042789459228516 101.47689819335938 -4.1250319480896
vt 0.648796796798706 0.10722917318344116
vn -0.23349900543689728 -0.44010740518569946 -0.8670545816421509
v 54.5628776550293 108.1514892578125 -9.887510299682617
vt 0.6970133185386658 0.04866158962249756
vn -0.10276836901903152 -0.24268126487731934 -0.9646471738815308
v 45.941246032714844 111.218994140625 -9.740715026855469
vt 0.7035549283027649 0.07405740022659302
vn -0.11311399191617966 -0.3007332384586334 -0.9469764828681946
v 68.83624267578125 64.31285095214844 12.16427993774414
vt 0.9419634938240051 0.41382771730422974
vn -0.3751107454299927 0.5169231295585632 0.7694687843322754
v 40.1113166809082 64.14505767822266 9.987804412841797
vt 0.9331138134002686 0.25510841608047485
vn 0.850600004196167 0.5108599662780762 -0.124505914747715
v 39.055580139160156 89.54757690429688 4.309714317321777
vt 0.9420458078384399 0.13604629039764404
vn 0.3344852924346924 -0.03220022842288017 0.9418507218360901
v 46.045196533203125 93.98944091796875 1.6754040718078613
vt 0.9334006309509277 0.09660589694976807
vn 0.553607165813446 -0.7977182269096375 0.23909133672714233
v 62.80139923095703 97.5810546875 2.5979721546173096
vt 0.9497374296188354 0.5728185176849365
vn 0.22079579532146454 0.6087611317634583 0.762009859085083
v 45.090415954589844 56.27935791015625 13.876019477844238
vt 0.9506394863128662 0.2946472764015198
vn -0.26161473989486694 -0.12172827869653702 0.9574652910232544
v 53.72309112548828 99.69723510742188 1.7830650806427002
vt 0.9508739113807678 0.05698370933532715
vn -0.02405492030084133 0.7807154059410095 0.624423623085022
v 32.60961151123047 81.50752258300781 4.891895294189453
vt 0.9594858884811401 0.17559301853179932
vn -0.9734109044075012 0.22880153357982635 0.011001666076481342
v 74.31328582763672 81.49918365478516 4.342149257659912
vt 0.9685335159301758 0.4927747845649719
vn 0.3201942443847656 -0.1964818388223648 -0.9267525672912598
v 33.71403121948242 70.74467468261719 6.42453145980835
vt 0.9683545827865601 0.21525579690933228
vn -0.2767038345336914 -0.3224230110645294 -0.9052504301071167
v 39.29309844970703 87.30304718017578 7.865877151489258
vt 0.2915232181549072 0.17029738426208496
vn -0.7315883040428162 0.24356968700885773 0.6367514133453369
v 45.25945281982422 64.41600799560547 15.637399673461914
vt 0.5241608023643494 0.018769383430480957
vn 0.026130452752113342 -0.40981802344322205 -0.9117928743362427
v 37.500709533691406 106.19029998779297 -7.135540962219238
vt 0.6755362153053284 0.09366756677627563
vn -0.5958008766174316 0.5053550004959106 -0.6242097020149231
v 56.0285530090332 118.18359375 -9.688211441040039
vt 0.7360095977783203 0.05012708902359009
vn -0.2962639331817627 0.5040252208709717 -0.8112868666648865
v 54.5628776550293 108.1514892578125 -9.887510299682617
vt 0.6970133185386658 0.04866158962249756
vn 0.9699931144714355 0.22642108798027039 0.08858246356248856
v 46.25196838378906 74.06877136230469 16.15167999267578
vt 0.2998126149177551 0.06341379880905151
vn -0.41234132647514343 -0.05128013342618942 0.9095849990844727
v 66.28675842285156 98.45592498779297 -0.05002402514219284
vt 0.6701629757881165 0.04788351058959961
vn 0.22311075031757355 -0.6081370711326599 -0.7618338465690613
v 51.49501037597656 92.34844970703125 9.587428092956543
vt 0.6233623027801514 0.01254647970199585
vn 0.2821866273880005 -0.5475184917449951 -0.7877779603004456
v 54.46525955200195 75.78594207763672 13.759369850158691
vt 0.5690444111824036 0.03596240282058716
vn 0.4839863181114197 -0.4836804270744324 -0.7292534112930298
v 41.273780822753906 70.85686492919922 13.695098876953125
vt 0.2621881067752838 0.06770080327987671
vn -0.8688645362854004 -0.33564311265945435 0.36389297246932983
v 44.8292121887207 90.25320434570312 23.932281494140625
vt 0.3579986095428467 0.12206047773361206
vn -0.4071905016899109 0.002620166866108775 0.9133395552635193
v 31.850181579589844 102.13580322265625 -2.6857450008392334
vt 0.2714216113090515 0.27841711044311523
vn -0.5219323635101318 0.6320324540138245 0.5728188157081604
v 41.524436950683594 70.66078186035156 12.723560333251953
vt 0.2564525902271271 0.06804227828979492
vn -0.42631298303604126 -0.5961573719978333 -0.6803333759307861
v 55.1768684387207 118.26679229736328 -8.540316581726074
vt 0.3858596086502075 0.3840590715408325
vn -0.6029379367828369 0.7302866578102112 -0.32116538286209106
v 37.59170913696289 78.96768188476562 10.986800193786621
vt 0.2626596987247467 0.12258410453796387
vn -0.5147683024406433 0.15743078291416168 0.8427508473396301
v 56.0285530090332 118.18359375 -9.688211441040039
vt 0.3905180096626282 0.39034587144851685
vn -0.2962639331817627 0.5040252208709717 -0.8112868666648865
v 52.01155090332031 115.29119873046875 -8.7681884765625
vt 0.374220609664917 0.3702545166015625
vn 0.16578151285648346 -0.18838462233543396 0.9680018424987793
v 40.168399810791016 92.3763656616211 4.7990899085998535
vt 0.30746620893478394 0.20655357837677002
vn -0.7729383111000061 0.49290648102760315 0.39951175451278687
v 42.624977111816406 93.63484191894531 20.079879760742188
vt 0.35547271370887756 0.14698970317840576
vn -0.7785283923149109 0.217861607670784 0.5885828733444214
v 33.750328063964844 96.11088562011719 1.0830680131912231
vt 0.2780056893825531 0.23989111185073853
vn -0.02409154176712036 0.5462675094604492 0.8372642993927002
v 42.5770378112793 101.56879425048828 12.90861988067627
vt 0.3725269138813019 0.1932327151298523
vn -0.7199230790138245 0.6613439321517944 0.21055889129638672
v 52.016319274902344 114.89968872070312 -10.26321029663086
vt 0.3674505054950714 0.3763201832771301
vn -0.4722993075847626 0.6628682017326355 -0.5809811353683472
v 42.1480712890625 71.02708435058594 13.947479248046875
vt 0.26705029606819153 0.06558060646057129
vn -0.43589797616004944 0.1444883793592453 0.8883220553398132
v 54.1048469543457 112.14099884033203 -10.71343994140625
vt 0.3951162099838257 0.35743004083633423
vn 0.8274619579315186 0.013570302166044712 0.5613577365875244
v 46.164039611816406 111.53720092773438 -8.183286666870117
vt 0.34720349311828613 0.34271901845932007
vn -0.5427707433700562 0.8120583295822144 -0.21438544988632202
v 56.0285530090332 118.18359375 -9.688211441040039
vt 0.3905180096626282 0.39034587144851685
vn 0.6985649466514587 -0.3488285541534424 0.6247605085372925
v 54.5628776550293 108.1514892578125 -9.887510299682617
vt 0.40072351694107056 0.33762478828430176
vn 0.9699931144714355 0.22642108798027039 0.08858246356248856
v 31.447078704833984 95.57644653320312 -0.11402419954538345
vt 0.2576233148574829 0.24295508861541748
vn -0.9777559041976929 -0.17491455376148224 -0.11575140058994293
v 72.24209594726562 90.41199493408203 18.088380813598633
vt 0.47942569851875305 0.022212982177734375
vn 0.6801037192344666 -0.3848651349544525 0.6239694356918335
v 31.042789459228516 101.47689819335938 -4.1250319480896
vt 0.26222848892211914 0.2822195887565613
vn -0.8097728490829468 0.5508469939231873 0.2020777463912964
v 76.67840576171875 95.69967651367188 16.23720932006836
vt 0.5186246037483215 0.02696859836578369
vn 0.4894358217716217 0.38637539744377136 0.7817715406417847
v 31.78915023803711 96.49085998535156 1.234605073928833
vt 0.26704978942871094 0.24242031574249268
vn -0.4112880229949951 0.4763237535953522 0.7771472334861755
v 75.2371597290039 96.64323425292969 16.673179626464844
vt 0.5147737860679626 0.03614085912704468
vn 0.0481441430747509 0.5598659515380859 0.827183187007904
v 57.63397979736328 75.74504852294922 18.52499008178711
vt 0.5651547908782959 0.05452066659927368
vn 0.6051447987556458 -0.7296547889709473 0.3184393644332886
v 63.6080322265625 81.00039672851562 19.434968948364258
vt 0.5810161232948303 0.07140141725540161
vn 0.6588518023490906 -0.719125509262085 0.2208450585603714
v 67.10865020751953 106.56319427490234 -4.2896881103515625
vt 0.6970133185386658 0.04866158962249756
vn 0.7242557406425476 -0.347377747297287 -0.5956359505653381
v 75.70004272460938 101.35440063476562 9.908679962158203
vt 0.6755362153053284 0.09366756677627563
vn 0.9485712647438049 0.3098451495170593 0.0648731142282486
v 67.10865020751953 106.56319427490234 -4.2896881103515625
vt 0.6970133185386658 0.04866158962249756
vn -0.6444103121757507 0.43078121542930603 -0.6317933201789856
v 73.20905303955078 107.76699829101562 2.4259510040283203
vt 0.7035549283027649 0.07405740022659302
vn 0.7058631181716919 -0.40441209077835083 -0.5815564393997192
v 37.506229400634766 78.29312896728516 9.54414176940918
vt 0.25382480025291443 0.12250161170959473
vn -0.7767849564552307 -0.5547088980674744 -0.2981666624546051
v 53.26319885253906 113.17030334472656 -9.395298957824707
vt 0.3852854073047638 0.36013108491897583
vn 0.45896491408348083 -0.09933696687221527 0.8828834891319275
v 55.1768684387207 118.26679229736328 -8.540316581726074
vt 0.3858596086502075 0.3840590715408325
vn 0.46360111236572266 -0.31312695145606995 0.8288699984550476
v 43.52997589111328 97.8708724975586 2.1001570224761963
vt 0.33782321214675903 0.2417144775390625
vn -0.53316330909729 0.8007546663284302 0.27299943566322327
v 41.18434143066406 96.33522033691406 17.199689865112305
vt 0.35602739453315735 0.16575318574905396
vn -0.8209482431411743 0.3535044193267822 0.4484178423881531
v 52.01155090332031 115.29119873046875 -8.7681884765625
vt 0.374220609664917 0.3702545166015625
vn -0.60565185546875 0.7692976593971252 -0.2033882439136505
v 55.84529113769531 104.13079071044922 -5.957283020019531
vt 0.4109269976615906 0.3096945881843567
vn 0.9377124905586243 -0.030743727460503578 -0.34604912996292114
v 67.83039093017578 116.6648941040039 -2.8944180011749268
vt 0.6199235916137695 0.15086156129837036
vn 0.7774872183799744 0.555533230304718 0.29478228092193604
v 68.84237670898438 110.27529907226562 -4.137669086456299
vt 0.5932596325874329 0.1600016951560974
vn -0.943922221660614 0.23782116174697876 -0.22902421653270721
v 71.22122955322266 91.49893951416016 18.82887077331543
vt 0.47883281111717224 0.03163480758666992
vn -0.20585542917251587 0.4502415955066681 0.8688532710075378
v 63.40850830078125 84.00775146484375 11.797050476074219
vt 0.6071138978004456 0.05532008409500122
vn 0.4231070876121521 -0.6523684859275818 -0.6288049817085266
v 68.10594940185547 116.65470123291016 -4.299373149871826
vt 0.7360095977783203 0.05012708902359009
vn 0.8922055959701538 0.3535757064819336 -0.2809865176677704
v 76.67840576171875 95.69967651367188 16.23720932006836
vt 0.648796796798706 0.10722917318344116
vn 0.6958894729614258 -0.5577641725540161 -0.45236819982528687
v 57.521209716796875 101.58720397949219 -1.2971620559692383
vt 0.6713896989822388 0.018519878387451172
vn 0.2051544487476349 0.39170554280281067 -0.8969271779060364
v 57.63397979736328 75.74504852294922 18.52499008178711
vt 0.3591949939727783 0.017786800861358643
vn 0.6051447987556458 -0.7296547889709473 0.3184393644332886
v 34.34056854248047 85.57051086425781 7.474076271057129
vt 0.2619028091430664 0.17125868797302246
vn -0.6644106507301331 0.11223632842302322 0.7388920187950134
v 46.164039611816406 111.53720092773438 -8.183286666870117
vt 0.34720349311828613 0.34271901845932007
vn -0.15612506866455078 0.5669503211975098 0.8088215589523315
v 32.515560150146484 89.56636047363281 3.65767502784729
vt 0.25496309995651245 0.2032541036605835
vn -0.8517817854881287 -0.40509480237960815 -0.3322138786315918
v 43.54288101196289 77.98477935791016 13.298100471496582
vt 0.29054391384124756 0.09698230028152466
vn -0.7173954844474792 -0.020249120891094208 0.696371853351593
v 57.14147186279297 102.53109741210938 -0.17827680706977844
vt 0.41748300194740295 0.2788040041923523
vn 0.15150199830532074 0.9866564869880676 -0.05963164567947388
v 37.500709533691406 106.19029998779297 -7.135540962219238
vt 0.296967089176178 0.31493932008743286
vn -0.5958008766174316 0.5053550004959106 -0.6242097020149231
v 57.521209716796875 101.58720397949219 -1.2971620559692383
vt 0.42383530735969543 0.283583402633667
vn 0.2051544487476349 0.39170554280281067 -0.8969271779060364
v 67.10865020751953 106.56319427490234 -4.2896881103515625
vt 0.5734425783157349 0.1655086874961853
vn -0.6444103121757507 0.43078121542930603 -0.6317933201789856
v 68.10594940185547 116.65470123291016 -4.299373149871826
vt 0.6261904835700989 0.1555469036102295
vn -0.982738733291626 -0.13598214089870453 -0.12543298304080963
v 56.05392074584961 77.20933532714844 18.63072967529297
vt 0.3586510121822357 0.033399105072021484
vn -0.43234983086586 0.32536664605140686 0.8409578800201416
v 67.5296630859375 85.13375091552734 19.28067970275879
vt 0.6013365983963013 0.08724451065063477
vn 0.7097676396369934 -0.6027798652648926 0.3645356595516205
v 67.4166259765625 94.50393676757812 4.618491172790527
vt 0.6523343920707703 0.05661410093307495
vn 0.47810065746307373 -0.5795363187789917 -0.6599676609039307
v 70.43560791015625 112.56790161132812 -2.044666051864624
vt 0.7224879264831543 0.059794485569000244
vn 0.8698721528053284 0.4929528832435608 0.017882956191897392
v 62.55615997314453 103.28129577636719 -2.962946891784668
vt 0.6797904372215271 0.04117351770401001
vn -0.3579559028148651 0.13324964046478271 -0.9241818785667419
v 56.65983200073242 76.55374145507812 19.494840621948242
vt 0.3591955900192261 0.02662348747253418
vn -0.2536051273345947 0.12436697632074356 0.9592795372009277
v 34.074119567871094 84.7392578125 6.257183074951172
vt 0.2535555064678192 0.17052370309829712
vn -0.7376076579093933 -0.542341411113739 -0.40224456787109375
v 47.29145050048828 109.59458923339844 -7.999436378479004
vt 0.3554868996143341 0.33279961347579956
vn 0.1216641366481781 0.4204324185848236 0.8991298675537109
v 32.691619873046875 90.67687225341797 4.780745029449463
vt 0.2637489140033722 0.20526236295700073
vn -0.5807000994682312 0.314530611038208 0.7509046792984009
v 40.661842346191406 82.76759338378906 10.41908073425293
vt 0.2865419089794159 0.13618391752243042
vn -0.7152379751205444 0.09503661096096039 0.6923890709877014
v 47.522911071777344 105.27420043945312 12.337980270385742
vt 0.4042428135871887 0.20034688711166382
vn -0.5450618863105774 0.8251846432685852 0.1482488363981247
v 45.941246032714844 111.218994140625 -9.740715026855469
vt 0.34089651703834534 0.34915077686309814
vn -0.4154646098613739 0.35881277918815613 -0.8358483910560608
v 38.75429916381836 79.3993911743164 10.91176986694336
vt 0.2694368064403534 0.12209826707839966
vn -0.2705347537994385 0.30488264560699463 0.9131579399108887
v 62.55615997314453 103.28129577636719 -2.962946891784668
vt 0.5455291271209717 0.17559701204299927
vn -0.3579559028148651 0.13324964046478271 -0.9241818785667419
v 57.521209716796875 101.58720397949219 -1.2971620559692383
vt 0.5194281339645386 0.18844127655029297
vn 0.2051544487476349 0.39170554280281067 -0.8969271779060364
v 55.88542938232422 80.84036254882812 17.21173095703125
vt 0.3725810945034027 0.05059927701950073
vn -0.026691382750868797 0.007870855741202831 0.9996126890182495
v 48.577972412109375 74.689697265625 11.114850044250488
vt 0.5628008246421814 0.016929566860198975
vn 0.3312983810901642 -0.3980677127838135 -0.8554432988166809
v 59.65313720703125 79.9572525024414 13.672989845275879
vt 0.5881856083869934 0.048645079135894775
vn 0.4377116560935974 -0.6120217442512512 -0.6586636304855347
v 73.20905303955078 107.76699829101562 2.4259510040283203
vt 0.7035549283027649 0.07405740022659302
vn 0.9569792747497559 0.18506033718585968 -0.2234800010919571
v 72.24209594726562 90.41199493408203 18.088380813598633
vt 0.624627411365509 0.09829741716384888
vn 0.6801037192344666 -0.3848651349544525 0.6239694356918335
v 50.602420806884766 69.67589569091797 17.857471466064453
vt 0.30435851216316223 0.02578258514404297
vn -0.6073583364486694 0.36719921231269836 0.7044717073440552
v 45.0643196105957 64.56034851074219 16.11566925048828
vt 0.2613077163696289 0.02464139461517334
vn -0.8155545592308044 -0.5545454621315002 -0.16537782549858093
v 38.03219223022461 106.83070373535156 -5.591552734375
vt 0.30482351779937744 0.30882197618484497
vn -0.2735024690628052 0.769942581653595 0.5765281915664673
v 34.535560607910156 90.50254821777344 4.675755023956299
vt 0.2735869884490967 0.20265889167785645
vn -0.04739070683717728 0.4894479215145111 0.8707438111305237
v 44.173095703125 91.07359313964844 22.913410186767578
vt 0.35663700103759766 0.1285526156425476
vn -0.7636174559593201 0.16060712933540344 0.6253747940063477
v 49.070556640625 101.01539611816406 -0.21668380498886108
vt 0.3720158040523529 0.26692402362823486
vn -0.28090429306030273 0.9470757842063904 0.15537044405937195
v 39.65753936767578 97.74295806884766 1.0145460367202759
vt 0.3141361176967621 0.24514251947402954
vn -0.13814310729503632 0.6052408218383789 0.783964216709137
v 46.869789123535156 103.75419616699219 -3.1880550384521484
vt 0.3572683036327362 0.289129376411438
vn -0.059483908116817474 0.6809678077697754 0.7298935055732727
v 66.24153900146484 101.30179595947266 5.455465793609619
vt 0.525079607963562 0.12193381786346436
vn -0.3557126224040985 0.7184627056121826 0.5977289080619812
v 62.53678894042969 104.10029602050781 -1.7263280153274536
vt 0.5427256226539612 0.16767090559005737
vn -0.492666095495224 0.8701493740081787 -0.010961501859128475
v 50.91352844238281 77.05168151855469 16.586820602416992
vt 0.33340081572532654 0.054356515407562256
vn -0.052245937287807465 -0.104453906416893 0.9931564331054688
v 51.113162994384766 69.4468994140625 17.00196075439453
vt 0.5431395769119263 0.03627002239227295
vn 0.6507910490036011 -0.7325124144554138 -0.19974105060100555
v 68.84237670898438 110.27529907226562 -4.137669086456299
vt 0.7139068245887756 0.050039589405059814
vn 0.7801275849342346 -0.1010453924536705 -0.61740642786026
v 66.12801361083984 88.89520263671875 8.774020195007324
vt 0.6288281083106995 0.059590160846710205
vn 0.45826131105422974 -0.6591989398002625 -0.5961991548538208
v 59.589683532714844 84.73359680175781 16.922039031982422
vt 0.40662041306495667 0.055775463581085205
vn 0.05567902326583862 0.14390559494495392 0.9880236983299255
v 64.32495880126953 88.54480743408203 16.837709426879883
vt 0.4435183107852936 0.054649412631988525
vn -0.38143405318260193 0.5180330276489258 0.7656042575836182
v 45.25945281982422 64.41600799560547 15.637399673461914
vt 0.25831639766693115 0.0243796706199646
vn -0.01556429360061884 -0.9998679161071777 -0.00468182098120451
v 38.313148498535156 104.83869934082031 -4.9471540451049805
vt 0.3074701130390167 0.29745280742645264
vn 0.035739149898290634 0.524803876876831 0.8504725694656372
v 36.06574249267578 85.74948120117188 7.186859130859375
vt 0.27145519852638245 0.16987937688827515
vn -0.18594029545783997 0.4322405457496643 0.8823798894882202
v 41.22496032714844 98.90377807617188 14.71444034576416
vt 0.36185380816459656 0.18065887689590454
vn -0.7327275276184082 0.537362277507782 0.4175548851490021
v 33.56227111816406 101.52149963378906 -2.4414310455322266
vt 0.28075340390205383 0.2747054696083069
vn 0.029791632667183876 0.5677446722984314 0.8226653933525085
v 55.120391845703125 105.0387954711914 -5.035808086395264
vt 0.40300509333610535 0.30688756704330444
vn 0.5075857043266296 0.7435226440429688 0.4353513717651367
v 53.876792907714844 108.72909545898438 -8.976492881774902
vt 0.39383551478385925 0.3364490270614624
vn 0.6540789604187012 0.40218764543533325 0.640644907951355
v 71.9876708984375 108.26809692382812 3.3390097618103027
vt 0.5787252187728882 0.11205041408538818
vn 0.6772528290748596 0.6576082706451416 0.32996925711631775
v 67.00314331054688 107.06739807128906 -3.119626045227051
vt 0.5722984075546265 0.15861940383911133
vn -0.809169590473175 0.5874468684196472 -0.01226893626153469
v 68.10594940185547 116.65470123291016 -4.299373149871826
vt 0.6261904835700989 0.1555469036102295
vn 0.8922055959701538 0.3535757064819336 -0.2809865176677704
v 45.25945281982422 64.41600799560547 15.637399673461914
vt 0.5241608023643494 0.018769383430480957
vn -0.01556429360061884 -0.9998679161071777 -0.00468182098120451
v 63.6080322265625 81.00039672851562 19.434968948364258
vt 0.4071510136127472 0.017807483673095703
vn 0.6588518023490906 -0.719125509262085 0.2208450585603714
v 69.42231750488281 113.08709716796875 -0.999651312828064
vt 0.6061682105064392 0.1391640305519104
vn 0.7008823156356812 0.6038981676101685 0.3795664608478546
v 73.8238296508789 96.42455291748047 15.52294921875
vt 0.5110142230987549 0.04545128345489502
vn -0.5051161646842957 0.6354609727859497 0.5839922428131104
v 70.43560791015625 112.56790161132812 -2.044666051864624
vt 0.6122617125511169 0.13242006301879883
vn 0.8698721528053284 0.4929528832435608 0.017882956191897392
v -58.915061950683594 74.69087982177734 -8.02481460571289
vt 0.8606765270233154 0.022556066513061523
vn 0.13939926028251648 -0.047289274632930756 0.9891064167022705
v -64.55194854736328 80.36355590820312 -3.4134981632232666
vt 0.8606765270233154 0.068878173828125
vn 0.554027259349823 -0.5575457215309143 0.6182205080986023
v -62.2287712097168 78.02561950683594 -6.39660120010376
vt 0.8606765270233154 0.044670283794403076
vn 0.3151496350765228 -0.31715255975723267 0.894480288028717
v -65.39154815673828 81.20848083496094 0.3680051863193512
vt 0.8606765270233154 0.09435349702835083
vn 0.7048667073249817 -0.7093398571014404 2.652073760600615e-08
v 67.83039093017578 116.6648941040039 -2.8944180011749268
vt 0.6199235916137695 0.15086156129837036
vn -0.9734286069869995 -0.13120651245117188 0.18767385184764862
v 66.56124877929688 94.33707427978516 13.018770217895508
vt 0.4812782108783722 0.07870447635650635
vn -0.36040133237838745 0.6333790421485901 0.68479323387146
v 54.734039306640625 104.36140441894531 15.555529594421387
vt 0.43608731031417847 0.168593168258667
vn 0.41514286398887634 0.7036284804344177 0.5766828656196594
v 62.06713104248047 99.37005615234375 5.582277774810791
vt 0.5028172135353088 0.1366010308265686
vn 0.26467281579971313 0.8780015707015991 0.3988249897956848
v 57.14147186279297 102.53109741210938 -0.17827680706977844
vt 0.5146470069885254 0.18208128213882446
vn 0.15150199830532074 0.9866564869880676 -0.05963164567947388
v 45.80348205566406 70.45723724365234 16.13214874267578
vt 0.28478819131851196 0.04827237129211426
vn -0.4021243155002594 0.04642082005739212 0.9144075512886047
v 53.39529037475586 94.78936767578125 22.648109436035156
vt 0.401678204536438 0.12028050422668457
vn 0.27461931109428406 0.21480970084667206 0.9372517466545105
v 52.18437194824219 107.88949584960938 12.451789855957031
vt 0.43566200137138367 0.19998317956924438
vn 0.029070155695080757 0.9768393635749817 0.21198993921279907
v 61.84931945800781 82.48541259765625 18.691280364990234
vt 0.4063520133495331 0.03570520877838135
vn -0.437852144241333 0.46413150429725647 0.7699790000915527
v 67.5296630859375 85.13375091552734 19.28067970275879
vt 0.4398099184036255 0.019385874271392822
vn 0.7097676396369934 -0.6027798652648926 0.3645356595516205
v 56.73759078979492 99.7761459350586 19.226940155029297
vt 0.42908141016960144 0.13687700033187866
vn 0.4481930434703827 0.5134624242782593 0.731764554977417
v 55.72943115234375 97.06757354736328 21.186220169067383
vt 0.41655629873275757 0.1261633038520813
vn 0.2786097228527069 0.40933018922805786 0.8688068985939026
v 73.20905303955078 107.76699829101562 2.4259510040283203
vt 0.585182785987854 0.1057707667350769
vn 0.9569792747497559 0.18506033718585968 -0.2234800010919571
v 75.70004272460938 101.35440063476562 9.908679962158203
vt 0.5511518120765686 0.06178826093673706
vn 0.9485712647438049 0.3098451495170593 0.0648731142282486
v 49.8878173828125 70.04727935791016 17.400890350341797
vt 0.30220869183540344 0.03063356876373291
vn -0.34072014689445496 0.13244113326072693 0.930789589881897
v 69.9865493774414 91.5235595703125 17.251379013061523
vt 0.47623831033706665 0.04257702827453613
vn -0.4855014681816101 0.6046803593635559 0.6313873529434204
v 65.67225646972656 86.560791015625 18.56869888305664
vt 0.43907660245895386 0.03800398111343384
vn -0.5068812966346741 0.5476170778274536 0.6657227873802185
v 48.973609924316406 98.99957275390625 17.125431060791016
vt 0.397264301776886 0.16151690483093262
vn -0.2519497275352478 0.6222071051597595 0.7412014603614807
v 49.78683090209961 92.72818756103516 23.275440216064453
vt 0.38292399048805237 0.11964601278305054
vn 0.11601868271827698 0.10461674630641937 0.9877220988273621
v 46.172210693359375 90.82049560546875 23.80539894104004
vt 0.3644913136959076 0.12072587013244629
vn 0.067439004778862 0.0553995817899704 0.9961841702461243
v -48.930450439453125 61.96453857421875 -4.170192241668701
vt 0.8445234894752502 0.2905815839767456
vn -0.31265130639076233 -0.8915976285934448 -0.3275713324546814
v -47.89039993286133 60.92985153198242 0.3680035173892975
vt 0.8441334366798401 0.26631230115890503
vn -0.07235163450241089 -0.9973791241645813 5.7839397271663984e-08
v -51.854164123535156 64.88358306884766 -7.834253787994385
vt 0.8451052904129028 0.31503427028656006
vn -0.41055405139923096 -0.7603015899658203 -0.5033755302429199
v -50.28153991699219 63.324188232421875 4.401735305786133
vt 0.8523604869842529 0.24129951000213623
vn -0.9280741810798645 -0.2827519178390503 -0.24234189093112946
v 66.82254791259766 86.3560562133789 20.009689331054688
vt 0.4417484998703003 0.028180360794067383
vn -0.11085176467895508 0.2549736797809601 0.9605728387832642
v 62.71543884277344 81.9783935546875 20.134708404541016
vt 0.4078094959259033 0.026160061359405518
vn -0.0900920033454895 0.03953123465180397 0.9951486587524414
v 71.9876708984375 108.26809692382812 3.3390097618103027
vt 0.5787252187728882 0.11205041408538818
vn -0.37501463294029236 0.5946614742279053 0.7111550569534302
v 45.0643196105957 64.56034851074219 16.11566925048828
vt 0.2613077163696289 0.02464139461517334
vn -0.24425141513347626 -0.0616113655269146 0.9677526950836182
v 74.35626983642578 102.2322006225586 10.615949630737305
vt 0.544998824596405 0.06961417198181152
vn -0.08630143851041794 0.7462455630302429 0.6600526571273804
v 70.71965026855469 106.62869262695312 2.4540340900421143
vt 0.5687705874443054 0.12028950452804565
vn -0.6512973308563232 0.5182933211326599 0.5542415976524353
v 69.42231750488281 113.08709716796875 -0.999651312828064
vt 0.6061682105064392 0.1391640305519104
vn -0.8572404384613037 -0.05887354537844658 0.5115395188331604
v 68.63246154785156 111.22459411621094 -2.537662982940674
vt 0.5960016846656799 0.15018302202224731
vn -0.9655540585517883 0.08100128173828125 0.24727314710617065
v 63.28927993774414 95.36943054199219 10.916589736938477
vt 0.4777331054210663 0.1023600697517395
vn 0.3107505142688751 0.6939197182655334 0.6495456099510193
v 62.33367919921875 89.57035064697266 14.68906021118164
vt 0.44274210929870605 0.07189071178436279
vn 0.3085712194442749 0.35599222779273987 0.8820732831954956
v 50.602420806884766 69.67589569091797 17.857471466064453
vt 0.30435851216316223 0.02578258514404297
vn 0.22404851019382477 -0.47400006651878357 0.8515433669090271
v 73.28646850585938 100.41119384765625 10.657659530639648
vt 0.5336173176765442 0.0722196102142334
vn -0.538324773311615 0.5974772572517395 0.5943294167518616
v -51.94110870361328 67.67264556884766 7.132610321044922
vt 0.8606765866279602 0.21607089042663574
vn -0.3151513338088989 0.31715208292007446 -0.8944798111915588
v -60.44738006591797 73.51599884033203 -8.64364242553711
vt 0.8525360822677612 0.021782875061035156
vn -0.38056716322898865 -0.5521492958068848 0.7418218851089478
v -58.915061950683594 74.69087982177734 8.760820388793945
vt 0.8606765270233154 0.16868358850479126
vn 0.04640662297606468 -0.13969506323337555 -0.9891064763069153
v -64.05877685546875 77.1656723022461 -6.875819206237793
vt 0.8522531390190125 0.045033395290374756
vn -0.37375184893608093 -0.8071410655975342 0.456982284784317
v -56.439361572265625 69.48255920410156 9.379648208618164
vt 0.8524613380432129 0.19245857000350952
vn -0.5545456409454346 -0.3770647644996643 -0.7418230175971985
v -52.81262969970703 65.84812927246094 7.611824035644531
vt 0.8524172306060791 0.2166861891746521
vn -0.8094903826713562 -0.3686350882053375 -0.45698297023773193
v -62.228759765625 78.02561950683594 7.1326117515563965
vt 0.8606765270233154 0.1446869969367981
vn 0.315150648355484 -0.3171509802341461 -0.8944805264472961
v -59.542991638183594 72.1788101196289 -8.144225120544434
vt 0.780632734298706 0.3100165128707886
vn -0.6282132863998413 0.5161166787147522 -0.5822126269340515
v -64.55194854736328 80.36355590820312 4.149508953094482
vt 0.8606765270233154 0.11992508172988892
vn 0.5540276765823364 -0.5575444102287292 -0.6182211637496948
v -55.136444091796875 76.85684967041016 -8.144225120544434
vt 0.7811533808708191 0.3328818082809448
vn -0.6376951336860657 0.6739782094955444 -0.37295854091644287
v -63.41980743408203 65.25286102294922 0.2550598978996277
vt 0.7454367280006409 0.24468988180160522
vn 0.6856719255447388 0.727910578250885 -1.3723665759357573e-08
v -62.66596984863281 66.05313873291016 3.2215070724487305
vt 0.7463905811309814 0.2216094732284546
vn 0.5065571069717407 0.5377624034881592 -0.6739521622657776
v -60.57689666748047 68.27091979980469 5.559589385986328
vt 0.7475476264953613 0.19960618019104004
vn 0.26998233795166016 0.28661465644836426 -0.9192178249359131
v -54.2847900390625 74.95068359375 6.83745002746582
vt 0.7487252354621887 0.1580798625946045
vn -0.12368045747280121 -0.03862136974930763 -0.9915702939033508
v -62.66596984863281 66.05313873291016 -2.711388111114502
vt 0.7465887069702148 0.26767778396606445
vn 0.5065581798553467 0.5377621054649353 0.6739515662193298
v -60.57689666748047 68.27091979980469 -5.049471378326416
vt 0.7479258179664612 0.2893611788749695
vn 0.2699829041957855 0.28661400079727173 0.9192180037498474
v -57.58937072753906 71.44249725341797 -6.327332973480225
vt 0.7488059997558594 0.30958306789398193
vn 0.031167134642601013 0.1257658451795578 0.9915701746940613
v -58.915061950683594 74.69087982177734 -8.02481460571289
vt 0.8606765866279602 0.3619353771209717
vn 0.13939926028251648 -0.047289274632930756 0.9891064167022705
v -49.61793899536133 65.334716796875 -3.4134998321533203
vt 0.8606765866279602 0.2919026017189026
vn -0.5540282726287842 0.5575442314147949 0.6182208061218262
v -48.77832794189453 64.48979949951172 0.3680032789707184
vt 0.8606765866279602 0.266335666179657
vn -0.704866349697113 0.7093402147293091 -6.188184897837345e-08
v -51.29726791381836 78.12226867675781 5.5595879554748535
vt 0.7965363264083862 0.1365317702293396
vn -0.26998189091682434 -0.2866142988204956 -0.9192181825637817
v -48.45435333251953 81.14032745361328 0.25505879521369934
vt 0.7456510066986084 0.09218466281890869
vn -0.6856683492660522 -0.7279140949249268 -1.1436387126195768e-07
v -49.208187103271484 80.34005737304688 -2.7113890647888184
vt 0.7468208074569702 0.06952548027038574
vn -0.5065550208091736 -0.5377650856971741 0.6739515662193298
v -54.28479766845703 74.95068359375 -6.327332973480225
vt 0.7468457818031311 0.029591023921966553
vn -0.031166499480605125 -0.1257658749818802 0.9915701746940613
v -62.002140045166016 63.97686767578125 3.4725329875946045
vt 0.7548090815544128 0.2222461700439453
vn 0.9227727651596069 -0.28023046255111694 -0.26450225710868835
v -59.6891975402832 66.41389465332031 6.032336235046387
vt 0.755896806716919 0.20034170150756836
vn 0.7965852618217468 -0.36928385496139526 -0.4786245822906494
v -56.37039566040039 69.92630004882812 7.443080902099609
vt 0.7567722797393799 0.17897051572799683
vn 0.6671144962310791 -0.4784884452819824 -0.570970356464386
v -49.390541076660156 77.3470458984375 6.032333850860596
vt 0.7559564113616943 0.13635486364364624
vn 0.4161936342716217 -0.7731118202209473 -0.4786241352558136
v -55.25482177734375 71.00740051269531 -8.024815559387207
vt 0.8606765866279602 0.34005457162857056
vn -0.139397993683815 0.047289006412029266 0.9891065955162048
v -66.56663513183594 79.71268463134766 -3.6657280921936035
vt 0.852383017539978 0.06947201490402222
vn -0.28861409425735474 -0.926267683506012 0.2423427402973175
v -52.184959411621094 79.97929382324219 6.03233528137207
vt 0.7881526947021484 0.136053204536438
vn -0.796585202217102 0.3692825138568878 -0.4786255359649658
v -62.483638763427734 69.04615020751953 6.032336235046387
vt 0.7881464958190918 0.2005711793899536
vn -0.41619378328323364 0.7731125354766846 -0.47862276434898376
v -49.872039794921875 82.41633605957031 3.4725310802459717
vt 0.7880886197090149 0.11417406797409058
vn -0.9227731227874756 0.28022944927215576 -0.26450154185295105
v -51.94110870361328 67.67263793945312 -6.396604061126709
vt 0.8606765866279602 0.3165503740310669
vn -0.3151508867740631 0.31715288758277893 0.8944796919822693
v -54.2847900390625 74.95068359375 6.83745002746582
vt 0.7965363264083862 0.15788650512695312
vn -0.12368045747280121 -0.03862136974930763 -0.9915702939033508
v -55.503761291503906 76.4668960571289 7.443080902099609
vt 0.7882199287414551 0.15762728452682495
vn -0.6671143174171448 0.47848719358444214 -0.5709714889526367
v -62.83357238769531 63.10443878173828 0.25505968928337097
vt 0.7540631294250488 0.24463307857513428
vn 0.9042652249336243 -0.42697131633758545 -5.675555581063918e-09
v -62.002140045166016 63.97686767578125 -2.962414026260376
vt 0.7549840807914734 0.2669510841369629
vn 0.9227732419967651 -0.28022998571395874 0.2645008862018585
v -59.689212799072266 66.41389465332031 -5.522218704223633
vt 0.756220817565918 0.28867238759994507
vn 0.7965854406356812 -0.36928555369377136 0.4786229133605957
v -49.872039794921875 82.41633605957031 -2.962416172027588
vt 0.7880814075469971 0.06987357139587402
vn -0.9227732419967651 0.28022947907447815 0.2645014822483063
v -52.184959411621094 79.97929382324219 -5.522218704223633
vt 0.7879299521446228 0.04827004671096802
vn -0.7965850830078125 0.36928269267082214 0.47862565517425537
v -51.29726791381836 78.12226867675781 -5.049471855163574
vt 0.7965363264083862 0.04808527231216431
vn -0.2699812948703766 -0.2866143584251404 0.9192183017730713
v -60.57689666748047 68.27091979980469 5.559589385986328
vt 0.7965363264083862 0.2000318169593811
vn 0.26998233795166016 0.28661465644836426 -0.9192178249359131
v -47.095970153808594 79.8013916015625 -2.962416172027588
vt 0.7551925182342529 0.07004326581954956
vn 0.33483508229255676 -0.9043921232223511 0.26450029015541077
v -52.6984977722168 73.82443237304688 -6.932964324951172
vt 0.7552223205566406 0.028065025806427002
vn 0.5174708962440491 -0.6373509764671326 0.5709708333015442
v -49.390541076660156 77.3470458984375 -5.522218704223633
vt 0.7561197280883789 0.04847609996795654
vn 0.4161930978298187 -0.7731118202209473 0.4786246120929718
v -59.17566680908203 72.56877136230469 7.443082332611084
vt 0.7881879806518555 0.17904531955718994
vn -0.4026564657688141 0.5256467461585999 -0.7493751645088196
v -64.77819061279297 66.5918197631836 -2.9624149799346924
vt 0.7880921363830566 0.2667567729949951
vn -0.33483320474624634 0.9043926000595093 0.2645007371902466
v -55.50376892089844 76.46688842773438 -6.932964324951172
vt 0.7884141802787781 0.027813374996185303
vn -0.5487530827522278 0.3705497086048126 0.74937504529953
v -54.28479766845703 74.95068359375 -6.327332973480225
vt 0.7965363264083862 0.028805673122406006
vn -0.031166499480605125 -0.1257658749818802 0.9915701746940613
v -57.58937072753906 71.44249725341797 6.83745002746582
vt 0.7965363264083862 0.17884880304336548
vn 0.12368099391460419 0.03862079977989197 -0.9915701746940613
v -62.66596984863281 66.05313873291016 -2.711388111114502
vt 0.7965363264083862 0.2672743797302246
vn 0.5065581798553467 0.5377621054649353 0.6739515662193298
v -60.44738006591797 73.51599884033203 9.37964916229248
vt 0.8524432182312012 0.1683940291404724
vn -0.4903610348701477 -0.6652371883392334 -0.5630323886871338
v -65.59939575195312 65.70977020263672 0.2550598978996277
vt 0.7880918383598328 0.24458301067352295
vn -0.48020806908607483 0.8771546483039856 -1.5519131812968823e-10
v -62.483638763427734 69.04615020751953 -5.522218704223633
vt 0.7881503105163574 0.2885398864746094
vn -0.41619303822517395 0.7731126546859741 0.47862324118614197
v -52.81264877319336 65.84814453125 -6.875819206237793
vt 0.8524178862571716 0.31592822074890137
vn -0.8094903230667114 -0.36863499879837036 0.4569830894470215
v -60.44738006591797 73.51599884033203 -8.64364242553711
vt 0.8526546359062195 0.36314260959625244
vn -0.38056716322898865 -0.5521492958068848 0.7418218851089478
v -67.46508026123047 80.62877655029297 0.36800530552864075
vt 0.8523942232131958 0.0944395661354065
vn -0.4444924294948578 -0.8957825303077698 5.7114752927134305e-09
v -45.26764678955078 84.52336120605469 0.2550588846206665
vt 0.7712374925613403 0.09213078022003174
vn 0.6856688261032104 0.7279136776924133 -1.3139950851837057e-06
v -56.737728118896484 69.5363540649414 8.654342651367188
vt 0.7642512321472168 0.17928004264831543
vn 0.5527102947235107 -0.5962730646133423 0.5822109580039978
v -52.33116912841797 74.21439361572266 8.654342651367188
vt 0.7641708850860596 0.15739208459854126
vn 0.7108551859855652 -0.5963096022605896 0.3729608952999115
v -60.70821762084961 65.33209228515625 6.97783088684082
vt 0.7635996341705322 0.20112186670303345
vn 0.44915223121643066 -0.7270407676696777 0.5193012952804565
v -52.331180572509766 74.21438598632812 -8.14422607421875
vt 0.762958824634552 0.025756359100341797
vn 0.6282141804695129 -0.5161182880401611 -0.582210123538971
v -48.37150955200195 78.42886352539062 -6.467714309692383
vt 0.763745129108429 0.04865121841430664
vn 0.7525647282600403 -0.40493351221084595 -0.5193026661872864
v -63.45050811767578 62.43926239013672 3.9745891094207764
vt 0.7629414200782776 0.22290539741516113
vn 0.35969772934913635 -0.8640156388282776 0.3522702753543854
v -64.42691802978516 61.412940979003906 0.2550598978996277
vt 0.7626237869262695 0.24460148811340332
vn 0.12953831255435944 -0.9915744066238403 1.276743262224045e-07
v -63.45050811767578 62.43926239013672 -3.4644699096679688
vt 0.763085126876831 0.2662544846534729
vn 0.35969796776771545 -0.8640154600143433 -0.35227063298225403
v -60.70823287963867 65.33209228515625 -6.467711448669434
vt 0.7638514041900635 0.28796207904815674
vn 0.44915226101875305 -0.7270406484603882 -0.5193014144897461
v -67.19274139404297 64.01824951171875 0.2550601065158844
vt 0.7795811891555786 0.24457716941833496
vn -0.9975402355194092 0.07009599357843399 5.630275836665533e-07
v -66.2265625 65.05421447753906 3.9745891094207764
vt 0.7798687219619751 0.22297346591949463
vn -0.8839538097381592 0.3074587285518646 0.3522709012031555
v -62.66596984863281 66.05313873291016 3.2215070724487305
vt 0.7965363264083862 0.22192102670669556
vn 0.5065571069717407 0.5377624034881592 -0.6739521622657776
v -64.77819061279297 66.5918197631836 3.4725351333618164
vt 0.7880561351776123 0.22239726781845093
vn -0.3348333537578583 0.9043925404548645 -0.26450076699256897
v -48.42366027832031 83.95393371582031 -3.4644711017608643
vt 0.7799761295318604 0.07047688961029053
vn -0.35969439148902893 0.8640165328979492 -0.3522714376449585
v -53.55012893676758 75.73059844970703 9.259971618652344
vt 0.7724195122718811 0.15724557638168335
vn 0.14273658394813538 0.08515613526105881 0.9860906600952148
v -46.311439514160156 83.4152603149414 4.225613117218018
vt 0.7714722156524658 0.11345416307449341
vn 0.5822092294692993 0.6180774569511414 0.528216540813446
v -58.32401657104492 70.66259765625 9.259973526000977
vt 0.7726442813873291 0.17946302890777588
vn -0.14273464679718018 -0.08515714854001999 0.9860907793045044
v -53.55012893676758 75.73059844970703 -8.749856948852539
vt 0.7718886137008667 0.024474263191223145
vn 0.07648234069347382 0.14756475389003754 -0.9860907793045044
v -53.55012893676758 75.73059844970703 -8.749856948852539
vt 0.7723912000656128 0.33436059951782227
vn 0.07648234069347382 0.14756475389003754 -0.9860907793045044
v -62.614952087402344 66.10731506347656 7.450578212738037
vt 0.7719889283180237 0.20150351524353027
vn -0.3419283628463745 -0.362994909286499 0.8667870163917542
v -63.41980743408203 65.25286102294922 0.2550598978996277
vt 0.7965363264083862 0.24460387229919434
vn 0.6856719255447388 0.727910578250885 -1.3723665759357573e-08
v -48.42366027832031 83.95393371582031 3.974586009979248
vt 0.7799286842346191 0.11365890502929688
vn -0.3596946895122528 0.8640165328979492 0.35227134823799133
v -51.16593933105469 81.06110382080078 6.977828025817871
vt 0.7804210186004639 0.13541698455810547
vn -0.4491502344608307 0.7270404696464539 0.519303560256958
v -55.136444091796875 76.85684967041016 8.654342651367188
vt 0.7807738184928894 0.1573745608329773
vn -0.5527106523513794 0.59627366065979 0.5822099447250366
v -65.56271362304688 62.977928161621094 4.225616931915283
vt 0.7713915109634399 0.22322630882263184
vn -0.582209050655365 -0.6180790662765503 0.5282149314880371
v -66.60651397705078 61.869842529296875 0.25506019592285156
vt 0.7711114883422852 0.2445850968360901
vn -0.6856705546379089 -0.7279120087623596 8.086124125838978e-07
v -65.5627212524414 62.977928161621094 -3.715498208999634
vt 0.7715008854866028 0.26591408252716064
vn -0.5822099447250366 -0.6180785298347473 -0.5282145738601685
v -51.16593933105469 81.06110382080078 -6.467714309692383
vt 0.7802082896232605 0.048560380935668945
vn -0.4491503834724426 0.7270404100418091 -0.519303560256958
v -55.136444091796875 76.85684967041016 -8.144225120544434
vt 0.7807878851890564 0.02567589282989502
vn -0.6376951336860657 0.6739782094955444 -0.37295854091644287
v -49.61792755126953 65.33473205566406 4.1495041847229
vt 0.8606765866279602 0.24076718091964722
vn -0.5540278553962708 0.5575451254844666 -0.6182205080986023
v -55.25481414794922 71.00740051269531 8.760820388793945
vt 0.8606765270233154 0.1922270655632019
vn -0.04640553146600723 0.13969561457633972 -0.9891064763069153
v -51.29726791381836 78.12226867675781 -5.049471855163574
vt 0.7477669715881348 0.048481762409210205
vn -0.2699812948703766 -0.2866143584251404 0.9192183017730713
v -54.28479766845703 74.95068359375 -6.327332973480225
vt 0.747382402420044 0.32826316356658936
vn -0.031166499480605125 -0.1257658749818802 0.9915701746940613
v -52.6984977722168 73.82443237304688 -6.932964324951172
vt 0.7557333111763 0.3302425742149353
vn 0.5174708962440491 -0.6373509764671326 0.5709708333015442
v -56.37039566040039 69.9262924194336 -6.9329633712768555
vt 0.7570971846580505 0.3098028898239136
vn 0.5487536191940308 -0.37055137753486633 0.7493737936019897
v -49.04058837890625 83.28875732421875 0.2550587058067322
vt 0.788135290145874 0.0919908881187439
vn -0.904263436794281 0.4269751310348511 -4.017234900288713e-08
v -48.45435333251953 81.14032745361328 0.25505879521369934
vt 0.7965363264083862 0.09188508987426758
vn -0.6856683492660522 -0.7279140949249268 -1.1436387126195768e-07
v -55.50376892089844 76.46688842773438 -6.932964324951172
vt 0.7885457873344421 0.33018237352371216
vn -0.5487530827522278 0.3705497086048126 0.74937504529953
v -49.208187103271484 80.34005737304688 -2.7113890647888184
vt 0.7965363264083862 0.06934499740600586
vn -0.5065550208091736 -0.5377650856971741 0.6739515662193298
v -60.57689666748047 68.27091979980469 -5.049471378326416
vt 0.7965363264083862 0.28906041383743286
vn 0.2699829041957855 0.28661400079727173 0.9192180037498474
v -49.208187103271484 80.34005737304688 3.2215042114257812
vt 0.7965363264083862 0.11456537246704102
vn -0.5065550208091736 -0.5377650856971741 -0.6739515662193298
v -56.09159851074219 69.132568359375 10.6173095703125
vt 0.8456284999847412 0.19287878274917603
vn -0.6143856644630432 -0.6975461840629578 0.36872684955596924
v -45.816871643066406 61.50952911376953 0.36800357699394226
vt 0.8358035087585449 0.2663117051124573
vn 0.7048639059066772 -0.7093424201011658 9.7602288917642e-08
v -51.854148864746094 64.8835678100586 8.570258140563965
vt 0.8450629115104675 0.21757686138153076
vn -0.41055306792259216 -0.7603014707565308 0.5033765435218811
v -48.930450439453125 61.96453857421875 4.906196117401123
vt 0.8444855809211731 0.242031991481781
vn -0.31265056133270264 -0.8915975689888 0.32757169008255005
v -46.915771484375 62.61541748046875 -4.422421932220459
vt 0.8362054228782654 0.29026931524276733
vn 0.6206556558609009 -0.6245954036712646 -0.4739905595779419
v -56.439369201660156 69.48255920410156 -8.643643379211426
vt 0.852329432964325 0.3399934768676758
vn -0.6683265566825867 -0.4861409366130829 0.5630333423614502
v -54.28479766845703 74.95068359375 -6.327332973480225
vt 0.7965363264083862 0.32885438203811646
vn -0.031166499480605125 -0.1257658749818802 0.9915701746940613
v -65.01725006103516 78.13021850585938 8.570261001586914
vt 0.8450539708137512 0.14325028657913208
vn -0.7628841400146484 -0.40573766827583313 0.5033733248710632
v -68.94580841064453 82.1189193725586 0.3680056035518646
vt 0.8441870808601379 0.09449958801269531
vn -0.9978170990943909 -0.06603602319955826 5.8134541625065594e-09
v -67.91771697998047 81.07232666015625 4.906199932098389
vt 0.8445082306861877 0.1187669038772583
vn -0.8935579061508179 -0.3070037364959717 0.32757100462913513
v 45.25945281982422 64.41600799560547 15.637399673461914
vt 0.2610625922679901 0.021648168563842773
vn -0.01556429360061884 -0.9998679161071777 -0.00468182098120451
v 51.113162994384766 69.4468994140625 17.00196075439453
vt 0.30474400520324707 0.020048797130584717
vn 0.6507910490036011 -0.7325124144554138 -0.19974105060100555
v -51.29726791381836 78.12226867675781 5.5595879554748535
vt 0.7476320266723633 0.13711607456207275
vn -0.26998189091682434 -0.2866142988204956 -0.9192181825637817
v -57.58937072753906 71.44249725341797 6.83745002746582
vt 0.7484456300735474 0.17860060930252075
vn 0.12368099391460419 0.03862079977989197 -0.9915701746940613
v -49.208187103271484 80.34005737304688 3.2215042114257812
vt 0.7464889287948608 0.11511856317520142
vn -0.5065550208091736 -0.5377650856971741 -0.6739515662193298
v -46.27477264404297 80.68343353271484 0.2550585865974426
vt 0.7542582154273987 0.09220641851425171
vn 0.48020830750465393 -0.8771543502807617 -2.270222765332619e-08
v -47.095970153808594 79.8013916015625 3.472532033920288
vt 0.7549088001251221 0.11449110507965088
vn 0.33483508229255676 -0.9043920636177063 -0.26450031995773315
v -52.698486328125 73.82443237304688 7.443079948425293
vt 0.7569519877433777 0.15776926279067993
vn 0.4026581645011902 -0.5256468653678894 -0.749374270439148
v -49.37112808227539 62.41998291015625 0.36800339818000793
vt 0.8523672819137573 0.2663198709487915
vn -0.8985762596130371 -0.43881726264953613 -1.7134416552266885e-08
v -50.28153991699219 63.324188232421875 -3.6657299995422363
vt 0.8523796200752258 0.29133427143096924
vn -0.9280736446380615 -0.2827533483505249 0.24234242737293243
v -64.05876159667969 77.16566467285156 7.611827850341797
vt 0.852408230304718 0.14412081241607666
vn -0.37375015020370483 -0.8071405291557312 -0.4569845199584961
v -66.56663513183594 79.71268463134766 4.401739120483398
vt 0.8523725271224976 0.1194576621055603
vn -0.2886136472225189 -0.9262676239013672 -0.24234341084957123
v -44.68141174316406 82.37495422363281 0.2550587058067322
vt 0.7627875804901123 0.09217751026153564
vn 0.9975401759147644 -0.0700967013835907 -9.464611707699078e-07
v -45.647613525390625 81.33899688720703 -3.4644720554351807
vt 0.7632434368133545 0.07056820392608643
vn 0.8839535713195801 -0.3074578642845154 -0.35227200388908386
v -46.311458587646484 83.4152603149414 -3.715498924255371
vt 0.7715989351272583 0.07079869508743286
vn 0.5822076201438904 0.6180787086486816 -0.5282167196273804
v -49.25920867919922 80.28587341308594 -6.940460681915283
vt 0.771965503692627 0.04878431558609009
vn 0.34192952513694763 0.36299487948417664 -0.8667865991592407
v -63.50265121459961 67.96434020996094 6.97783088684082
vt 0.7804005146026611 0.20124167203903198
vn -0.7525638341903687 0.4049316346645355 0.519305408000946
v -59.542991638183594 72.1788101196289 8.654342651367188
vt 0.7809211015701294 0.17936891317367554
vn -0.710854709148407 0.5963091254234314 0.3729623556137085
v -57.58937072753906 71.44249725341797 -6.327332973480225
vt 0.7965363264083862 0.30976158380508423
vn 0.031167134642601013 0.1257658451795578 0.9915701746940613
v -59.17566680908203 72.56875610351562 -6.9329633712768555
vt 0.7880424857139587 0.3098486661911011
vn -0.5174691081047058 0.6373514533042908 0.5709719061851501
v -63.50265121459961 67.96434020996094 -6.467711448669434
vt 0.7804707288742065 0.2879042625427246
vn -0.7525638341903687 0.4049321711063385 -0.5193048119544983
v -66.2265625 65.05421447753906 -3.4644699096679688
vt 0.7799435257911682 0.2661657929420471
vn -0.8839536905288696 0.3074602484703064 -0.3522699475288391
v -67.91771697998047 81.07232666015625 -4.170188903808594
vt 0.8445672988891602 0.07024902105331421
vn -0.8935579657554626 -0.3070037066936493 -0.32757091522216797
v -65.01725006103516 78.13021850585938 -7.834253311157227
vt 0.8449240922927856 0.04567819833755493
vn -0.7628844976425171 -0.40573689341545105 -0.5033732652664185
v -60.79515075683594 73.86598205566406 -9.88129997253418
vt 0.8453345894813538 0.020082592964172363
vn -0.7014195322990417 -0.609959602355957 -0.3687271773815155
v -52.331180572509766 74.21438598632812 -8.14422607421875
vt 0.763463020324707 0.33309948444366455
vn 0.6282141804695129 -0.5161182880401611 -0.582210123538971
v -56.737728118896484 69.5363540649414 -8.144225120544434
vt 0.764338493347168 0.3099352717399597
vn 0.6376937627792358 -0.6739783883094788 -0.37296047806739807
v -45.647613525390625 81.33899688720703 3.974586009979248
vt 0.7630351185798645 0.11381107568740845
vn 0.8839532136917114 -0.3074600398540497 0.35227125883102417
v -48.37150955200195 78.42886352539062 6.977829456329346
vt 0.7636452317237854 0.13555526733398438
vn 0.7525646686553955 -0.40493303537368774 0.5193028450012207
v -58.32401657104492 70.66259002685547 -8.74985408782959
vt 0.7724500894546509 0.3100525736808777
vn -0.07648046314716339 -0.14756673574447632 -0.9860906600952148
v -62.614959716796875 66.10731506347656 -6.940459251403809
vt 0.7721492052078247 0.2876245975494385
vn -0.34192928671836853 -0.36299407482147217 -0.8667870163917542
v -47.447227478027344 84.98025512695312 0.25505879521369934
vt 0.7796689867973328 0.09206867218017578
vn -0.12953735888004303 0.9915745258331299 -1.3350140193324478e-07
v -49.25920867919922 80.28587341308594 7.450575351715088
vt 0.7720212340354919 0.13516706228256226
vn 0.34192973375320435 0.36299410462379456 0.8667868375778198
v -56.091609954833984 69.13258361816406 -9.881300926208496
vt 0.8453788161277771 0.339887797832489
vn -0.5326522588729858 -0.6191184520721436 -0.5770388245582581
v -60.79515075683594 73.86598205566406 -9.88129997253418
vt 0.8456999659538269 0.3655933141708374
vn -0.7014195322990417 -0.609959602355957 -0.3687271773815155
v -60.79515075683594 73.86598205566406 10.6173095703125
vt 0.8454492092132568 0.16801369190216064
vn -0.6224764585494995 -0.5287228226661682 0.5770400762557983
v -59.610599517822266 75.39083099365234 -10.500129699707031
vt 0.8371434211730957 0.36689746379852295
vn -0.16436859965324402 0.09880750626325607 -0.9814377427101135
v -50.02415084838867 65.7435302734375 -8.313472747802734
vt 0.8368816375732422 0.3146616816520691
vn 0.3926803171634674 -0.3951719403266907 -0.8304464221000671
v -62.31571960449219 80.814697265625 -7.83425235748291
vt 0.8286623954772949 0.04574728012084961
vn 0.41055384278297424 0.760301411151886 -0.5033760070800781
v -50.02415084838867 65.7435302734375 9.049474716186523
vt 0.8367823362350464 0.21791988611221313
vn 0.39268049597740173 -0.395172119140625 0.8304462432861328
v -46.915771484375 62.61541748046875 5.158426284790039
vt 0.836151123046875 0.2423344850540161
vn 0.6206555366516113 -0.6245954036712646 0.47399064898490906
v -67.25409698486328 83.08285522460938 5.1584296226501465
vt 0.8361809253692627 0.11849421262741089
vn -0.6206556558609009 0.6245948672294617 0.47399142384529114
v -54.559288024902344 70.30744934082031 11.236129760742188
vt 0.8374599814414978 0.19302237033843994
vn 0.09776527434587479 -0.16499048471450806 0.9814376831054688
v -59.610591888427734 75.39082336425781 11.236129760742188
vt 0.8372054100036621 0.16785889863967896
vn -0.09776519238948822 0.16499020159244537 0.9814378023147583
v -68.35301971435547 84.18875122070312 0.3680053949356079
vt 0.8358799815177917 0.09454202651977539
vn -0.7048667669296265 0.7093397378921509 -0.0
v -50.111106872558594 68.53260803222656 -6.875819206237793
vt 0.8214160203933716 0.3160635828971863
vn 0.3737491965293884 0.8071413040161133 0.45698392391204834
v -64.1457290649414 79.95474243164062 9.049478530883789
vt 0.8367741107940674 0.1429120898246765
vn -0.39267978072166443 0.3951726257801056 0.8304464221000671
v -58.078277587890625 76.5656967163086 10.6173095703125
vt 0.829058825969696 0.1680663824081421
vn 0.6143849492073059 0.6975461840629578 0.36872801184654236
v -59.610599517822266 75.39083099365234 -10.500129699707031
vt 0.8366519212722778 0.01912897825241089
vn -0.16436859965324402 0.09880750626325607 -0.9814377427101135
v -64.1457290649414 79.95474243164062 -8.313469886779785
vt 0.8367829322814941 0.04602766036987305
vn -0.39268019795417786 0.39517316222190857 -0.8304460048675537
v -67.25409698486328 83.08285522460938 -4.42241907119751
vt 0.8362995386123657 0.07061457633972168
vn -0.6206557154655457 0.6245948076248169 -0.4739913046360016
v -49.61793899536133 65.334716796875 -3.4134998321533203
vt 0.811824381351471 0.29223376512527466
vn -0.5540282726287842 0.5575442314147949 0.6182208061218262
v -54.55928039550781 70.30744934082031 -10.500129699707031
vt 0.8372822999954224 0.3398262858390808
vn 0.16436907649040222 -0.09880683571100235 -0.9814377427101135
v -58.915061950683594 74.69087982177734 -8.02481460571289
vt 0.8124632835388184 0.023202359676361084
vn 0.13939926028251648 -0.047289274632930756 0.9891064167022705
v -61.35723876953125 79.85012817382812 7.611828804016113
vt 0.8212137818336487 0.14441710710525513
vn 0.8094898462295532 0.36863622069358826 -0.45698291063308716
v -57.730506896972656 76.2157211303711 9.379650115966797
vt 0.8222641348838806 0.16854506731033325
vn 0.5545462369918823 0.37706589698791504 -0.741821825504303
v -62.228759765625 78.02561950683594 7.1326117515563965
vt 0.813005805015564 0.1452242136001587
vn 0.315150648355484 -0.3171509802341461 -0.8944805264472961
v -49.61792755126953 65.33473205566406 4.1495041847229
vt 0.8117275834083557 0.24041056632995605
vn -0.5540278553962708 0.5575451254844666 -0.6182205080986023
v -47.603240966796875 65.985595703125 4.401735305786133
vt 0.8200114369392395 0.24110198020935059
vn 0.28861624002456665 0.9262670278549194 -0.24234288930892944
v -55.25481414794922 71.00740051269531 8.760820388793945
vt 0.8139715194702148 0.19202202558517456
vn -0.04640553146600723 0.13969561457633972 -0.9891064763069153
v -53.72249984741211 72.18226623535156 9.37964916229248
vt 0.8221846222877502 0.19238317012786865
vn 0.4903608560562134 0.6652371287345886 -0.5630327463150024
v -64.55194854736328 80.36355590820312 4.149508953094482
vt 0.8117563128471375 0.12041956186294556
vn 0.5540276765823364 -0.5575444102287292 -0.6182211637496948
v -51.94110870361328 67.67264556884766 7.132610321044922
vt 0.8129982948303223 0.21564197540283203
vn -0.3151513338088989 0.31715208292007446 -0.8944798111915588
v -49.15264129638672 67.56806182861328 -7.834253787994385
vt 0.8286799192428589 0.3151004910469055
vn 0.762884259223938 0.4057373106479645 -0.5033734440803528
v -65.23941802978516 83.7337417602539 4.906199932098389
vt 0.8278728127479553 0.11890929937362671
vn 0.312652587890625 0.8915972113609314 0.32757094502449036
v -58.078277587890625 76.5656967163086 -9.88129997253418
vt 0.8284773826599121 0.3656722903251648
vn 0.5326510667800903 0.6191186904907227 -0.5770397782325745
v -62.31571960449219 80.814697265625 8.570261001586914
vt 0.8285173177719116 0.14339691400527954
vn 0.4105556011199951 0.7603009343147278 0.5033751726150513
v -58.078277587890625 76.5656967163086 -9.88129997253418
vt 0.8279567956924438 0.020175576210021973
vn 0.5326510667800903 0.6191186904907227 -0.5770397782325745
v -53.37472915649414 71.8322982788086 -9.88129997253418
vt 0.8292425274848938 0.33982938528060913
vn 0.7014199495315552 0.6099599599838257 -0.36872607469558716
v -46.704795837402344 65.06948852539062 0.36800339818000793
vt 0.8191804885864258 0.26632410287857056
vn 0.44449323415756226 0.8957821130752563 -1.769216950719965e-08
v -58.915061950683594 74.69087982177734 -8.02481460571289
vt 0.8130753040313721 0.36138737201690674
vn 0.13939926028251648 -0.047289274632930756 0.9891064167022705
v -48.77832794189453 64.48979949951172 0.3680032789707184
vt 0.8107008337974548 0.2663440704345703
vn -0.704866349697113 0.7093402147293091 -6.188184897837345e-08
v -47.603240966796875 65.985595703125 -3.6657299995422363
vt 0.8200970888137817 0.2915084958076477
vn 0.288615345954895 0.9262673258781433 0.2423429936170578
v -57.730506896972656 76.2157211303711 -8.64364242553711
vt 0.8207153081893921 0.022022366523742676
vn 0.6683269739151001 0.4861413836479187 0.5630324482917786
v -65.39154815673828 81.20848083496094 0.3680051863193512
vt 0.81083083152771 0.09456688165664673
vn 0.7048667073249817 -0.7093398571014404 2.652073760600615e-08
v -63.88833999633789 82.37407684326172 4.401740074157715
vt 0.8200436234474182 0.11974668502807617
vn 0.9280747771263123 0.28274834156036377 -0.24234353005886078
v -55.25482177734375 71.00740051269531 -8.024815559387207
vt 0.8142585158348083 0.33989548683166504
vn -0.139397993683815 0.047289006412029266 0.9891065955162048
v -49.15263366699219 67.56804656982422 8.570258140563965
vt 0.8285267353057861 0.21743476390838623
vn 0.7628841400146484 0.4057357609272003 0.5033749341964722
v -53.72249984741211 72.18226623535156 -8.643643379211426
vt 0.8224248290061951 0.33994048833847046
vn 0.3805665969848633 0.5521483421325684 0.7418228983879089
v -64.79875183105469 83.27828979492188 0.36800509691238403
vt 0.8192980885505676 0.09459006786346436
vn 0.8985767960548401 0.4388160705566406 1.0463591770815128e-08
v -65.23941802978516 83.7337417602539 -4.17018985748291
vt 0.8280493021011353 0.07029110193252563
vn 0.3126525580883026 0.8915972709655762 -0.3275708854198456
v -53.37472915649414 71.8322982788086 10.6173095703125
vt 0.8291919827461243 0.19280928373336792
vn 0.6224762797355652 0.5287229418754578 0.5770400762557983
v -51.94110870361328 67.67263793945312 -6.396604061126709
vt 0.8132275342941284 0.31682640314102173
vn -0.3151508867740631 0.31715288758277893 0.8944796919822693
v -63.88833999633789 82.37407684326172 -3.66572904586792
vt 0.8202729225158691 0.06954818964004517
vn 0.9280746579170227 0.2827495336532593 0.24234290421009064
v -62.2287712097168 78.02561950683594 -6.39660120010376
vt 0.813170313835144 0.04493457078933716
vn 0.3151496350765228 -0.31715255975723267 0.894480288028717
v -61.35723876953125 79.85015106201172 -6.875819206237793
vt 0.8214046359062195 0.045182108879089355
vn 0.809490442276001 0.36863744258880615 0.45698103308677673
v -45.22407150268555 63.579349517822266 0.36800357699394226
vt 0.8274614214897156 0.2663145661354065
vn 0.9978171586990356 0.06603644043207169 5.813455317138505e-08
v -50.111106872558594 68.53260803222656 7.611824989318848
vt 0.8212205171585083 0.21642589569091797
vn 0.373750239610672 0.8071413636207581 -0.4569830000400543
v -6.923655986785889 38.47132873535156 0.33711060881614685
vt 0.16958080232143402 0.0663861632347107
vn 0.0 0.0 0.9999999403953552
v 0.0 46.0807991027832 0.33711060881614685
vt 0.12870380282402039 0.02142798900604248
vn 0.009164037182927132 0.46051913499832153 0.8876025080680847
v -17.684690475463867 32.331138610839844 0.33711060881614685
vt 0.2330247014760971 0.101901113986969
vn -0.5495389103889465 -0.011720208451151848 0.8353859186172485
v 5.630720138549805 45.975425720214844 0.33711060881614685
vt 0.09602910280227661 0.022345304489135742
vn 0.0011873245239257812 0.3664756715297699 0.930426836013794
v 12.65779972076416 25.070541381835938 -0.33711180090904236
vt 0.18006670475006104 0.4147539734840393
vn 0.0 0.0 -0.9999999403953552
v 0.0 25.070541381835938 -0.33711180090904236
vt 0.18005770444869995 0.3712158203125
vn 0.0 0.0 -0.9999999403953552
v -6.923652648925781 25.07052993774414 -0.33711180090904236
vt 0.18005479872226715 0.3473767042160034
vn 0.0 0.0 -0.9999999403953552
v -6.923652648925781 25.07052993774414 0.33711060881614685
vt 0.1703445017337799 0.1453092098236084
vn 0.0 0.0 0.9999999403953552
v 0.0 25.070541381835938 0.33711060881614685
vt 0.12870390713214874 0.14521366357803345
vn 0.0 0.0 0.9999999403953552
v -6.925189018249512 0.7280453443527222 -0.33711180090904236
vt 0.16890420019626617 0.29048651456832886
vn -0.0026474681217223406 -0.8175201416015625 0.5758938789367676
v 17.511049270629883 9.901424407958984 -0.33711180090904236
vt 0.02445816993713379 0.2338958978652954
vn 0.8185381889343262 0.024101240560412407 0.5739461779594421
v -17.605560302734375 26.694049835205078 -0.33711180090904236
vt 0.23499640822410583 0.13518226146697998
vn -0.7164661288261414 -0.35481128096580505 0.6006539463996887
v -12.432290077209473 0.16180188953876495 -0.33711180090904236
vt 0.20053580403327942 0.2932348847389221
vn 0.24400052428245544 -0.7109021544456482 0.6596073508262634
v -15.79419994354248 1.235543966293335 -0.33711180090904236
vt 0.22074609994888306 0.28849661350250244
vn -0.12666752934455872 -0.8045674562454224 0.5801953077316284
v -18.15976905822754 32.344688415527344 -0.33711180090904236
vt 0.2377520054578781 0.1018555760383606
vn -0.816722571849823 -0.04875044524669647 0.5749675631523132
v -18.125930786132812 16.71729850769043 -0.33711180090904236
vt 0.2377835065126419 0.19559800624847412
vn -0.8175419569015503 0.02091229148209095 0.5754892230033875
v -18.410099029541016 9.933765411376953 -0.33711180090904236
vt 0.23875980079174042 0.2356172800064087
vn -0.8158500790596008 0.053943999111652374 0.5757418274879456
v 18.101350784301758 1.069525957107544 -0.33711180090904236
vt 0.021214159205555916 0.2853127717971802
vn 0.5437595844268799 -0.46439647674560547 0.6990431547164917
v -18.051179885864258 24.714839935302734 -0.33711180090904236
vt 0.2376469075679779 0.1488298773765564
vn -0.600217342376709 0.4534133970737457 0.6589047908782959
v 17.571008682250977 16.97180938720703 -0.33711180090904236
vt 0.024109069257974625 0.1924923062324524
vn 0.8175800442695618 -0.011214705184102058 0.5757058262825012
v -18.261009216308594 46.92613983154297 -0.33711180090904236
vt 0.23682010173797607 0.01591438055038452
vn -0.5011553168296814 0.49282240867614746 0.7113152742385864
v -18.054920196533203 38.47241973876953 -0.33711180090904236
vt 0.23691929876804352 0.06595277786254883
vn -0.8175287842750549 -0.002985105849802494 0.5758801102638245
v 5.63225793838501 46.450172424316406 -0.33711180090904236
vt 0.09591300785541534 0.017496466636657715
vn 0.0026487766299396753 0.8176388144493103 0.5757253766059875
v -10.688509941101074 1.086793065071106 0.33711060881614685
vt 0.1904222071170807 0.28605377674102783
vn -0.2808382213115692 -0.45650020241737366 0.8442378044128418
v -18.576860427856445 1.7190240621566772 0.33711060881614685
vt 0.23656830191612244 0.28315138816833496
vn -0.4107368588447571 -0.3786458969116211 0.829410970211029
v -6.923654079437256 32.196659088134766 0.33711060881614685
vt 0.1698697954416275 0.10336703062057495
vn 0.0 0.0 0.9999999403953552
v -17.936119079589844 9.906291007995605 0.33711060881614685
vt 0.2338975965976715 0.23569786548614502
vn -0.4599863588809967 0.024820081889629364 0.8875789642333984
v -6.923651218414307 1.2029889822006226 0.33711060881614685
vt 0.1687794029712677 0.28562986850738525
vn -0.0011863559484481812 -0.366335928440094 0.9304818511009216
v -6.923652648925781 16.97270965576172 0.33711060881614685
vt 0.16976210474967957 0.19300687313079834
vn 0.0 0.0 0.9999999403953552
v 5.630721092224121 32.039817810058594 0.33711060881614685
vt 0.09611045569181442 0.10426706075668335
vn 0.0 0.0 0.9999999403953552
v -6.923652648925781 9.902870178222656 0.33711060881614685
vt 0.16932789981365204 0.23452818393707275
vn 0.0 0.0 0.9999999403953552
v 12.65781021118164 38.47132873535156 0.33711060881614685
vt 0.05501144006848335 0.06658756732940674
vn 0.0 0.0 0.9999999403953552
v 5.6307220458984375 38.47132873535156 0.33711060881614685
vt 0.0960686057806015 0.06649661064147949
vn 0.0 0.0 0.9999999403953552
v 0.0 38.47132873535156 0.33711060881614685
vt 0.12894900143146515 0.06641238927841187
vn 0.0 0.0 0.9999999403953552
v -11.7877197265625 46.402549743652344 0.33711060881614685
vt 0.19766689836978912 0.019606709480285645
vn 0.011730330064892769 0.4604343771934509 0.8876162171363831
v -6.9236555099487305 46.235015869140625 0.33711060881614685
vt 0.16931040585041046 0.02069091796875
vn 0.012123367749154568 0.4604473412036896 0.8876041769981384
v -15.15956974029541 25.07052993774414 0.33711060881614685
vt 0.21930649876594543 0.1451725959777832
vn -0.1861065775156021 0.04380388930439949 0.9815526604652405
v -17.580150604248047 38.47132873535156 0.33711060881614685
vt 0.23204970359802246 0.06622469425201416
vn -0.3025239109992981 -0.0011092913337051868 0.9531411528587341
v -17.651350021362305 16.72193145751953 0.33711060881614685
vt 0.23282280564308167 0.19568437337875366
vn -0.36650824546813965 0.009363910183310509 0.930367648601532
v -17.580150604248047 24.35858917236328 0.33711060881614685
vt 0.2329317033290863 0.1511790156364441
vn -0.415949285030365 0.3142256438732147 0.8533747792243958
v 17.096250534057617 16.97180938720703 0.33711060881614685
vt 0.02896716073155403 0.19234418869018555
vn 0.5248852968215942 -0.007202220614999533 0.8511425256729126
v 12.65779972076416 16.970060348510742 0.33711060881614685
vt 0.05495833978056908 0.1925026774406433
vn 0.0 0.0 0.9999999403953552
v 17.036169052124023 9.902409553527832 0.33711060881614685
vt 0.029273129999637604 0.23345202207565308
vn 0.3662598133087158 0.010852785781025887 0.9304493069648743
v 0.0 9.902870178222656 0.33711060881614685
vt 0.12884210050106049 0.23441660404205322
vn 0.0 0.0 0.9999999403953552
v 0.0 0.9444064497947693 0.33711060881614685
vt 0.12870410084724426 0.28730088472366333
vn 0.0016244578873738647 -0.6048539876937866 0.7963346838951111
v -17.774459838867188 46.447776794433594 0.33711060881614685
vt 0.23252740502357483 0.01989150047302246
vn -0.4045458734035492 0.3978024125099182 0.8234657645225525
v -11.787690162658691 16.975360870361328 0.33711060881614685
vt 0.19840280711650848 0.19333821535110474
vn 0.0 0.0 0.9999999403953552
v 12.65779972076416 9.901519775390625 0.33711060881614685
vt 0.054822128266096115 0.23387861251831055
vn 0.0 0.0 0.9999999403953552
v -15.719510078430176 1.7099850177764893 0.33711060881614685
vt 0.220038503408432 0.2834833860397339
vn -0.05642347410321236 -0.3583918809890747 0.9318645000457764
v 12.65779972076416 1.0867830514907837 0.33711060881614685
vt 0.05445979908108711 0.2857750654220581
vn 0.010282410308718681 -0.5492745041847229 0.8355787396430969
v -11.372030258178711 2.5504279136657715 0.33711060881614685
vt 0.19466669857501984 0.2777363061904907
vn -0.015650341287255287 -0.1910170316696167 0.9814618825912476
v 0.0 32.11028289794922 0.33711060881614685
vt 0.12902529537677765 0.10383951663970947
vn 0.0 0.0 0.9999999403953552
v 14.583430290222168 46.59852981567383 -0.33711180090904236
vt 0.043977878987789154 0.01696258783340454
vn -0.13662080466747284 0.7930477857589722 0.5936412215232849
v 12.65781021118164 44.69390106201172 0.33711060881614685
vt 0.05520324036478996 0.029831290245056152
vn 0.042920175939798355 0.3602670729160309 0.9318612217903137
v -11.7877197265625 38.47132873535156 0.33711060881614685
vt 0.19812899827957153 0.06632876396179199
vn 0.0 0.0 0.9999999403953552
v -18.051179885864258 24.714839935302734 -0.33711180090904236
vt 0.17882370948791504 0.30908817052841187
vn 0.0 0.0 -0.9999999403953552
v 17.72418975830078 25.053510665893555 -0.33711180090904236
vt 0.18001140654087067 0.4321867823600769
vn 0.0 0.0 -0.9999999403953552
v 5.630720138549805 25.070541381835938 -0.33711180090904236
vt 0.18006199598312378 0.3905748128890991
vn 0.0 0.0 -0.9999999403953552
v 5.630720138549805 25.070541381835938 0.33711060881614685
vt 0.09639520943164825 0.1451624035835266
vn 0.0 0.0 0.9999999403953552
v -19.090009689331055 1.245974063873291 -0.33711180090904236
vt 0.24126769602298737 0.2866871953010559
vn -0.5108403563499451 -0.4709283411502838 0.7192139029502869
v 0.0012759899254888296 0.469356507062912 -0.33711180090904236
vt 0.12870410084724426 0.2921466827392578
vn 0.0021952635142952204 -0.8174615502357483 0.5759788751602173
v 5.637538909912109 0.7101795077323914 -0.33711180090904236
vt 0.09552642703056335 0.2905563712120056
vn 0.011742552742362022 -0.8174865245819092 0.5758278369903564
v 12.674469947814941 0.6118301153182983 -0.33711180090904236
vt 0.05402116850018501 0.29065221548080444
vn 0.042033106088638306 -0.8163090348243713 0.5760840773582458
v -11.450220108032227 1.5960590839385986 -0.3371135890483856
vt 0.19503630697727203 0.2851871848106384
vn -0.047011397778987885 -0.5737891793251038 0.817652702331543
v -16.094018936157227 25.290470123291016 -0.33711180090904236
vt 0.22664080560207367 0.14374291896820068
vn -0.5594515204429626 0.13167697191238403 0.8183368444442749
v -10.986319541931152 0.6027039289474487 -0.3371123969554901
vt 0.1924785077571869 0.29073137044906616
vn -0.4006262421607971 -0.6512147784233093 0.6445292234420776
v -11.777750015258789 46.877159118652344 -0.33711180090904236
vt 0.19770610332489014 0.014708399772644043
vn 0.013501026667654514 0.8175477385520935 0.5757026076316833
v -6.910200119018555 46.709510803222656 -0.33711180090904236
vt 0.16918079555034637 0.01585441827774048
vn 0.024834200739860535 0.8172991871833801 0.5756781101226807
v 11.65742015838623 46.523860931396484 -0.33711180090904236
vt 0.060919519513845444 0.017656385898590088
vn 0.31846314668655396 0.7241184115409851 0.6117464303970337
v 12.732649803161621 45.3221321105957 -0.33711180090904236
vt 0.05463794991374016 0.02404576539993286
vn 0.08626486361026764 0.7240986227989197 0.684280276298523
v 18.651830673217773 38.50853729248047 -0.33711180090904236
vt 0.017554789781570435 0.06641978025436401
vn 0.8118463754653931 -0.13707087934017181 0.5675535202026367
v 20.34086036682129 46.36326599121094 -0.33711180090904236
vt 0.009168019518256187 0.01956617832183838
vn 0.5340328812599182 0.41339847445487976 0.7375030517578125
v 18.117250442504883 31.910419464111328 -0.33711180090904236
vt 0.02086580917239189 0.10510307550430298
vn 0.8185945749282837 -0.0600530207157135 0.571223795413971
v 17.72418975830078 25.053510665893555 -0.33711180090904236
vt 0.02331314980983734 0.1452285647392273
vn 0.8174782395362854 -0.03126569837331772 0.5751103162765503
v 11.44752025604248 46.04658126831055 0.33711060881614685
vt 0.06246618926525116 0.022386610507965088
vn 0.19711124897003174 0.44818902015686035 0.8719367980957031
v 14.722429275512695 46.11777877807617 0.33711060881614685
vt 0.043089769780635834 0.021907806396484375
vn -0.16968046128749847 0.4100940227508545 0.8961201310157776
v -17.152990341186523 26.921560287475586 0.33711060881614685
vt 0.2304060012102127 0.1334506869316101
vn -0.44831234216690063 -0.22200222313404083 0.8658699989318848
v -11.787710189819336 25.070518493652344 0.33711060881614685
vt 0.19911620020866394 0.14547401666641235
vn 0.0 0.0 0.9999999403953552
v -11.787690162658691 9.904189109802246 0.33711060881614685
vt 0.19779150187969208 0.23478221893310547
vn 0.0 0.0 0.9999999403953552
v 5.6307148933410645 9.902409553527832 0.33711060881614685
vt 0.09590494632720947 0.2342686653137207
vn 0.0 0.0 0.9999999403953552
v 5.630719184875488 1.1849980354309082 0.33711060881614685
vt 0.09566383808851242 0.2857096791267395
vn 0.004344332031905651 -0.3024388551712036 0.9531588554382324
v 5.6307172775268555 16.97180938720703 0.33711060881614685
vt 0.0960557609796524 0.19269102811813354
vn 0.0 0.0 0.9999999403953552
v 0.0 16.97270965576172 0.33711060881614685
vt 0.1290266066789627 0.1928132176399231
vn 0.0 0.0 0.9999999403953552
v 0.00972564984112978 46.55537033081055 -0.33711180090904236
vt 0.12870380282402039 0.016578376293182373
vn 0.01723802462220192 0.8174992799758911 0.5756714940071106
v -11.787710189819336 32.25764083862305 0.33711060881614685
vt 0.19853010773658752 0.10288161039352417
vn 0.0 0.0 0.9999999403953552
v -12.624369621276855 0.7214493155479431 0.33711060881614685
vt 0.20198209583759308 0.2881925106048584
vn 0.16902180016040802 -0.49244973063468933 0.8537710309028625
v 17.60572052001953 1.5040829181671143 0.33711060881614685
vt 0.02590133063495159 0.28203511238098145
vn 0.363039493560791 -0.3107766807079315 0.8784191608428955
v -64.55194854736328 80.36355590820312 -3.4134981632232666
vt 0.8120189905166626 0.0689314603805542
vn 0.554027259349823 -0.5575457215309143 0.6182205080986023
v -57.730506896972656 76.2157211303711 -8.64364242553711
vt 0.8213123083114624 0.3630753755569458
vn 0.6683269739151001 0.4861413836479187 0.5630324482917786
v -46.252159118652344 64.62594604492188 4.906195163726807
vt 0.8278396129608154 0.24193590879440308
vn 0.8935575485229492 0.3070054352283478 0.3275703191757202
v -66.27949523925781 84.7684326171875 0.36800500750541687
vt 0.827560305595398 0.09457528591156006
vn 0.07234838604927063 0.9973793625831604 -0.0
v -46.252159118652344 64.62594604492188 -4.170190811157227
vt 0.827910304069519 0.29066628217697144
vn 0.8935575485229492 0.30700621008872986 -0.3275701403617859
v -58.915061950683594 74.69087982177734 8.760820388793945
vt 0.8141534328460693 0.16888707876205444
vn 0.04640662297606468 -0.13969506323337555 -0.9891064763069153
f 9/9/9 12/12/12/ 37/37/37
f 37/37/37 12/12/12/ 97/97/97
f 82/82/82 97/97/97/ 12/12/12
f 67/67/67 97/97/97/ 82/82/82
f 1289/1289/1289 67/67/67/ 82/82/82
f 51/51/51 67/67/67/ 1289/1289/1289
f 51/51/51 36/36/36/ 67/67/67
f 36/36/36 51/51/51/ 66/66/66
f 37/37/37 97/97/97/ 52/52/52
f 97/97/97 18/18/18/ 52/52/52
f 18/18/18 97/97/97/ 39/39/39
f 97/97/97 67/67/67/ 39/39/39
f 39/39/39 67/67/67/ 70/70/70
f 67/67/67 36/36/36/ 70/70/70
f 70/70/70 36/36/36/ 1240/1240/1240
f 1240/1240/1240 36/36/36/ 17/17/17
f 17/17/17 36/36/36/ 100/100/100
f 36/36/36 66/66/66/ 100/100/100
f 100/100/100 66/66/66/ 19/19/19
f 19/19/19 81/81/81/ 100/100/100
f 18/18/18 39/39/39/ 54/54/54
f 15/15/15 54/54/54/ 39/39/39
f 98/98/98 15/15/15/ 39/39/39
f 39/39/39 70/70/70/ 98/98/98
f 98/98/98 70/70/70/ 85/85/85
f 70/70/70 1240/1240/1240/ 85/85/85
f 85/85/85 1240/1240/1240/ 1239/1239/1239
f 1239/1239/1239 1240/1240/1240/ 20/20/20
f 20/20/20 1240/1240/1240/ 17/17/17
f 20/20/20 17/17/17/ 5/5/5
f 5/5/5 17/17/17/ 10/10/10
f 17/17/17 100/100/100/ 10/10/10
f 69/69/69 15/15/15/ 98/98/98
f 69/69/69 98/98/98/ 84/84/84
f 84/84/84 98/98/98/ 13/13/13
f 98/98/98 85/85/85/ 13/13/13
f 13/13/13 85/85/85/ 99/99/99
f 85/85/85 1239/1239/1239/ 99/99/99
f 99/99/99 1239/1239/1239/ 1291/1291/1291
f 1239/1239/1239 40/40/40/ 1291/1291/1291
f 20/20/20 40/40/40/ 1239/1239/1239
f 20/20/20 80/80/80/ 40/40/40
f 5/5/5 80/80/80/ 20/20/20
f 53/53/53 84/84/84/ 13/13/13
f 13/13/13 99/99/99/ 53/53/53
f 53/53/53 99/99/99/ 83/83/83
f 99/99/99 1291/1291/1291/ 83/83/83
f 83/83/83 1291/1291/1291/ 1238/1238/1238
f 1291/1291/1291 55/55/55/ 1238/1238/1238
f 40/40/40 55/55/55/ 1291/1291/1291
f 40/40/40 93/93/93/ 55/55/55
f 80/80/80 93/93/93/ 40/40/40
f 38/38/38 84/84/84/ 53/53/53
f 53/53/53 16/16/16/ 38/38/38
f 68/68/68 16/16/16/ 53/53/53
f 53/53/53 83/83/83/ 68/68/68
f 68/68/68 83/83/83/ 14/14/14
f 1238/1238/1238 14/14/14/ 83/83/83
f 1290/1290/1290 14/14/14/ 1238/1238/1238
f 1238/1238/1238 55/55/55/ 1290/1290/1290
f 1290/1290/1290 55/55/55/ 11/11/11
f 93/93/93 11/11/11/ 55/55/55
f 94/94/94 11/11/11/ 93/93/93
f 79/79/79 94/94/94/ 93/93/93
f 93/93/93 49/49/49/ 79/79/79
f 93/93/93 34/34/34/ 49/49/49
f 93/93/93 80/80/80/ 34/34/34
f 34/34/34 80/80/80/ 95/95/95
f 80/80/80 5/5/5/ 95/95/95
f 64/64/64 94/94/94/ 79/79/79
f 95/95/95 5/5/5/ 8/8/8
f 5/5/5 10/10/10/ 8/8/8
f 8/8/8 10/10/10/ 35/35/35
f 10/10/10 50/50/50/ 35/35/35
f 10/10/10 100/100/100/ 50/50/50
f 100/100/100 81/81/81/ 50/50/50
f 50/50/50 81/81/81/ 65/65/65
f 65/65/65 81/81/81/ 96/96/96
f 35/35/35 50/50/50/ 65/65/65
f 71/71/71 1/1/1/ 6/6/6
f 102/102/102 71/71/71/ 6/6/6
f 72/72/72 71/71/71/ 102/102/102
f 72/72/72 102/102/102/ 86/86/86
f 86/86/86 102/102/102/ 87/87/87
f 88/88/88 42/42/42/ 33/33/33
f 88/88/88 103/103/103/ 42/42/42
f 42/42/42 103/103/103/ 4/4/4
f 29/29/29 4/4/4/ 103/103/103
f 91/91/91 4/4/4/ 29/29/29
f 283/283/283 48/48/48/ 63/63/63
f 290/290/290 48/48/48/ 283/283/283
f 283/283/283 280/280/280/ 290/290/290
f 279/279/279 280/280/280/ 283/283/283
f 194/194/194 280/280/280/ 279/279/279
f 194/194/194 279/279/279/ 209/209/209
f 209/209/209 279/279/279/ 201/201/201
f 201/201/201 28/28/28/ 209/209/209
f 26/26/26 28/28/28/ 201/201/201
f 117/117/117 280/280/280/ 194/194/194
f 108/108/108 117/117/117/ 194/194/194
f 147/147/147 108/108/108/ 194/194/194
f 194/194/194 209/209/209/ 147/147/147
f 147/147/147 209/209/209/ 163/163/163
f 163/163/163 209/209/209/ 57/57/57
f 57/57/57 209/209/209/ 28/28/28
f 117/117/117 141/141/141/ 280/280/280
f 280/280/280 141/141/141/ 156/156/156
f 156/156/156 141/141/141/ 44/44/44
f 44/44/44 141/141/141/ 59/59/59
f 163/163/163 57/57/57/ 161/161/161
f 161/161/161 162/162/162/ 163/163/163
f 146/146/146 162/162/162/ 161/161/161
f 148/148/148 163/163/163/ 162/162/162
f 147/147/147 163/163/163/ 148/148/148
f 148/148/148 179/179/179/ 147/147/147
f 149/149/149 179/179/179/ 148/148/148
f 149/149/149 148/148/148/ 348/348/348
f 348/348/348 148/148/148/ 376/376/376
f 348/348/348 376/376/376/ 377/377/377
f 377/377/377 376/376/376/ 375/375/375
f 179/179/179 136/136/136/ 147/147/147
f 135/135/135 136/136/136/ 179/179/179
f 135/135/135 168/168/168/ 136/136/136
f 181/181/181 168/168/168/ 135/135/135
f 166/166/166 181/181/181/ 135/135/135
f 152/152/152 181/181/181/ 166/166/166
f 166/166/166 101/101/101/ 152/152/152
f 136/136/136 108/108/108/ 147/147/147
f 107/107/107 108/108/108/ 136/136/136
f 136/136/136 183/183/183/ 107/107/107
f 168/168/168 183/183/183/ 136/136/136
f 168/168/168 153/153/153/ 183/183/183
f 138/138/138 153/153/153/ 168/168/168
f 168/168/168 140/140/140/ 138/138/138
f 200/200/200 140/140/140/ 168/168/168
f 181/181/181 200/200/200/ 168/168/168
f 154/154/154 200/200/200/ 181/181/181
f 197/197/197 108/108/108/ 107/107/107
f 197/197/197 138/138/138/ 108/108/108
f 153/153/153 138/138/138/ 197/197/197
f 138/138/138 203/203/203/ 108/108/108
f 189/189/189 203/203/203/ 138/138/138
f 140/140/140 189/189/189/ 138/138/138
f 175/175/175 189/189/189/ 140/140/140
f 186/186/186 175/175/175/ 140/140/140
f 115/115/115 186/186/186/ 140/140/140
f 115/115/115 140/140/140/ 185/185/185
f 185/185/185 140/140/140/ 200/200/200
f 203/203/203 117/117/117/ 108/108/108
f 152/152/152 101/101/101/ 128/128/128
f 171/171/171 186/186/186/ 115/115/115
f 115/115/115 76/76/76/ 171/171/171
f 61/61/61 76/76/76/ 115/115/115
f 56/56/56 61/61/61/ 115/115/115
f 185/185/185 56/56/56/ 115/115/115
f 132/132/132 56/56/56/ 185/185/185
f 155/155/155 132/132/132/ 185/185/185
f 155/155/155 185/185/185/ 170/170/170
f 170/170/170 185/185/185/ 200/200/200
f 154/154/154 170/170/170/ 200/200/200
f 169/169/169 170/170/170/ 154/154/154
f 154/154/154 184/184/184/ 169/169/169
f 130/130/130 132/132/132/ 155/155/155
f 169/169/169 184/184/184/ 199/199/199
f 184/184/184 112/112/112/ 199/199/199
f 199/199/199 112/112/112/ 114/114/114
f 145/145/145 175/175/175/ 186/186/186
f 145/145/145 160/160/160/ 175/175/175
f 125/125/125 160/160/160/ 145/145/145
f 160/160/160 125/125/125/ 30/30/30
f 30/30/30 125/125/125/ 45/45/45
f 189/189/189 118/118/118/ 203/203/203
f 203/203/203 118/118/118/ 121/121/121
f 121/121/121 118/118/118/ 32/32/32
f 32/32/32 118/118/118/ 47/47/47
f 149/149/149 164/164/164/ 179/179/179
f 133/133/133 164/164/164/ 149/149/149
f 133/133/133 176/176/176/ 164/164/164
f 164/164/164 176/176/176/ 191/191/191
f 78/78/78 92/92/92/ 174/174/174
f 174/174/174 92/92/92/ 144/144/144
f 144/144/144 159/159/159/ 174/174/174
f 123/123/123 159/159/159/ 144/144/144
f 159/159/159 123/123/123/ 190/190/190
f 190/190/190 123/123/123/ 122/122/122
f 205/205/205 190/190/190/ 122/122/122
f 206/206/206 190/190/190/ 205/205/205
f 206/206/206 205/205/205/ 2/2/2
f 2/2/2 205/205/205/ 3/3/3
f 190/190/190 204/204/204/ 159/159/159
f 159/159/159 204/204/204/ 120/120/120
f 120/120/120 204/204/204/ 60/60/60
f 60/60/60 204/204/204/ 75/75/75
f 31/31/31 46/46/46/ 202/202/202
f 202/202/202 46/46/46/ 172/172/172
f 172/172/172 187/187/187/ 202/202/202
f 157/157/157 187/187/187/ 172/172/172
f 187/187/187 157/157/157/ 188/188/188
f 188/188/188 157/157/157/ 173/173/173
f 158/158/158 188/188/188/ 173/173/173
f 143/143/143 188/188/188/ 158/158/158
f 143/143/143 158/158/158/ 62/62/62
f 62/62/62 158/158/158/ 77/77/77
f 188/188/188 119/119/119/ 187/187/187
f 187/187/187 119/119/119/ 142/142/142
f 142/142/142 119/119/119/ 90/90/90
f 90/90/90 119/119/119/ 105/105/105
f 74/74/74 151/151/151/ 89/89/89
f 89/89/89 151/151/151/ 167/167/167
f 151/151/151 182/182/182/ 167/167/167
f 167/167/167 182/182/182/ 196/196/196
f 182/182/182 111/111/111/ 196/196/196
f 106/106/106 111/111/111/ 182/182/182
f 198/198/198 111/111/111/ 106/106/106
f 106/106/106 116/116/116/ 198/198/198
f 198/198/198 116/116/116/ 126/126/126
f 196/196/196 111/111/111/ 110/110/110
f 110/110/110 111/111/111/ 113/113/113
f 113/113/113 111/111/111/ 139/139/139
f 139/139/139 104/104/104/ 113/113/113
f 113/113/113 104/104/104/ 24/24/24
f 41/41/41 195/195/195/ 43/43/43
f 43/43/43 195/195/195/ 210/210/210
f 195/195/195 129/129/129/ 210/210/210
f 210/210/210 129/129/129/ 131/131/131
f 129/129/129 180/180/180/ 131/131/131
f 165/165/165 180/180/180/ 129/129/129
f 150/150/150 180/180/180/ 165/165/165
f 165/165/165 124/124/124/ 150/150/150
f 150/150/150 124/124/124/ 127/127/127
f 131/131/131 180/180/180/ 134/134/134
f 134/134/134 180/180/180/ 109/109/109
f 109/109/109 180/180/180/ 137/137/137
f 137/137/137 58/58/58/ 109/109/109
f 109/109/109 58/58/58/ 73/73/73
f 177/177/177 259/259/259/ 178/178/178
f 178/178/178 259/259/259/ 249/249/249
f 249/249/249 259/259/259/ 247/247/247
f 247/247/247 259/259/259/ 258/258/258
f 259/259/259 193/193/193/ 258/258/258
f 258/258/258 193/193/193/ 207/207/207
f 281/281/281 249/249/249/ 247/247/247
f 282/282/282 249/249/249/ 281/281/281
f 267/267/267 282/282/282/ 281/281/281
f 287/287/287 267/267/267/ 281/281/281
f 270/270/270 267/267/267/ 287/287/287
f 270/270/270 287/287/287/ 357/357/357
f 357/357/357 287/287/287/ 349/349/349
f 285/285/285 282/282/282/ 267/267/267
f 289/289/289 285/285/285/ 267/267/267
f 288/288/288 285/285/285/ 289/289/289
f 208/208/208 282/282/282/ 285/285/285
f 192/192/192 282/282/282/ 208/208/208
f 271/271/271 247/247/247/ 258/258/258
f 272/272/272 247/247/247/ 271/271/271
f 272/272/272 271/271/271/ 276/276/276
f 276/276/276 271/271/271/ 337/337/337
f 298/298/298 276/276/276/ 337/337/337
f 298/298/298 337/337/337/ 286/286/286
f 286/286/286 337/337/337/ 275/275/275
f 274/274/274 276/276/276/ 298/298/298
f 298/298/298 277/277/277/ 274/274/274
f 268/268/268 277/277/277/ 298/298/298
f 274/274/274 349/349/349/ 276/276/276
f 336/336/336 349/349/349/ 274/274/274
f 336/336/336 357/357/357/ 349/349/349
f 356/356/356 357/357/357/ 336/336/336
f 336/336/336 273/273/273/ 356/356/356
f 278/278/278 273/273/273/ 336/336/336
f 356/356/356 269/269/269/ 357/357/357
f 370/370/370 269/269/269/ 356/356/356
f 361/361/361 363/363/363/ 359/359/359
f 359/359/359 363/363/363/ 248/248/248
f 363/363/363 224/224/224/ 248/248/248
f 248/248/248 224/224/224/ 262/262/262
f 224/224/224 219/219/219/ 262/262/262
f 262/262/262 219/219/219/ 218/218/218
f 218/218/218 219/219/219/ 250/250/250
f 250/250/250 219/219/219/ 237/237/237
f 359/359/359 248/248/248/ 365/365/365
f 365/365/365 248/248/248/ 362/362/362
f 248/248/248 262/262/262/ 362/362/362
f 362/362/362 262/262/262/ 296/296/296
f 262/262/262 218/218/218/ 296/296/296
f 296/296/296 218/218/218/ 217/217/217
f 217/217/217 218/218/218/ 252/252/252
f 252/252/252 218/218/218/ 250/250/250
f 252/252/252 250/250/250/ 238/238/238
f 238/238/238 250/250/250/ 343/343/343
f 250/250/250 237/237/237/ 343/343/343
f 343/343/343 237/237/237/ 345/345/345
f 365/365/365 362/362/362/ 366/366/366
f 366/366/366 362/362/362/ 378/378/378
f 362/362/362 296/296/296/ 378/378/378
f 378/378/378 296/296/296/ 295/295/295
f 296/296/296 217/217/217/ 295/295/295
f 295/295/295 217/217/217/ 264/264/264
f 264/264/264 217/217/217/ 243/243/243
f 243/243/243 217/217/217/ 252/252/252
f 243/243/243 252/252/252/ 325/325/325
f 325/325/325 252/252/252/ 238/238/238
f 223/223/223 366/366/366/ 378/378/378
f 223/223/223 378/378/378/ 263/263/263
f 263/263/263 378/378/378/ 295/295/295
f 263/263/263 295/295/295/ 293/293/293
f 293/293/293 295/295/295/ 264/264/264
f 264/264/264 243/243/243/ 293/293/293
f 293/293/293 243/243/243/ 236/236/236
f 243/243/243 325/325/325/ 236/236/236
f 236/236/236 325/325/325/ 307/307/307
f 325/325/325 228/228/228/ 307/307/307
f 325/325/325 238/238/238/ 228/228/228
f 364/364/364 366/366/366/ 223/223/223
f 222/222/222 364/364/364/ 223/223/223
f 222/222/222 223/223/223/ 256/256/256
f 256/256/256 223/223/223/ 263/263/263
f 256/256/256 263/263/263/ 294/294/294
f 294/294/294 263/263/263/ 293/293/293
f 293/293/293 236/236/236/ 294/294/294
f 294/294/294 236/236/236/ 329/329/329
f 236/236/236 307/307/307/ 329/329/329
f 329/329/329 307/307/307/ 350/350/350
f 307/307/307 324/324/324/ 350/350/350
f 307/307/307 228/228/228/ 324/324/324
f 373/373/373 364/364/364/ 222/222/222
f 297/297/297 373/373/373/ 222/222/222
f 297/297/297 222/222/222/ 227/227/227
f 227/227/227 222/222/222/ 256/256/256
f 227/227/227 256/256/256/ 253/253/253
f 253/253/253 256/256/256/ 294/294/294
f 294/294/294 329/329/329/ 253/253/253
f 253/253/253 329/329/329/ 233/233/233
f 329/329/329 350/350/350/ 233/233/233
f 233/233/233 350/350/350/ 322/322/322
f 350/350/350 333/333/333/ 322/322/322
f 350/350/350 324/324/324/ 333/333/333
f 284/284/284 373/373/373/ 297/297/297
f 284/284/284 297/297/297/ 372/372/372
f 372/372/372 297/297/297/ 211/211/211
f 297/297/297 227/227/227/ 211/211/211
f 211/211/211 227/227/227/ 220/220/220
f 227/227/227 253/253/253/ 220/220/220
f 220/220/220 253/253/253/ 254/254/254
f 253/253/253 233/233/233/ 254/254/254
f 254/254/254 233/233/233/ 234/234/234
f 233/233/233 322/322/322/ 234/234/234
f 234/234/234 322/322/322/ 335/335/335
f 322/322/322 341/341/341/ 335/335/335
f 322/322/322 333/333/333/ 341/341/341
f 372/372/372 211/211/211/ 369/369/369
f 369/369/369 211/211/211/ 221/221/221
f 211/211/211 220/220/220/ 221/221/221
f 221/221/221 220/220/220/ 292/292/292
f 220/220/220 254/254/254/ 292/292/292
f 292/292/292 254/254/254/ 255/255/255
f 255/255/255 254/254/254/ 239/239/239
f 239/239/239 254/254/254/ 234/234/234
f 239/239/239 234/234/234/ 309/309/309
f 309/309/309 234/234/234/ 335/335/335
f 369/369/369 221/221/221/ 371/371/371
f 371/371/371 221/221/221/ 225/225/225
f 221/221/221 292/292/292/ 225/225/225
f 225/225/225 292/292/292/ 240/240/240
f 292/292/292 255/255/255/ 240/240/240
f 240/240/240 255/255/255/ 251/251/251
f 251/251/251 255/255/255/ 229/229/229
f 229/229/229 255/255/255/ 239/239/239
f 229/229/229 239/239/239/ 326/326/326
f 326/326/326 239/239/239/ 309/309/309
f 371/371/371 225/225/225/ 367/367/367
f 367/367/367 225/225/225/ 226/226/226
f 225/225/225 240/240/240/ 226/226/226
f 226/226/226 240/240/240/ 241/241/241
f 240/240/240 251/251/251/ 241/241/241
f 241/241/241 251/251/251/ 216/216/216
f 216/216/216 251/251/251/ 230/230/230
f 230/230/230 251/251/251/ 229/229/229
f 230/230/230 229/229/229/ 323/323/323
f 323/323/323 229/229/229/ 326/326/326
f 266/266/266 367/367/367/ 226/226/226
f 266/266/266 226/226/226/ 213/213/213
f 213/213/213 226/226/226/ 241/241/241
f 213/213/213 241/241/241/ 215/215/215
f 215/215/215 241/241/241/ 216/216/216
f 216/216/216 230/230/230/ 215/215/215
f 215/215/215 230/230/230/ 291/291/291
f 230/230/230 323/323/323/ 291/291/291
f 291/291/291 323/323/323/ 310/310/310
f 323/323/323 327/327/327/ 310/310/310
f 323/323/323 326/326/326/ 327/327/327
f 368/368/368 367/367/367/ 266/266/266
f 265/265/265 368/368/368/ 266/266/266
f 265/265/265 266/266/266/ 212/212/212
f 212/212/212 266/266/266/ 213/213/213
f 212/212/212 213/213/213/ 244/244/244
f 244/244/244 213/213/213/ 215/215/215
f 215/215/215 291/291/291/ 244/244/244
f 244/244/244 291/291/291/ 235/235/235
f 291/291/291 310/310/310/ 235/235/235
f 235/235/235 310/310/310/ 340/340/340
f 310/310/310 334/334/334/ 340/340/340
f 310/310/310 327/327/327/ 334/334/334
f 374/374/374 368/368/368/ 265/265/265
f 246/246/246 374/374/374/ 265/265/265
f 246/246/246 265/265/265/ 260/260/260
f 260/260/260 265/265/265/ 212/212/212
f 260/260/260 212/212/212/ 242/242/242
f 242/242/242 212/212/212/ 244/244/244
f 244/244/244 235/235/235/ 242/242/242
f 242/242/242 235/235/235/ 231/231/231
f 235/235/235 340/340/340/ 231/231/231
f 231/231/231 340/340/340/ 312/312/312
f 340/340/340 311/311/311/ 312/312/312
f 340/340/340 334/334/334/ 311/311/311
f 358/358/358 374/374/374/ 246/246/246
f 358/358/358 246/246/246/ 360/360/360
f 360/360/360 246/246/246/ 245/245/245
f 246/246/246 260/260/260/ 245/245/245
f 245/245/245 260/260/260/ 261/261/261
f 260/260/260 242/242/242/ 261/261/261
f 261/261/261 242/242/242/ 257/257/257
f 242/242/242 231/231/231/ 257/257/257
f 257/257/257 231/231/231/ 232/232/232
f 231/231/231 312/312/312/ 232/232/232
f 232/232/232 312/312/312/ 347/347/347
f 312/312/312 338/338/338/ 347/347/347
f 312/312/312 311/311/311/ 338/338/338
f 347/347/347 338/338/338/ 317/317/317
f 327/327/327 326/326/326/ 339/339/339
f 326/326/326 309/309/309/ 339/339/339
f 339/339/339 309/309/309/ 308/308/308
f 309/309/309 335/335/335/ 308/308/308
f 308/308/308 335/335/335/ 352/352/352
f 335/335/335 341/341/341/ 352/352/352
f 228/228/228 238/238/238/ 328/328/328
f 238/238/238 343/343/343/ 328/328/328
f 328/328/328 343/343/343/ 344/344/344
f 343/343/343 345/345/345/ 344/344/344
f 344/344/344 345/345/345/ 346/346/346
f 302/302/302 300/300/300/ 301/301/301
f 301/301/301 300/300/300/ 330/330/330
f 300/300/300 426/426/426/ 330/330/330
f 330/330/330 426/426/426/ 411/411/411
f 426/426/426 385/385/385/ 411/411/411
f 411/411/411 385/385/385/ 384/384/384
f 385/385/385 389/389/389/ 384/384/384
f 301/301/301 330/330/330/ 353/353/353
f 353/353/353 330/330/330/ 214/214/214
f 330/330/330 411/411/411/ 214/214/214
f 214/214/214 411/411/411/ 440/440/440
f 411/411/411 384/384/384/ 440/440/440
f 440/440/440 384/384/384/ 412/412/412
f 412/412/412 384/384/384/ 414/414/414
f 414/414/414 384/384/384/ 390/390/390
f 384/384/384 389/389/389/ 390/390/390
f 389/389/389 417/417/417/ 390/390/390
f 353/353/353 214/214/214/ 351/351/351
f 351/351/351 214/214/214/ 304/304/304
f 214/214/214 440/440/440/ 304/304/304
f 304/304/304 440/440/440/ 455/455/455
f 440/440/440 412/412/412/ 455/455/455
f 455/455/455 412/412/412/ 427/427/427
f 427/427/427 412/412/412/ 429/429/429
f 429/429/429 412/412/412/ 414/414/414
f 429/429/429 414/414/414/ 463/463/463
f 463/463/463 414/414/414/ 447/447/447
f 414/414/414 390/390/390/ 447/447/447
f 351/351/351 304/304/304/ 332/332/332
f 332/332/332 304/304/304/ 314/314/314
f 304/304/304 455/455/455/ 314/314/314
f 314/314/314 455/455/455/ 470/470/470
f 455/455/455 427/427/427/ 470/470/470
f 470/470/470 427/427/427/ 442/442/442
f 442/442/442 427/427/427/ 444/444/444
f 444/444/444 427/427/427/ 429/429/429
f 444/444/444 429/429/429/ 393/393/393
f 393/393/393 429/429/429/ 463/463/463
f 471/471/471 332/332/332/ 314/314/314
f 471/471/471 314/314/314/ 457/457/457
f 457/457/457 314/314/314/ 470/470/470
f 457/457/457 470/470/470/ 475/475/475
f 475/475/475 470/470/470/ 442/442/442
f 442/442/442 444/444/444/ 475/475/475
f 475/475/475 444/444/444/ 431/431/431
f 444/444/444 393/393/393/ 431/431/431
f 431/431/431 393/393/393/ 424/424/424
f 393/393/393 392/392/392/ 424/424/424
f 393/393/393 463/463/463/ 392/392/392
f 355/355/355 332/332/332/ 471/471/471
f 472/472/472 355/355/355/ 471/471/471
f 472/472/472 471/471/471/ 473/473/473
f 473/473/473 471/471/471/ 457/457/457
f 473/473/473 457/457/457/ 459/459/459
f 459/459/459 457/457/457/ 475/475/475
f 475/475/475 431/431/431/ 459/459/459
f 459/459/459 431/431/431/ 416/416/416
f 431/431/431 424/424/424/ 416/416/416
f 416/416/416 424/424/424/ 419/419/419
f 424/424/424 420/420/420/ 419/419/419
f 424/424/424 392/392/392/ 420/420/420
f 354/354/354 355/355/355/ 472/472/472
f 477/477/477 354/354/354/ 472/472/472
f 477/477/477 472/472/472/ 380/380/380
f 380/380/380 472/472/472/ 473/473/473
f 380/380/380 473/473/473/ 388/388/388
f 388/388/388 473/473/473/ 459/459/459
f 459/459/459 416/416/416/ 388/388/388
f 388/388/388 416/416/416/ 446/446/446
f 416/416/416 419/419/419/ 446/446/446
f 446/446/446 419/419/419/ 405/405/405
f 419/419/419 421/421/421/ 405/405/405
f 419/419/419 420/420/420/ 421/421/421
f 318/318/318 354/354/354/ 477/477/477
f 318/318/318 477/477/477/ 319/319/319
f 319/319/319 477/477/477/ 478/478/478
f 477/477/477 380/380/380/ 478/478/478
f 478/478/478 380/380/380/ 382/382/382
f 380/380/380 388/388/388/ 382/382/382
f 382/382/382 388/388/388/ 387/387/387
f 388/388/388 446/446/446/ 387/387/387
f 387/387/387 446/446/446/ 461/461/461
f 446/446/446 405/405/405/ 461/461/461
f 461/461/461 405/405/405/ 401/401/401
f 405/405/405 407/407/407/ 401/401/401
f 405/405/405 421/421/421/ 407/407/407
f 319/319/319 478/478/478/ 305/305/305
f 305/305/305 478/478/478/ 306/306/306
f 478/478/478 382/382/382/ 306/306/306
f 306/306/306 382/382/382/ 410/410/410
f 382/382/382 387/387/387/ 410/410/410
f 410/410/410 387/387/387/ 413/413/413
f 413/413/413 387/387/387/ 391/391/391
f 391/391/391 387/387/387/ 461/461/461
f 391/391/391 461/461/461/ 409/409/409
f 409/409/409 461/461/461/ 401/401/401
f 305/305/305 306/306/306/ 303/303/303
f 303/303/303 306/306/306/ 342/342/342
f 306/306/306 410/410/410/ 342/342/342
f 342/342/342 410/410/410/ 425/425/425
f 410/410/410 413/413/413/ 425/425/425
f 425/425/425 413/413/413/ 428/428/428
f 428/428/428 413/413/413/ 415/415/415
f 415/415/415 413/413/413/ 391/391/391
f 415/415/415 391/391/391/ 404/404/404
f 404/404/404 391/391/391/ 409/409/409
f 303/303/303 342/342/342/ 316/316/316
f 316/316/316 342/342/342/ 379/379/379
f 342/342/342 425/425/425/ 379/379/379
f 379/379/379 425/425/425/ 441/441/441
f 425/425/425 428/428/428/ 441/441/441
f 441/441/441 428/428/428/ 443/443/443
f 443/443/443 428/428/428/ 430/430/430
f 430/430/430 428/428/428/ 415/415/415
f 430/430/430 415/415/415/ 400/400/400
f 400/400/400 415/415/415/ 404/404/404
f 313/313/313 316/316/316/ 379/379/379
f 313/313/313 379/379/379/ 456/456/456
f 456/456/456 379/379/379/ 441/441/441
f 456/456/456 441/441/441/ 458/458/458
f 458/458/458 441/441/441/ 443/443/443
f 443/443/443 430/430/430/ 458/458/458
f 458/458/458 430/430/430/ 445/445/445
f 430/430/430 400/400/400/ 445/445/445
f 445/445/445 400/400/400/ 408/408/408
f 400/400/400 402/402/402/ 408/408/408
f 400/400/400 404/404/404/ 402/402/402
f 315/315/315 316/316/316/ 313/313/313
f 320/320/320 315/315/315/ 313/313/313
f 320/320/320 313/313/313/ 381/381/381
f 381/381/381 313/313/313/ 456/456/456
f 381/381/381 456/456/456/ 474/474/474
f 474/474/474 456/456/456/ 458/458/458
f 458/458/458 445/445/445/ 474/474/474
f 474/474/474 445/445/445/ 460/460/460
f 445/445/445 408/408/408/ 460/460/460
f 460/460/460 408/408/408/ 397/397/397
f 408/408/408 398/398/398/ 397/397/397
f 408/408/408 402/402/402/ 398/398/398
f 331/331/331 315/315/315/ 320/320/320
f 321/321/321 331/331/331/ 320/320/320
f 321/321/321 320/320/320/ 383/383/383
f 383/383/383 320/320/320/ 381/381/381
f 383/383/383 381/381/381/ 386/386/386
f 386/386/386 381/381/381/ 474/474/474
f 474/474/474 460/460/460/ 386/386/386
f 386/386/386 460/460/460/ 476/476/476
f 460/460/460 397/397/397/ 476/476/476
f 476/476/476 397/397/397/ 433/433/433
f 397/397/397 396/396/396/ 433/433/433
f 397/397/397 398/398/398/ 396/396/396
f 299/299/299 331/331/331/ 321/321/321
f 433/433/433 396/396/396/ 418/418/418
f 402/402/402 404/404/404/ 406/406/406
f 404/404/404 409/409/409/ 406/406/406
f 406/406/406 409/409/409/ 399/399/399
f 409/409/409 401/401/401/ 399/399/399
f 399/399/399 401/401/401/ 403/403/403
f 401/401/401 407/407/407/ 403/403/403
f 392/392/392 463/463/463/ 462/462/462
f 463/463/463 447/447/447/ 462/462/462
f 462/462/462 447/447/447/ 432/432/432
f 447/447/447 395/395/395/ 432/432/432
f 447/447/447 390/390/390/ 395/395/395
f 390/390/390 417/417/417/ 395/395/395
f 417/417/417 394/394/394/ 395/395/395
f 395/395/395 394/394/394/ 448/448/448
f 432/432/432 395/395/395/ 448/448/448
f 422/422/422 578/578/578/ 423/423/423
f 578/578/578 547/547/547/ 423/423/423
f 578/578/578 562/562/562/ 547/547/547
f 562/562/562 532/532/532/ 547/547/547
f 547/547/547 532/532/532/ 517/517/517
f 515/515/515 530/530/530/ 434/434/434
f 546/546/546 530/530/530/ 515/515/515
f 546/546/546 515/515/515/ 453/453/453
f 453/453/453 454/454/454/ 546/546/546
f 452/452/452 454/454/454/ 453/453/453
f 435/435/435 625/625/625/ 436/436/436
f 627/627/627 625/625/625/ 435/435/435
f 622/622/622 625/625/625/ 627/627/627
f 623/623/623 625/625/625/ 622/622/622
f 622/622/622 605/605/605/ 623/623/623
f 503/503/503 605/605/605/ 622/622/622
f 503/503/503 622/622/622/ 505/505/505
f 505/505/505 622/622/622/ 507/507/507
f 507/507/507 577/577/577/ 505/505/505
f 505/505/505 577/577/577/ 576/576/576
f 606/606/606 623/623/623/ 605/605/605
f 605/605/605 590/590/590/ 606/606/606
f 556/556/556 590/590/590/ 605/605/605
f 503/503/503 556/556/556/ 605/605/605
f 567/567/567 556/556/556/ 503/503/503
f 514/514/514 623/623/623/ 606/606/606
f 582/582/582 514/514/514/ 606/606/606
f 606/606/606 485/485/485/ 582/582/582
f 606/606/606 599/599/599/ 485/485/485
f 606/606/606 590/590/590/ 599/599/599
f 590/590/590 598/598/598/ 599/599/599
f 613/613/613 598/598/598/ 590/590/590
f 558/558/558 613/613/613/ 590/590/590
f 558/558/558 590/590/590/ 556/556/556
f 583/583/583 514/514/514/ 582/582/582
f 574/574/574 613/613/613/ 558/558/558
f 569/569/569 574/574/574/ 558/558/558
f 569/569/569 558/558/558/ 554/554/554
f 554/554/554 558/558/558/ 557/557/557
f 556/556/556 557/557/557/ 558/558/558
f 555/555/555 557/557/557/ 556/556/556
f 544/544/544 555/555/555/ 556/556/556
f 567/567/567 544/544/544/ 556/556/556
f 589/589/589 574/574/574/ 569/569/569
f 508/508/508 589/589/589/ 569/569/569
f 508/508/508 569/569/569/ 506/506/506
f 506/506/506 569/569/569/ 544/544/544
f 544/544/544 569/569/569/ 584/584/584
f 584/584/584 569/569/569/ 554/554/554
f 589/589/589 588/588/588/ 574/574/574
f 573/573/573 588/588/588/ 589/589/589
f 588/588/588 573/573/573/ 490/490/490
f 490/490/490 573/573/573/ 489/489/489
f 584/584/584 555/555/555/ 544/544/544
f 527/527/527 589/589/589/ 508/508/508
f 510/510/510 527/527/527/ 508/508/508
f 508/508/508 512/512/512/ 510/510/510
f 506/506/506 512/512/512/ 508/508/508
f 504/504/504 512/512/512/ 506/506/506
f 511/511/511 504/504/504/ 506/506/506
f 581/581/581 511/511/511/ 506/506/506
f 581/581/581 506/506/506/ 497/497/497
f 497/497/497 506/506/506/ 544/544/544
f 539/539/539 527/527/527/ 510/510/510
f 527/527/527 539/539/539/ 528/528/528
f 528/528/528 539/539/539/ 540/540/540
f 528/528/528 540/540/540/ 563/563/563
f 563/563/563 540/540/540/ 548/548/548
f 497/497/497 544/544/544/ 567/567/567
f 497/497/497 567/567/567/ 568/568/568
f 568/568/568 567/567/567/ 552/552/552
f 552/552/552 480/480/480/ 568/568/568
f 568/568/568 480/480/480/ 465/465/465
f 565/565/565 511/511/511/ 581/581/581
f 581/581/581 550/550/550/ 565/565/565
f 565/565/565 550/550/550/ 535/535/535
f 550/550/550 482/482/482/ 535/535/535
f 535/535/535 482/482/482/ 467/467/467
f 509/509/509 504/504/504/ 511/511/511
f 466/466/466 504/504/504/ 509/509/509
f 481/481/481 504/504/504/ 466/466/466
f 481/481/481 487/487/487/ 504/504/504
f 487/487/487 512/512/512/ 504/504/504
f 487/487/487 579/579/579/ 512/512/512
f 579/579/579 529/529/529/ 512/512/512
f 491/491/491 529/529/529/ 579/579/579
f 510/510/510 512/512/512/ 529/529/529
f 599/599/599 598/598/598/ 603/603/603
f 603/603/603 564/564/564/ 599/599/599
f 580/580/580 564/564/564/ 603/603/603
f 485/485/485 599/599/599/ 564/564/564
f 437/437/437 551/551/551/ 438/438/438
f 438/438/438 551/551/551/ 536/536/536
f 551/551/551 521/521/521/ 536/536/536
f 536/536/536 521/521/521/ 498/498/498
f 521/521/521 520/520/520/ 498/498/498
f 520/520/520 521/521/521/ 496/496/496
f 496/496/496 521/521/521/ 566/566/566
f 566/566/566 468/468/468/ 496/496/496
f 496/496/496 468/468/468/ 484/484/484
f 498/498/498 520/520/520/ 495/495/495
f 520/520/520 494/494/494/ 495/495/495
f 519/519/519 494/494/494/ 520/520/520
f 519/519/519 439/439/439/ 494/494/494
f 494/494/494 439/439/439/ 479/479/479
f 464/464/464 523/523/523/ 449/449/449
f 449/449/449 523/523/523/ 502/502/502
f 523/523/523 501/501/501/ 502/502/502
f 502/502/502 501/501/501/ 513/513/513
f 501/501/501 499/499/499/ 513/513/513
f 499/499/499 501/501/501/ 553/553/553
f 553/553/553 501/501/501/ 538/538/538
f 538/538/538 483/483/483/ 553/553/553
f 553/553/553 483/483/483/ 469/469/469
f 513/513/513 499/499/499/ 500/500/500
f 499/499/499 522/522/522/ 500/500/500
f 537/537/537 522/522/522/ 499/499/499
f 537/537/537 450/450/450/ 522/522/522
f 522/522/522 450/450/450/ 451/451/451
f 575/575/575 560/560/560/ 559/559/559
f 559/559/559 560/560/560/ 570/570/570
f 559/559/559 570/570/570/ 585/585/585
f 585/585/585 570/570/570/ 586/586/586
f 585/585/585 586/586/586/ 542/542/542
f 542/542/542 586/586/586/ 526/526/526
f 525/525/525 542/542/542/ 526/526/526
f 524/524/524 542/542/542/ 525/525/525
f 524/524/524 525/525/525/ 545/545/545
f 545/545/545 525/525/525/ 531/531/531
f 542/542/542 543/543/543/ 585/585/585
f 541/541/541 543/543/543/ 542/542/542
f 543/543/543 541/541/541/ 533/533/533
f 533/533/533 541/541/541/ 518/518/518
f 516/516/516 488/488/488/ 611/611/611
f 611/611/611 488/488/488/ 617/617/617
f 611/611/611 617/617/617/ 610/610/610
f 610/610/610 617/617/617/ 615/615/615
f 610/610/610 615/615/615/ 592/592/592
f 592/592/592 615/615/615/ 572/572/572
f 587/587/587 592/592/592/ 572/572/572
f 571/571/571 592/592/592/ 587/587/587
f 571/571/571 587/587/587/ 486/486/486
f 486/486/486 587/587/587/ 561/561/561
f 592/592/592 591/591/591/ 610/610/610
f 593/593/593 591/591/591/ 592/592/592
f 591/591/591 593/593/593/ 492/492/492
f 492/492/492 593/593/593/ 493/493/493
f 549/549/549 607/607/607/ 534/534/534
f 604/604/604 607/607/607/ 549/549/549
f 612/612/612 607/607/607/ 604/604/604
f 613/613/613 607/607/607/ 612/612/612
f 612/612/612 598/598/598/ 613/613/613
f 612/612/612 655/655/655/ 598/598/598
f 598/598/598 655/655/655/ 649/649/649
f 655/655/655 644/644/644/ 649/649/649
f 649/649/649 644/644/644/ 646/646/646
f 601/601/601 600/600/600/ 624/624/624
f 624/624/624 600/600/600/ 608/608/608
f 608/608/608 631/631/631/ 624/624/624
f 608/608/608 614/614/614/ 631/631/631
f 616/616/616 614/614/614/ 608/608/608
f 616/616/616 594/594/594/ 614/614/614
f 632/632/632 594/594/594/ 616/616/616
f 616/616/616 629/629/629/ 632/632/632
f 628/628/628 629/629/629/ 616/616/616
f 624/624/624 631/631/631/ 630/630/630
f 631/631/631 721/721/721/ 630/630/630
f 640/640/640 721/721/721/ 631/631/631
f 640/640/640 648/648/648/ 721/721/721
f 624/624/624 630/630/630/ 602/602/602
f 602/602/602 630/630/630/ 609/609/609
f 721/721/721 648/648/648/ 745/745/745
f 648/648/648 744/744/744/ 745/745/745
f 650/650/650 744/744/744/ 648/648/648
f 656/656/656 650/650/650/ 648/648/648
f 657/657/657 650/650/650/ 656/656/656
f 647/647/647 657/657/657/ 656/656/656
f 720/720/720 647/647/647/ 656/656/656
f 744/744/744 724/724/724/ 745/745/745
f 745/745/745 724/724/724/ 725/725/725
f 641/641/641 647/647/647/ 720/720/720
f 641/641/641 720/720/720/ 594/594/594
f 594/594/594 720/720/720/ 614/614/614
f 596/596/596 744/744/744/ 650/650/650
f 595/595/595 744/744/744/ 596/596/596
f 632/632/632 626/626/626/ 594/594/594
f 633/633/633 626/626/626/ 632/632/632
f 597/597/597 657/657/657/ 642/642/642
f 642/642/642 657/657/657/ 746/746/746
f 746/746/746 657/657/657/ 647/647/647
f 747/747/747 746/746/746/ 647/647/647
f 645/645/645 746/746/746/ 747/747/747
f 726/726/726 727/727/727/ 661/661/661
f 661/661/661 727/727/727/ 769/769/769
f 727/727/727 770/770/770/ 769/769/769
f 672/672/672 770/770/770/ 727/727/727
f 672/672/672 701/701/701/ 770/770/770
f 670/670/670 701/701/701/ 672/672/672
f 670/670/670 700/700/700/ 701/701/701
f 748/748/748 700/700/700/ 670/670/670
f 661/661/661 769/769/769/ 695/695/695
f 695/695/695 769/769/769/ 771/771/771
f 769/769/769 773/773/773/ 771/771/771
f 770/770/770 773/773/773/ 769/769/769
f 770/770/770 774/774/774/ 773/773/773
f 701/701/701 774/774/774/ 770/770/770
f 701/701/701 719/719/719/ 774/774/774
f 700/700/700 719/719/719/ 701/701/701
f 700/700/700 718/718/718/ 719/719/719
f 699/699/699 718/718/718/ 700/700/700
f 748/748/748 699/699/699/ 700/700/700
f 749/749/749 699/699/699/ 748/748/748
f 695/695/695 771/771/771/ 776/776/776
f 776/776/776 771/771/771/ 709/709/709
f 771/771/771 775/775/775/ 709/709/709
f 773/773/773 775/775/775/ 771/771/771
f 773/773/773 723/723/723/ 775/775/775
f 774/774/774 723/723/723/ 773/773/773
f 774/774/774 722/722/722/ 723/723/723
f 719/719/719 722/722/722/ 774/774/774
f 719/719/719 634/634/634/ 722/722/722
f 718/718/718 634/634/634/ 719/719/719
f 709/709/709 714/714/714/ 776/776/776
f 709/709/709 775/775/775/ 714/714/714
f 714/714/714 775/775/775/ 715/715/715
f 775/775/775 723/723/723/ 715/715/715
f 715/715/715 723/723/723/ 764/764/764
f 723/723/723 722/722/722/ 764/764/764
f 764/764/764 722/722/722/ 765/765/765
f 722/722/722 702/702/702/ 765/765/765
f 634/634/634 702/702/702/ 722/722/722
f 776/776/776 714/714/714/ 713/713/713
f 714/714/714 682/682/682/ 713/713/713
f 714/714/714 715/715/715/ 682/682/682
f 682/682/682 715/715/715/ 732/732/732
f 715/715/715 764/764/764/ 732/732/732
f 732/732/732 764/764/764/ 654/654/654
f 764/764/764 765/765/765/ 654/654/654
f 654/654/654 765/765/765/ 668/668/668
f 765/765/765 683/683/683/ 668/668/668
f 702/702/702 683/683/683/ 765/765/765
f 713/713/713 682/682/682/ 685/685/685
f 682/682/682 676/676/676/ 685/685/685
f 682/682/682 732/732/732/ 676/676/676
f 676/676/676 732/732/732/ 733/733/733
f 732/732/732 654/654/654/ 733/733/733
f 733/733/733 654/654/654/ 652/652/652
f 654/654/654 668/668/668/ 652/652/652
f 652/652/652 668/668/668/ 684/684/684
f 668/668/668 653/653/653/ 684/684/684
f 683/683/683 653/653/653/ 668/668/668
f 685/685/685 676/676/676/ 681/681/681
f 683/683/683 665/665/665/ 653/653/653
f 669/669/669 665/665/665/ 683/683/683
f 702/702/702 669/669/669/ 683/683/683
f 704/704/704 669/669/669/ 702/702/702
f 634/634/634 704/704/704/ 702/702/702
f 731/731/731 704/704/704/ 634/634/634
f 634/634/634 717/717/717/ 731/731/731
f 718/718/718 717/717/717/ 634/634/634
f 669/669/669 666/666/666/ 665/665/665
f 663/663/663 666/666/666/ 669/669/669
f 704/704/704 663/663/663/ 669/669/669
f 728/728/728 663/663/663/ 704/704/704
f 731/731/731 728/728/728/ 704/704/704
f 680/680/680 728/728/728/ 731/731/731
f 731/731/731 758/758/758/ 680/680/680
f 717/717/717 758/758/758/ 731/731/731
f 717/717/717 757/757/757/ 758/758/758
f 756/756/756 757/757/757/ 717/717/717
f 718/718/718 756/756/756/ 717/717/717
f 699/699/699 756/756/756/ 718/718/718
f 663/663/663 651/651/651/ 666/666/666
f 667/667/667 651/651/651/ 663/663/663
f 728/728/728 667/667/667/ 663/663/663
f 729/729/729 667/667/667/ 728/728/728
f 680/680/680 729/729/729/ 728/728/728
f 730/730/730 729/729/729/ 680/680/680
f 680/680/680 759/759/759/ 730/730/730
f 758/758/758 759/759/759/ 680/680/680
f 758/758/758 696/696/696/ 759/759/759
f 757/757/757 696/696/696/ 758/758/758
f 667/667/667 755/755/755/ 651/651/651
f 667/667/667 673/673/673/ 755/755/755
f 729/729/729 673/673/673/ 667/667/667
f 729/729/729 740/740/740/ 673/673/673
f 730/730/730 740/740/740/ 729/729/729
f 759/759/759 740/740/740/ 730/730/730
f 710/710/710 740/740/740/ 759/759/759
f 696/696/696 710/710/710/ 759/759/759
f 697/697/697 710/710/710/ 696/696/696
f 677/677/677 697/697/697/ 696/696/696
f 757/757/757 677/677/677/ 696/696/696
f 651/651/651 755/755/755/ 662/662/662
f 755/755/755 643/643/643/ 662/662/662
f 755/755/755 675/675/675/ 643/643/643
f 673/673/673 675/675/675/ 755/755/755
f 673/673/673 763/763/763/ 675/675/675
f 740/740/740 763/763/763/ 673/673/673
f 710/710/710 763/763/763/ 740/740/740
f 711/711/711 763/763/763/ 710/710/710
f 697/697/697 711/711/711/ 710/710/710
f 698/698/698 711/711/711/ 697/697/697
f 671/671/671 698/698/698/ 697/697/697
f 671/671/671 697/697/697/ 677/677/677
f 662/662/662 643/643/643/ 635/635/635
f 643/643/643 636/636/636/ 635/635/635
f 643/643/643 674/674/674/ 636/636/636
f 675/675/675 674/674/674/ 643/643/643
f 675/675/675 762/762/762/ 674/674/674
f 763/763/763 762/762/762/ 675/675/675
f 711/711/711 762/762/762/ 763/763/763
f 712/712/712 762/762/762/ 711/711/711
f 698/698/698 712/712/712/ 711/711/711
f 692/692/692 712/712/712/ 698/698/698
f 658/658/658 692/692/692/ 698/698/698
f 658/658/658 698/698/698/ 671/671/671
f 635/635/635 636/636/636/ 739/739/739
f 636/636/636 686/686/686/ 739/739/739
f 754/754/754 686/686/686/ 636/636/636
f 674/674/674 754/754/754/ 636/636/636
f 705/705/705 754/754/754/ 674/674/674
f 762/762/762 705/705/705/ 674/674/674
f 688/688/688 705/705/705/ 762/762/762
f 712/712/712 688/688/688/ 762/762/762
f 706/706/706 688/688/688/ 712/712/712
f 692/692/692 706/706/706/ 712/712/712
f 693/693/693 706/706/706/ 692/692/692
f 660/660/660 693/693/693/ 692/692/692
f 660/660/660 692/692/692/ 658/658/658
f 754/754/754 638/638/638/ 686/686/686
f 664/664/664 638/638/638/ 754/754/754
f 705/705/705 664/664/664/ 754/754/754
f 687/687/687 664/664/664/ 705/705/705
f 688/688/688 687/687/687/ 705/705/705
f 761/761/761 687/687/687/ 688/688/688
f 688/688/688 707/707/707/ 761/761/761
f 706/706/706 707/707/707/ 688/688/688
f 706/706/706 694/694/694/ 707/707/707
f 693/693/693 694/694/694/ 706/706/706
f 664/664/664 637/637/637/ 638/638/638
f 703/703/703 637/637/637/ 664/664/664
f 687/687/687 703/703/703/ 664/664/664
f 716/716/716 703/703/703/ 687/687/687
f 761/761/761 716/716/716/ 687/687/687
f 760/760/760 716/716/716/ 761/761/761
f 761/761/761 708/708/708/ 760/760/760
f 707/707/707 708/708/708/ 761/761/761
f 707/707/707 772/772/772/ 708/708/708
f 694/694/694 772/772/772/ 707/707/707
f 694/694/694 750/750/750/ 772/772/772
f 751/751/751 750/750/750/ 694/694/694
f 693/693/693 751/751/751/ 694/694/694
f 659/659/659 751/751/751/ 693/693/693
f 659/659/659 693/693/693/ 660/660/660
f 678/678/678 677/677/677/ 757/757/757
f 756/756/756 678/678/678/ 757/757/757
f 679/679/679 678/678/678/ 756/756/756
f 699/699/699 679/679/679/ 756/756/756
f 749/749/749 679/679/679/ 699/699/699
f 752/752/752 753/753/753/ 743/743/743
f 743/743/743 753/753/753/ 741/741/741
f 753/753/753 742/742/742/ 741/741/741
f 689/689/689 742/742/742/ 753/753/753
f 689/689/689 779/779/779/ 742/742/742
f 690/690/690 779/779/779/ 689/689/689
f 690/690/690 734/734/734/ 779/779/779
f 691/691/691 734/734/734/ 690/690/690
f 743/743/743 741/741/741/ 808/808/808
f 808/808/808 741/741/741/ 788/788/788
f 741/741/741 790/790/790/ 788/788/788
f 742/742/742 790/790/790/ 741/741/741
f 742/742/742 792/792/792/ 790/790/790
f 779/779/779 792/792/792/ 742/742/742
f 779/779/779 800/800/800/ 792/792/792
f 734/734/734 800/800/800/ 779/779/779
f 734/734/734 881/881/881/ 800/800/800
f 735/735/735 881/881/881/ 734/734/734
f 691/691/691 735/735/735/ 734/734/734
f 639/639/639 735/735/735/ 691/691/691
f 808/808/808 788/788/788/ 820/820/820
f 820/820/820 788/788/788/ 835/835/835
f 788/788/788 850/850/850/ 835/835/835
f 790/790/790 850/850/850/ 788/788/788
f 790/790/790 865/865/865/ 850/850/850
f 792/792/792 865/865/865/ 790/790/790
f 792/792/792 879/879/879/ 865/865/865
f 800/800/800 879/879/879/ 792/792/792
f 800/800/800 794/794/794/ 879/879/879
f 881/881/881 794/794/794/ 800/800/800
f 835/835/835 878/878/878/ 820/820/820
f 835/835/835 850/850/850/ 878/878/878
f 878/878/878 850/850/850/ 793/793/793
f 850/850/850 865/865/865/ 793/793/793
f 793/793/793 865/865/865/ 817/817/817
f 865/865/865 879/879/879/ 817/817/817
f 817/817/817 879/879/879/ 832/832/832
f 879/879/879 847/847/847/ 832/832/832
f 794/794/794 847/847/847/ 879/879/879
f 820/820/820 878/878/878/ 863/863/863
f 878/878/878 830/830/830/ 863/863/863
f 878/878/878 793/793/793/ 830/830/830
f 830/830/830 793/793/793/ 860/860/860
f 793/793/793 817/817/817/ 860/860/860
f 860/860/860 817/817/817/ 874/874/874
f 817/817/817 832/832/832/ 874/874/874
f 874/874/874 832/832/832/ 787/787/787
f 832/832/832 829/829/829/ 787/787/787
f 847/847/847 829/829/829/ 832/832/832
f 863/863/863 830/830/830/ 789/789/789
f 830/830/830 845/845/845/ 789/789/789
f 830/830/830 860/860/860/ 845/845/845
f 845/845/845 860/860/860/ 875/875/875
f 860/860/860 874/874/874/ 875/875/875
f 875/875/875 874/874/874/ 782/782/782
f 874/874/874 787/787/787/ 782/782/782
f 782/782/782 787/787/787/ 814/814/814
f 787/787/787 844/844/844/ 814/814/814
f 829/829/829 844/844/844/ 787/787/787
f 789/789/789 845/845/845/ 815/815/815
f 829/829/829 873/873/873/ 844/844/844
f 859/859/859 873/873/873/ 829/829/829
f 847/847/847 859/859/859/ 829/829/829
f 862/862/862 859/859/859/ 847/847/847
f 794/794/794 862/862/862/ 847/847/847
f 797/797/797 862/862/862/ 794/794/794
f 794/794/794 798/798/798/ 797/797/797
f 881/881/881 798/798/798/ 794/794/794
f 859/859/859 784/784/784/ 873/873/873
f 783/783/783 784/784/784/ 859/859/859
f 862/862/862 783/783/783/ 859/859/859
f 877/877/877 783/783/783/ 862/862/862
f 797/797/797 877/877/877/ 862/862/862
f 819/819/819 877/877/877/ 797/797/797
f 797/797/797 801/801/801/ 819/819/819
f 798/798/798 801/801/801/ 797/797/797
f 798/798/798 736/736/736/ 801/801/801
f 737/737/737 736/736/736/ 798/798/798
f 881/881/881 737/737/737/ 798/798/798
f 735/735/735 737/737/737/ 881/881/881
f 783/783/783 827/827/827/ 784/784/784
f 812/812/812 827/827/827/ 783/783/783
f 877/877/877 812/812/812/ 783/783/783
f 791/791/791 812/812/812/ 877/877/877
f 819/819/819 791/791/791/ 877/877/877
f 834/834/834 791/791/791/ 819/819/819
f 819/819/819 821/821/821/ 834/834/834
f 801/801/801 821/821/821/ 819/819/819
f 801/801/801 781/781/781/ 821/821/821
f 736/736/736 781/781/781/ 801/801/801
f 812/812/812 843/843/843/ 827/827/827
f 812/812/812 816/816/816/ 843/843/843
f 791/791/791 816/816/816/ 812/812/812
f 791/791/791 849/849/849/ 816/816/816
f 834/834/834 849/849/849/ 791/791/791
f 821/821/821 849/849/849/ 834/834/834
f 836/836/836 849/849/849/ 821/821/821
f 781/781/781 836/836/836/ 821/821/821
f 738/738/738 836/836/836/ 781/781/781
f 618/618/618 738/738/738/ 781/781/781
f 736/736/736 618/618/618/ 781/781/781
f 827/827/827 843/843/843/ 858/858/858
f 843/843/843 872/872/872/ 858/858/858
f 843/843/843 831/831/831/ 872/872/872
f 816/816/816 831/831/831/ 843/843/843
f 816/816/816 864/864/864/ 831/831/831
f 849/849/849 864/864/864/ 816/816/816
f 836/836/836 864/864/864/ 849/849/849
f 851/851/851 864/864/864/ 836/836/836
f 738/738/738 851/851/851/ 836/836/836
f 780/780/780 851/851/851/ 738/738/738
f 778/778/778 780/780/780/ 738/738/738
f 778/778/778 738/738/738/ 618/618/618
f 858/858/858 872/872/872/ 810/810/810
f 872/872/872 785/785/785/ 810/810/810
f 872/872/872 846/846/846/ 785/785/785
f 831/831/831 846/846/846/ 872/872/872
f 831/831/831 795/795/795/ 846/846/846
f 864/864/864 795/795/795/ 831/831/831
f 851/851/851 795/795/795/ 864/864/864
f 866/866/866 795/795/795/ 851/851/851
f 780/780/780 866/866/866/ 851/851/851
f 802/802/802 866/866/866/ 780/780/780
f 619/619/619 802/802/802/ 780/780/780
f 619/619/619 780/780/780/ 778/778/778
f 810/810/810 785/785/785/ 813/813/813
f 785/785/785 842/842/842/ 813/813/813
f 828/828/828 842/842/842/ 785/785/785
f 846/846/846 828/828/828/ 785/785/785
f 861/861/861 828/828/828/ 846/846/846
f 795/795/795 861/861/861/ 846/846/846
f 818/818/818 861/861/861/ 795/795/795
f 866/866/866 818/818/818/ 795/795/795
f 880/880/880 818/818/818/ 866/866/866
f 802/802/802 880/880/880/ 866/866/866
f 803/803/803 880/880/880/ 802/802/802
f 777/777/777 803/803/803/ 802/802/802
f 777/777/777 802/802/802/ 619/619/619
f 828/828/828 841/841/841/ 842/842/842
f 811/811/811 841/841/841/ 828/828/828
f 861/861/861 811/811/811/ 828/828/828
f 786/786/786 811/811/811/ 861/861/861
f 818/818/818 786/786/786/ 861/861/861
f 848/848/848 786/786/786/ 818/818/818
f 818/818/818 796/796/796/ 848/848/848
f 880/880/880 796/796/796/ 818/818/818
f 880/880/880 804/804/804/ 796/796/796
f 803/803/803 804/804/804/ 880/880/880
f 811/811/811 826/826/826/ 841/841/841
f 857/857/857 826/826/826/ 811/811/811
f 786/786/786 857/857/857/ 811/811/811
f 876/876/876 857/857/857/ 786/786/786
f 848/848/848 876/876/876/ 786/786/786
f 833/833/833 876/876/876/ 848/848/848
f 848/848/848 799/799/799/ 833/833/833
f 796/796/796 799/799/799/ 848/848/848
f 796/796/796 806/806/806/ 799/799/799
f 804/804/804 806/806/806/ 796/796/796
f 804/804/804 767/767/767/ 806/806/806
f 766/766/766 767/767/767/ 804/804/804
f 803/803/803 766/766/766/ 804/804/804
f 768/768/768 766/766/766/ 803/803/803
f 768/768/768 803/803/803/ 777/777/777
f 620/620/620 618/618/618/ 736/736/736
f 737/737/737 620/620/620/ 736/736/736
f 621/621/621 620/620/620/ 737/737/737
f 735/735/735 621/621/621/ 737/737/737
f 639/639/639 621/621/621/ 735/735/735
f 856/856/856 957/957/957/ 896/896/896
f 957/957/957 983/983/983/ 896/896/896
f 983/983/983 957/957/957/ 954/954/954
f 957/957/957 939/939/939/ 954/954/954
f 904/904/904 939/939/939/ 957/957/957
f 904/904/904 957/957/957/ 891/891/891
f 1027/1027/1027 904/904/904/ 891/891/891
f 896/896/896 983/983/983/ 936/936/936
f 968/968/968 936/936/936/ 983/983/983
f 868/868/868 968/968/968/ 983/983/983
f 882/882/882 868/868/868/ 983/983/983
f 983/983/983 954/954/954/ 882/882/882
f 900/900/900 882/882/882/ 954/954/954
f 954/954/954 969/969/969/ 900/900/900
f 939/939/939 969/969/969/ 954/954/954
f 896/896/896 936/936/936/ 921/921/921
f 921/921/921 936/936/936/ 951/951/951
f 936/936/936 938/938/938/ 951/951/951
f 953/953/953 938/938/938/ 936/936/936
f 953/953/953 936/936/936/ 968/968/968
f 968/968/968 901/901/901/ 953/953/953
f 868/868/868 901/901/901/ 968/968/968
f 896/896/896 921/921/921/ 891/891/891
f 891/891/891 921/921/921/ 894/894/894
f 981/981/981 891/891/891/ 894/894/894
f 966/966/966 891/891/891/ 981/981/981
f 953/953/953 909/909/909/ 938/938/938
f 913/913/913 909/909/909/ 953/953/953
f 953/953/953 901/901/901/ 913/913/913
f 901/901/901 985/985/985/ 913/913/913
f 971/971/971 985/985/985/ 901/901/901
f 868/868/868 971/971/971/ 901/901/901
f 868/868/868 899/899/899/ 971/971/971
f 899/899/899 868/868/868/ 882/882/882
f 893/893/893 909/909/909/ 913/913/913
f 913/913/913 985/985/985/ 893/893/893
f 985/985/985 982/982/982/ 893/893/893
f 982/982/982 985/985/985/ 971/971/971
f 982/982/982 971/971/971/ 972/972/972
f 971/971/971 924/924/924/ 972/972/972
f 971/971/971 899/899/899/ 924/924/924
f 911/911/911 909/909/909/ 893/893/893
f 893/893/893 941/941/941/ 911/911/911
f 967/967/967 941/941/941/ 893/893/893
f 893/893/893 982/982/982/ 967/967/967
f 952/952/952 967/967/967/ 982/982/982
f 982/982/982 972/972/972/ 952/952/952
f 952/952/952 972/972/972/ 986/986/986
f 972/972/972 970/970/970/ 986/986/986
f 972/972/972 924/924/924/ 970/970/970
f 924/924/924 955/955/955/ 970/970/970
f 902/902/902 955/955/955/ 924/924/924
f 899/899/899 902/902/902/ 924/924/924
f 941/941/941 967/967/967/ 956/956/956
f 956/956/956 967/967/967/ 937/937/937
f 937/937/937 967/967/967/ 952/952/952
f 922/922/922 937/937/937/ 952/952/952
f 987/987/987 922/922/922/ 952/952/952
f 987/987/987 952/952/952/ 986/986/986
f 956/956/956 937/937/937/ 903/903/903
f 898/898/898 937/937/937/ 922/922/922
f 898/898/898 922/922/922/ 923/923/923
f 923/923/923 922/922/922/ 907/907/907
f 907/907/907 922/922/922/ 905/905/905
f 987/987/987 905/905/905/ 922/922/922
f 908/908/908 905/905/905/ 987/987/987
f 986/986/986 908/908/908/ 987/987/987
f 927/927/927 908/908/908/ 986/986/986
f 927/927/927 986/986/986/ 942/942/942
f 942/942/942 986/986/986/ 940/940/940
f 970/970/970 940/940/940/ 986/986/986
f 970/970/970 1007/1007/1007/ 940/940/940
f 970/970/970 955/955/955/ 1007/1007/1007
f 1017/1017/1017 1007/1007/1007/ 955/955/955
f 955/955/955 902/902/902/ 1017/1017/1017
f 902/902/902 984/984/984/ 1017/1017/1017
f 984/984/984 902/902/902/ 899/899/899
f 899/899/899 925/925/925/ 984/984/984
f 882/882/882 925/925/925/ 899/899/899
f 925/925/925 882/882/882/ 900/900/900
f 1007/1007/1007 1017/1017/1017/ 1002/1002/1002
f 1010/1010/1010 1002/1002/1002/ 1017/1017/1017
f 1011/1011/1011 1010/1010/1010/ 1017/1017/1017
f 1006/1006/1006 1011/1011/1011/ 1017/1017/1017
f 1006/1006/1006 1017/1017/1017/ 1018/1018/1018
f 1019/1019/1019 1018/1018/1018/ 1017/1017/1017
f 892/892/892 1019/1019/1019/ 1017/1017/1017
f 892/892/892 1017/1017/1017/ 969/969/969
f 1017/1017/1017 900/900/900/ 969/969/969
f 1017/1017/1017 925/925/925/ 900/900/900
f 984/984/984 925/925/925/ 1017/1017/1017
f 1002/1002/1002 1003/1003/1003/ 1007/1007/1007
f 1002/1002/1002 1032/1032/1032/ 1003/1003/1003
f 1010/1010/1010 1032/1032/1032/ 1002/1002/1002
f 1010/1010/1010 1033/1033/1033/ 1032/1032/1032
f 1011/1011/1011 1033/1033/1033/ 1010/1010/1010
f 1011/1011/1011 1006/1006/1006/ 1033/1033/1033
f 1007/1007/1007 1003/1003/1003/ 1004/1004/1004
f 974/974/974 1004/1004/1004/ 1003/1003/1003
f 1003/1003/1003 973/973/973/ 974/974/974
f 1032/1032/1032 973/973/973/ 1003/1003/1003
f 1032/1032/1032 1001/1001/1001/ 973/973/973
f 1032/1032/1032 1033/1033/1033/ 1001/1001/1001
f 1001/1001/1001 1033/1033/1033/ 980/980/980
f 1033/1033/1033 979/979/979/ 980/980/980
f 1033/1033/1033 1006/1006/1006/ 979/979/979
f 1006/1006/1006 1018/1018/1018/ 979/979/979
f 974/974/974 959/959/959/ 1004/1004/1004
f 958/958/958 959/959/959/ 974/974/974
f 974/974/974 943/943/943/ 958/958/958
f 989/989/989 943/943/943/ 974/974/974
f 1029/1029/1029 989/989/989/ 974/974/974
f 973/973/973 1029/1029/1029/ 974/974/974
f 973/973/973 1035/1035/1035/ 1029/1029/1029
f 1001/1001/1001 1035/1035/1035/ 973/973/973
f 994/994/994 1035/1035/1035/ 1001/1001/1001
f 994/994/994 1001/1001/1001/ 1015/1015/1015
f 1001/1001/1001 980/980/980/ 1015/1015/1015
f 989/989/989 929/929/929/ 943/943/943
f 1031/1031/1031 929/929/929/ 989/989/989
f 1031/1031/1031 989/989/989/ 1029/1029/1029
f 1026/1026/1026 1031/1031/1031/ 1029/1029/1029
f 1026/1026/1026 1029/1029/1029/ 1028/1028/1028
f 1028/1028/1028 1029/1029/1029/ 1035/1035/1035
f 1028/1028/1028 1035/1035/1035/ 914/914/914
f 914/914/914 1035/1035/1035/ 994/994/994
f 914/914/914 994/994/994/ 930/930/930
f 930/930/930 994/994/994/ 1015/1015/1015
f 929/929/929 1031/1031/1031/ 944/944/944
f 944/944/944 1031/1031/1031/ 1000/1000/1000
f 1031/1031/1031 1030/1030/1030/ 1000/1000/1000
f 1030/1030/1030 1031/1031/1031/ 1026/1026/1026
f 939/939/939 892/892/892/ 969/969/969
f 887/887/887 892/892/892/ 939/939/939
f 904/904/904 887/887/887/ 939/939/939
f 1005/1005/1005 887/887/887/ 904/904/904
f 1027/1027/1027 1005/1005/1005/ 904/904/904
f 1027/1027/1027 1014/1014/1014/ 1005/1005/1005
f 1014/1014/1014 1027/1027/1027/ 1034/1034/1034
f 1027/1027/1027 1146/1146/1146/ 1034/1034/1034
f 887/887/887 975/975/975/ 892/892/892
f 887/887/887 1014/1014/1014/ 975/975/975
f 1005/1005/1005 1014/1014/1014/ 887/887/887
f 892/892/892 975/975/975/ 1019/1019/1019
f 975/975/975 960/960/960/ 1019/1019/1019
f 945/945/945 960/960/960/ 975/975/975
f 1014/1014/1014 945/945/945/ 975/975/975
f 1034/1034/1034 945/945/945/ 1014/1014/1014
f 1019/1019/1019 960/960/960/ 1018/1018/1018
f 979/979/979 1018/1018/1018/ 960/960/960
f 1008/1008/1008 979/979/979/ 960/960/960
f 945/945/945 1008/1008/1008/ 960/960/960
f 945/945/945 950/950/950/ 1008/1008/1008
f 950/950/950 945/945/945/ 965/965/965
f 979/979/979 1008/1008/1008/ 980/980/980
f 1008/1008/1008 1016/1016/1016/ 980/980/980
f 1008/1008/1008 1025/1025/1025/ 1016/1016/1016
f 1008/1008/1008 950/950/950/ 1025/1025/1025
f 950/950/950 935/935/935/ 1025/1025/1025
f 950/950/950 1034/1034/1034/ 935/935/935
f 935/935/935 1034/1034/1034/ 1147/1147/1147
f 1034/1034/1034 1146/1146/1146/ 1147/1147/1147
f 1015/1015/1015 980/980/980/ 1016/1016/1016
f 1016/1016/1016 1024/1024/1024/ 1015/1015/1015
f 1016/1016/1016 1025/1025/1025/ 1024/1024/1024
f 1025/1025/1025 1009/1009/1009/ 1024/1024/1024
f 992/992/992 1009/1009/1009/ 1025/1025/1025
f 1025/1025/1025 935/935/935/ 992/992/992
f 1015/1015/1015 1024/1024/1024/ 930/930/930
f 930/930/930 1024/1024/1024/ 910/910/910
f 910/910/910 1024/1024/1024/ 1009/1009/1009
f 910/910/910 914/914/914/ 930/930/930
f 912/912/912 914/914/914/ 910/910/910
f 1013/1013/1013 914/914/914/ 912/912/912
f 1028/1028/1028 914/914/914/ 1013/1013/1013
f 1013/1013/1013 1012/1012/1012/ 1028/1028/1028
f 1028/1028/1028 1012/1012/1012/ 1026/1026/1026
f 1012/1012/1012 995/995/995/ 1026/1026/1026
f 871/871/871 823/823/823/ 884/884/884
f 869/869/869 884/884/884/ 823/823/823
f 823/823/823 840/840/840/ 869/869/869
f 840/840/840 823/823/823/ 889/889/889
f 823/823/823 855/855/855/ 889/889/889
f 823/823/823 805/805/805/ 855/855/855
f 805/805/805 870/870/870/ 855/855/855
f 824/824/824 870/870/870/ 805/805/805
f 805/805/805 822/822/822/ 824/824/824
f 840/840/840 825/825/825/ 869/869/869
f 840/840/840 853/853/853/ 825/825/825
f 838/838/838 853/853/853/ 840/840/840
f 838/838/838 840/840/840/ 889/889/889
f 838/838/838 852/852/852/ 853/853/853
f 837/837/837 852/852/852/ 838/838/838
f 837/837/837 838/838/838/ 889/889/889
f 854/854/854 852/852/852/ 837/837/837
f 839/839/839 854/854/854/ 837/837/837
f 839/839/839 837/837/837/ 889/889/889
f 867/867/867 854/854/854/ 839/839/839
f 839/839/839 961/961/961/ 867/867/867
f 889/889/889 961/961/961/ 839/839/839
f 867/867/867 961/961/961/ 883/883/883
f 824/824/824 822/822/822/ 885/885/885
f 855/855/855 809/809/809/ 889/889/889
f 807/807/807 809/809/809/ 855/855/855
f 807/807/807 855/855/855/ 886/886/886
f 903/903/903 895/895/895/ 897/897/897
f 926/926/926 895/895/895/ 903/903/903
f 903/903/903 906/906/906/ 926/926/926
f 947/947/947 920/920/920/ 918/918/918
f 918/918/918 933/933/933/ 947/947/947
f 978/978/978 947/947/947/ 933/933/933
f 964/964/964 978/978/978/ 933/933/933
f 964/964/964 946/946/946/ 978/978/978
f 978/978/978 946/946/946/ 931/931/931
f 916/916/916 931/931/931/ 946/946/946
f 962/962/962 931/931/931/ 916/916/916
f 916/916/916 915/915/915/ 962/962/962
f 947/947/947 978/978/978/ 889/889/889
f 978/978/978 931/931/931/ 889/889/889
f 931/931/931 962/962/962/ 889/889/889
f 962/962/962 890/890/890/ 889/889/889
f 915/915/915 890/890/890/ 962/962/962
f 915/915/915 976/976/976/ 890/890/890
f 961/961/961 890/890/890/ 976/976/976
f 961/961/961 976/976/976/ 991/991/991
f 888/888/888 947/947/947/ 889/889/889
f 889/889/889 934/934/934/ 888/888/888
f 888/888/888 934/934/934/ 949/949/949
f 949/949/949 919/919/919/ 888/888/888
f 963/963/963 947/947/947/ 888/888/888
f 963/963/963 888/888/888/ 917/917/917
f 917/917/917 977/977/977/ 963/963/963
f 948/948/948 963/963/963/ 977/977/977
f 948/948/948 977/977/977/ 932/932/932
f 961/961/961 889/889/889/ 890/890/890
f 990/990/990 928/928/928/ 995/995/995
f 995/995/995 928/928/928/ 993/993/993
f 988/988/988 995/995/995/ 993/993/993
f 1059/1059/1059 1080/1080/1080/ 1126/1126/1126
f 1126/1126/1126 1080/1080/1080/ 1081/1081/1081
f 1080/1080/1080 1098/1098/1098/ 1081/1081/1081
f 1081/1081/1081 1098/1098/1098/ 1099/1099/1099
f 1098/1098/1098 1112/1112/1112/ 1099/1099/1099
f 1099/1099/1099 1112/1112/1112/ 1161/1161/1161
f 1161/1161/1161 1112/1112/1112/ 1122/1122/1122
f 1122/1122/1122 1112/1112/1112/ 1123/1123/1123
f 1126/1126/1126 1081/1081/1081/ 1058/1058/1058
f 1058/1058/1058 1081/1081/1081/ 1079/1079/1079
f 1081/1081/1081 1099/1099/1099/ 1079/1079/1079
f 1079/1079/1079 1099/1099/1099/ 1159/1159/1159
f 1099/1099/1099 1161/1161/1161/ 1159/1159/1159
f 1159/1159/1159 1161/1161/1161/ 1160/1160/1160
f 1160/1160/1160 1161/1161/1161/ 1108/1108/1108
f 1108/1108/1108 1161/1161/1161/ 1122/1122/1122
f 1108/1108/1108 1122/1122/1122/ 1075/1075/1075
f 1075/1075/1075 1122/1122/1122/ 1076/1076/1076
f 1122/1122/1122 1123/1123/1123/ 1076/1076/1076
f 1076/1076/1076 1123/1123/1123/ 1084/1084/1084
f 1058/1058/1058 1079/1079/1079/ 1057/1057/1057
f 1057/1057/1057 1079/1079/1079/ 1151/1151/1151
f 1079/1079/1079 1159/1159/1159/ 1151/1151/1151
f 1151/1151/1151 1159/1159/1159/ 1158/1158/1158
f 1159/1159/1159 1160/1160/1160/ 1158/1158/1158
f 1158/1158/1158 1160/1160/1160/ 1094/1094/1094
f 1094/1094/1094 1160/1160/1160/ 1177/1177/1177
f 1177/1177/1177 1160/1160/1160/ 1108/1108/1108
f 1177/1177/1177 1108/1108/1108/ 1130/1130/1130
f 1130/1130/1130 1108/1108/1108/ 1075/1075/1075
f 1152/1152/1152 1057/1057/1057/ 1151/1151/1151
f 1152/1152/1152 1151/1151/1151/ 1173/1173/1173
f 1173/1173/1173 1151/1151/1151/ 1158/1158/1158
f 1173/1173/1173 1158/1158/1158/ 1110/1110/1110
f 1110/1110/1110 1158/1158/1158/ 1094/1094/1094
f 1094/1094/1094 1177/1177/1177/ 1110/1110/1110
f 1110/1110/1110 1177/1177/1177/ 1116/1116/1116
f 1177/1177/1177 1130/1130/1130/ 1116/1116/1116
f 1116/1116/1116 1130/1130/1130/ 1068/1068/1068
f 1130/1130/1130 1131/1131/1131/ 1068/1068/1068
f 1130/1130/1130 1075/1075/1075/ 1131/1131/1131
f 1150/1150/1150 1057/1057/1057/ 1152/1152/1152
f 1063/1063/1063 1150/1150/1150/ 1152/1152/1152
f 1063/1063/1063 1152/1152/1152/ 1174/1174/1174
f 1174/1174/1174 1152/1152/1152/ 1173/1173/1173
f 1174/1174/1174 1173/1173/1173/ 1178/1178/1178
f 1178/1178/1178 1173/1173/1173/ 1110/1110/1110
f 1110/1110/1110 1116/1116/1116/ 1178/1178/1178
f 1178/1178/1178 1116/1116/1116/ 1117/1117/1117
f 1116/1116/1116 1068/1068/1068/ 1117/1117/1117
f 1117/1117/1117 1068/1068/1068/ 1066/1066/1066
f 1068/1068/1068 1135/1135/1135/ 1066/1066/1066
f 1068/1068/1068 1131/1131/1131/ 1135/1135/1135
f 1148/1148/1148 1150/1150/1150/ 1063/1063/1063
f 1153/1153/1153 1148/1148/1148/ 1063/1063/1063
f 1153/1153/1153 1063/1063/1063/ 1096/1096/1096
f 1096/1096/1096 1063/1063/1063/ 1174/1174/1174
f 1096/1096/1096 1174/1174/1174/ 1109/1109/1109
f 1109/1109/1109 1174/1174/1174/ 1178/1178/1178
f 1178/1178/1178 1117/1117/1117/ 1109/1109/1109
f 1109/1109/1109 1117/1117/1117/ 1118/1118/1118
f 1117/1117/1117 1066/1066/1066/ 1118/1118/1118
f 1118/1118/1118 1066/1066/1066/ 1071/1071/1071
f 1066/1066/1066 1056/1056/1056/ 1071/1071/1071
f 1066/1066/1066 1135/1135/1135/ 1056/1056/1056
f 1049/1049/1049 1148/1148/1148/ 1153/1153/1153
f 1049/1049/1049 1153/1153/1153/ 1149/1149/1149
f 1149/1149/1149 1153/1153/1153/ 1062/1062/1062
f 1153/1153/1153 1096/1096/1096/ 1062/1062/1062
f 1062/1062/1062 1096/1096/1096/ 1095/1095/1095
f 1096/1096/1096 1109/1109/1109/ 1095/1095/1095
f 1095/1095/1095 1109/1109/1109/ 1111/1111/1111
f 1109/1109/1109 1118/1118/1118/ 1111/1111/1111
f 1111/1111/1111 1118/1118/1118/ 1163/1163/1163
f 1118/1118/1118 1071/1071/1071/ 1163/1163/1163
f 1163/1163/1163 1071/1071/1071/ 1082/1082/1082
f 1071/1071/1071 1070/1070/1070/ 1082/1082/1082
f 1071/1071/1071 1056/1056/1056/ 1070/1070/1070
f 1149/1149/1149 1062/1062/1062/ 1048/1048/1048
f 1048/1048/1048 1062/1062/1062/ 1061/1061/1061
f 1062/1062/1062 1095/1095/1095/ 1061/1061/1061
f 1061/1061/1061 1095/1095/1095/ 1097/1097/1097
f 1095/1095/1095 1111/1111/1111/ 1097/1097/1097
f 1097/1097/1097 1111/1111/1111/ 1114/1114/1114
f 1114/1114/1114 1111/1111/1111/ 1162/1162/1162
f 1162/1162/1162 1111/1111/1111/ 1163/1163/1163
f 1162/1162/1162 1163/1163/1163/ 1067/1067/1067
f 1067/1067/1067 1163/1163/1163/ 1082/1082/1082
f 1048/1048/1048 1061/1061/1061/ 1047/1047/1047
f 1047/1047/1047 1061/1061/1061/ 1060/1060/1060
f 1061/1061/1061 1097/1097/1097/ 1060/1060/1060
f 1060/1060/1060 1097/1097/1097/ 1100/1100/1100
f 1097/1097/1097 1114/1114/1114/ 1100/1100/1100
f 1100/1100/1100 1114/1114/1114/ 1119/1119/1119
f 1119/1119/1119 1114/1114/1114/ 1105/1105/1105
f 1105/1105/1105 1114/1114/1114/ 1162/1162/1162
f 1105/1105/1105 1162/1162/1162/ 1107/1107/1107
f 1107/1107/1107 1162/1162/1162/ 1067/1067/1067
f 1047/1047/1047 1060/1060/1060/ 1046/1046/1046
f 1046/1046/1046 1060/1060/1060/ 1072/1072/1072
f 1060/1060/1060 1100/1100/1100/ 1072/1072/1072
f 1072/1072/1072 1100/1100/1100/ 1101/1101/1101
f 1100/1100/1100 1119/1119/1119/ 1101/1101/1101
f 1101/1101/1101 1119/1119/1119/ 1120/1120/1120
f 1120/1120/1120 1119/1119/1119/ 1104/1104/1104
f 1104/1104/1104 1119/1119/1119/ 1105/1105/1105
f 1104/1104/1104 1105/1105/1105/ 1089/1089/1089
f 1089/1089/1089 1105/1105/1105/ 1107/1107/1107
f 1073/1073/1073 1046/1046/1046/ 1072/1072/1072
f 1073/1073/1073 1072/1072/1072/ 1102/1102/1102
f 1102/1102/1102 1072/1072/1072/ 1101/1101/1101
f 1102/1102/1102 1101/1101/1101/ 1121/1121/1121
f 1121/1121/1121 1101/1101/1101/ 1120/1120/1120
f 1120/1120/1120 1104/1104/1104/ 1121/1121/1121
f 1121/1121/1121 1104/1104/1104/ 1167/1167/1167
f 1104/1104/1104 1089/1089/1089/ 1167/1167/1167
f 1167/1167/1167 1089/1089/1089/ 1083/1083/1083
f 1089/1089/1089 1115/1115/1115/ 1083/1083/1083
f 1089/1089/1089 1107/1107/1107/ 1115/1115/1115
f 1050/1050/1050 1046/1046/1046/ 1073/1073/1073
f 1074/1074/1074 1050/1050/1050/ 1073/1073/1073
f 1074/1074/1074 1073/1073/1073/ 1103/1103/1103
f 1103/1103/1103 1073/1073/1073/ 1102/1102/1102
f 1103/1103/1103 1102/1102/1102/ 1176/1176/1176
f 1176/1176/1176 1102/1102/1102/ 1121/1121/1121
f 1121/1121/1121 1167/1167/1167/ 1176/1176/1176
f 1176/1176/1176 1167/1167/1167/ 1166/1166/1166
f 1167/1167/1167 1083/1083/1083/ 1166/1166/1166
f 1166/1166/1166 1083/1083/1083/ 1090/1090/1090
f 1083/1083/1083 1087/1087/1087/ 1090/1090/1090
f 1083/1083/1083 1115/1115/1115/ 1087/1087/1087
f 1051/1051/1051 1050/1050/1050/ 1074/1074/1074
f 1129/1129/1129 1051/1051/1051/ 1074/1074/1074
f 1129/1129/1129 1074/1074/1074/ 1172/1172/1172
f 1172/1172/1172 1074/1074/1074/ 1103/1103/1103
f 1172/1172/1172 1103/1103/1103/ 1175/1175/1175
f 1175/1175/1175 1103/1103/1103/ 1176/1176/1176
f 1176/1176/1176 1166/1166/1166/ 1175/1175/1175
f 1175/1175/1175 1166/1166/1166/ 1043/1043/1043
f 1166/1166/1166 1090/1090/1090/ 1043/1043/1043
f 1043/1043/1043 1090/1090/1090/ 1165/1165/1165
f 1090/1090/1090 1134/1134/1134/ 1165/1165/1165
f 1090/1090/1090 1087/1087/1087/ 1134/1134/1134
f 1052/1052/1052 1051/1051/1051/ 1129/1129/1129
f 1052/1052/1052 1129/1129/1129/ 1127/1127/1127
f 1127/1127/1127 1129/1129/1129/ 1128/1128/1128
f 1129/1129/1129 1172/1172/1172/ 1128/1128/1128
f 1128/1128/1128 1172/1172/1172/ 1171/1171/1171
f 1172/1172/1172 1175/1175/1175/ 1171/1171/1171
f 1171/1171/1171 1175/1175/1175/ 1113/1113/1113
f 1175/1175/1175 1043/1043/1043/ 1113/1113/1113
f 1113/1113/1113 1043/1043/1043/ 1045/1045/1045
f 1043/1043/1043 1165/1165/1165/ 1045/1045/1045
f 1045/1045/1045 1165/1165/1165/ 1132/1132/1132
f 1165/1165/1165 1164/1164/1164/ 1132/1132/1132
f 1165/1165/1165 1134/1134/1134/ 1164/1164/1164
f 1132/1132/1132 1164/1164/1164/ 1142/1142/1142
f 1115/1115/1115 1107/1107/1107/ 1106/1106/1106
f 1107/1107/1107 1067/1067/1067/ 1106/1106/1106
f 1106/1106/1106 1067/1067/1067/ 1078/1078/1078
f 1067/1067/1067 1082/1082/1082/ 1078/1078/1078
f 1078/1078/1078 1082/1082/1082/ 1086/1086/1086
f 1082/1082/1082 1070/1070/1070/ 1086/1086/1086
f 1131/1131/1131 1075/1075/1075/ 1133/1133/1133
f 1075/1075/1075 1076/1076/1076/ 1133/1133/1133
f 1133/1133/1133 1076/1076/1076/ 1077/1077/1077
f 1076/1076/1076 1084/1084/1084/ 1077/1077/1077
f 1077/1077/1077 1084/1084/1084/ 1085/1085/1085
f 1053/1053/1053 1092/1092/1092/ 1064/1064/1064
f 1064/1064/1064 1092/1092/1092/ 1141/1141/1141
f 1092/1092/1092 1180/1180/1180/ 1141/1141/1141
f 1141/1141/1141 1180/1180/1180/ 1179/1179/1179
f 1180/1180/1180 1182/1182/1182/ 1179/1179/1179
f 1179/1179/1179 1182/1182/1182/ 1198/1198/1198
f 1182/1182/1182 1211/1211/1211/ 1198/1198/1198
f 1064/1064/1064 1141/1141/1141/ 1069/1069/1069
f 1069/1069/1069 1141/1141/1141/ 1091/1091/1091
f 1141/1141/1141 1179/1179/1179/ 1091/1091/1091
f 1091/1091/1091 1179/1179/1179/ 1022/1022/1022
f 1179/1179/1179 1198/1198/1198/ 1022/1022/1022
f 1022/1022/1022 1198/1198/1198/ 1183/1183/1183
f 1183/1183/1183 1198/1198/1198/ 1209/1209/1209
f 1209/1209/1209 1198/1198/1198/ 1214/1214/1214
f 1198/1198/1198 1211/1211/1211/ 1214/1214/1214
f 1211/1211/1211 1322/1322/1322/ 1214/1214/1214
f 1069/1069/1069 1091/1091/1091/ 1054/1054/1054
f 1054/1054/1054 1091/1091/1091/ 1155/1155/1155
f 1091/1091/1091 1022/1022/1022/ 1155/1155/1155
f 1155/1155/1155 1022/1022/1022/ 1020/1020/1020
f 1022/1022/1022 1183/1183/1183/ 1020/1020/1020
f 1020/1020/1020 1183/1183/1183/ 1140/1140/1140
f 1140/1140/1140 1183/1183/1183/ 1325/1325/1325
f 1325/1325/1325 1183/1183/1183/ 1209/1209/1209
f 1325/1325/1325 1209/1209/1209/ 1218/1218/1218
f 1218/1218/1218 1209/1209/1209/ 1191/1191/1191
f 1209/1209/1209 1214/1214/1214/ 1191/1191/1191
f 1054/1054/1054 1155/1155/1155/ 1055/1055/1055
f 1055/1055/1055 1155/1155/1155/ 1154/1154/1154
f 1155/1155/1155 1020/1020/1020/ 1154/1154/1154
f 1154/1154/1154 1020/1020/1020/ 1021/1021/1021
f 1020/1020/1020 1140/1140/1140/ 1021/1021/1021
f 1021/1021/1021 1140/1140/1140/ 1137/1137/1137
f 1137/1137/1137 1140/1140/1140/ 1232/1232/1232
f 1232/1232/1232 1140/1140/1140/ 1325/1325/1325
f 1232/1232/1232 1325/1325/1325/ 1215/1215/1215
f 1215/1215/1215 1325/1325/1325/ 1218/1218/1218
f 1023/1023/1023 1055/1055/1055/ 1154/1154/1154
f 1023/1023/1023 1154/1154/1154/ 1139/1139/1139
f 1139/1139/1139 1154/1154/1154/ 1021/1021/1021
f 1139/1139/1139 1021/1021/1021/ 1186/1186/1186
f 1186/1186/1186 1021/1021/1021/ 1137/1137/1137
f 1137/1137/1137 1232/1232/1232/ 1186/1186/1186
f 1186/1186/1186 1232/1232/1232/ 1323/1323/1323
f 1232/1232/1232 1215/1215/1215/ 1323/1323/1323
f 1323/1323/1323 1215/1215/1215/ 1204/1204/1204
f 1215/1215/1215 1217/1217/1217/ 1204/1204/1204
f 1215/1215/1215 1218/1218/1218/ 1217/1217/1217
f 1124/1124/1124 1055/1055/1055/ 1023/1023/1023
f 1041/1041/1041 1124/1124/1124/ 1023/1023/1023
f 1041/1041/1041 1023/1023/1023/ 1138/1138/1138
f 1138/1138/1138 1023/1023/1023/ 1139/1139/1139
f 1138/1138/1138 1139/1139/1139/ 1185/1185/1185
f 1185/1185/1185 1139/1139/1139/ 1186/1186/1186
f 1186/1186/1186 1323/1323/1323/ 1185/1185/1185
f 1185/1185/1185 1323/1323/1323/ 1223/1223/1223
f 1323/1323/1323 1204/1204/1204/ 1223/1223/1223
f 1223/1223/1223 1204/1204/1204/ 1233/1233/1233
f 1204/1204/1204 1203/1203/1203/ 1233/1233/1233
f 1204/1204/1204 1217/1217/1217/ 1203/1203/1203
f 1036/1036/1036 1124/1124/1124/ 1041/1041/1041
f 1040/1040/1040 1036/1036/1036/ 1041/1041/1041
f 1040/1040/1040 1041/1041/1041/ 1136/1136/1136
f 1136/1136/1136 1041/1041/1041/ 1138/1138/1138
f 1136/1136/1136 1138/1138/1138/ 1188/1188/1188
f 1188/1188/1188 1138/1138/1138/ 1185/1185/1185
f 1185/1185/1185 1223/1223/1223/ 1188/1188/1188
f 1188/1188/1188 1223/1223/1223/ 1227/1227/1227
f 1223/1223/1223 1233/1233/1233/ 1227/1227/1227
f 1227/1227/1227 1233/1233/1233/ 1206/1206/1206
f 1233/1233/1233 1208/1208/1208/ 1206/1206/1206
f 1233/1233/1233 1203/1203/1203/ 1208/1208/1208
f 1125/1125/1125 1036/1036/1036/ 1040/1040/1040
f 1125/1125/1125 1040/1040/1040/ 1038/1038/1038
f 1038/1038/1038 1040/1040/1040/ 1088/1088/1088
f 1040/1040/1040 1136/1136/1136/ 1088/1088/1088
f 1088/1088/1088 1136/1136/1136/ 1181/1181/1181
f 1136/1136/1136 1188/1188/1188/ 1181/1181/1181
f 1181/1181/1181 1188/1188/1188/ 1189/1189/1189
f 1188/1188/1188 1227/1227/1227/ 1189/1189/1189
f 1189/1189/1189 1227/1227/1227/ 1193/1193/1193
f 1227/1227/1227 1206/1206/1206/ 1193/1193/1193
f 1193/1193/1193 1206/1206/1206/ 1201/1201/1201
f 1206/1206/1206 1205/1205/1205/ 1201/1201/1201
f 1206/1206/1206 1208/1208/1208/ 1205/1205/1205
f 1038/1038/1038 1088/1088/1088/ 1042/1042/1042
f 1042/1042/1042 1088/1088/1088/ 1156/1156/1156
f 1088/1088/1088 1181/1181/1181/ 1156/1156/1156
f 1156/1156/1156 1181/1181/1181/ 1143/1143/1143
f 1181/1181/1181 1189/1189/1189/ 1143/1143/1143
f 1143/1143/1143 1189/1189/1189/ 1192/1192/1192
f 1192/1192/1192 1189/1189/1189/ 1212/1212/1212
f 1212/1212/1212 1189/1189/1189/ 1193/1193/1193
f 1212/1212/1212 1193/1193/1193/ 1200/1200/1200
f 1200/1200/1200 1193/1193/1193/ 1201/1201/1201
f 1042/1042/1042 1156/1156/1156/ 1044/1044/1044
f 1044/1044/1044 1156/1156/1156/ 1157/1157/1157
f 1156/1156/1156 1143/1143/1143/ 1157/1157/1157
f 1157/1157/1157 1143/1143/1143/ 1145/1145/1145
f 1143/1143/1143 1192/1192/1192/ 1145/1145/1145
f 1145/1145/1145 1192/1192/1192/ 1187/1187/1187
f 1187/1187/1187 1192/1192/1192/ 1210/1210/1210
f 1210/1210/1210 1192/1192/1192/ 1212/1212/1212
f 1210/1210/1210 1212/1212/1212/ 1221/1221/1221
f 1221/1221/1221 1212/1212/1212/ 1200/1200/1200
f 1044/1044/1044 1157/1157/1157/ 999/999/999
f 999/999/999 1157/1157/1157/ 1093/1093/1093
f 1157/1157/1157 1145/1145/1145/ 1093/1093/1093
f 1093/1093/1093 1145/1145/1145/ 1144/1144/1144
f 1145/1145/1145 1187/1187/1187/ 1144/1144/1144
f 1144/1144/1144 1187/1187/1187/ 1190/1190/1190
f 1190/1190/1190 1187/1187/1187/ 1324/1324/1324
f 1324/1324/1324 1187/1187/1187/ 1210/1210/1210
f 1324/1324/1324 1210/1210/1210/ 1225/1225/1225
f 1225/1225/1225 1210/1210/1210/ 1221/1221/1221
f 1065/1065/1065 999/999/999/ 1093/1093/1093
f 1065/1065/1065 1093/1093/1093/ 1168/1168/1168
f 1168/1168/1168 1093/1093/1093/ 1144/1144/1144
f 1168/1168/1168 1144/1144/1144/ 1196/1196/1196
f 1196/1196/1196 1144/1144/1144/ 1190/1190/1190
f 1190/1190/1190 1324/1324/1324/ 1196/1196/1196
f 1196/1196/1196 1324/1324/1324/ 1226/1226/1226
f 1324/1324/1324 1225/1225/1225/ 1226/1226/1226
f 1226/1226/1226 1225/1225/1225/ 1229/1229/1229
f 1225/1225/1225 1220/1220/1220/ 1229/1229/1229
f 1225/1225/1225 1221/1221/1221/ 1220/1220/1220
f 997/997/997 999/999/999/ 1065/1065/1065
f 1039/1039/1039 997/997/997/ 1065/1065/1065
f 1039/1039/1039 1065/1065/1065/ 1169/1169/1169
f 1169/1169/1169 1065/1065/1065/ 1168/1168/1168
f 1169/1169/1169 1168/1168/1168/ 1195/1195/1195
f 1195/1195/1195 1168/1168/1168/ 1196/1196/1196
f 1196/1196/1196 1226/1226/1226/ 1195/1195/1195
f 1195/1195/1195 1226/1226/1226/ 1184/1184/1184
f 1226/1226/1226 1229/1229/1229/ 1184/1184/1184
f 1184/1184/1184 1229/1229/1229/ 1231/1231/1231
f 1229/1229/1229 1321/1321/1321/ 1231/1231/1231
f 1229/1229/1229 1220/1220/1220/ 1321/1321/1321
f 998/998/998 997/997/997/ 1039/1039/1039
f 1037/1037/1037 998/998/998/ 1039/1039/1039
f 1037/1037/1037 1039/1039/1039/ 1170/1170/1170
f 1170/1170/1170 1039/1039/1039/ 1169/1169/1169
f 1170/1170/1170 1169/1169/1169/ 1194/1194/1194
f 1194/1194/1194 1169/1169/1169/ 1195/1195/1195
f 1195/1195/1195 1184/1184/1184/ 1194/1194/1194
f 1194/1194/1194 1184/1184/1184/ 1213/1213/1213
f 1184/1184/1184 1231/1231/1231/ 1213/1213/1213
f 1213/1213/1213 1231/1231/1231/ 1219/1219/1219
f 1231/1231/1231 1230/1230/1230/ 1219/1219/1219
f 1231/1231/1231 1321/1321/1321/ 1230/1230/1230
f 996/996/996 998/998/998/ 1037/1037/1037
f 1219/1219/1219 1230/1230/1230/ 1199/1199/1199
f 1220/1220/1220 1221/1221/1221/ 1207/1207/1207
f 1221/1221/1221 1200/1200/1200/ 1207/1207/1207
f 1207/1207/1207 1200/1200/1200/ 1202/1202/1202
f 1200/1200/1200 1201/1201/1201/ 1202/1202/1202
f 1202/1202/1202 1201/1201/1201/ 1326/1326/1326
f 1201/1201/1201 1205/1205/1205/ 1326/1326/1326
f 1217/1217/1217 1218/1218/1218/ 1197/1197/1197
f 1218/1218/1218 1191/1191/1191/ 1197/1197/1197
f 1197/1197/1197 1191/1191/1191/ 1228/1228/1228
f 1191/1191/1191 1224/1224/1224/ 1228/1228/1228
f 1191/1191/1191 1214/1214/1214/ 1224/1224/1224
f 1214/1214/1214 1322/1322/1322/ 1224/1224/1224
f 1322/1322/1322 1216/1216/1216/ 1224/1224/1224
f 1224/1224/1224 1216/1216/1216/ 1222/1222/1222
f 1228/1228/1228 1224/1224/1224/ 1222/1222/1222
f 1307/1307/1307 1274/1274/1274/ 1253/1253/1253
f 1253/1253/1253 1274/1274/1274/ 1244/1244/1244
f 1244/1244/1244 1274/1274/1274/ 1276/1276/1276
f 1275/1275/1275 1276/1276/1276/ 1274/1274/1274
f 1275/1275/1275 1274/1274/1274/ 23/23/23
f 23/23/23 1274/1274/1274/ 27/27/27
f 27/27/27 1274/1274/1274/ 1307/1307/1307
f 1307/1307/1307 7/7/7/ 27/27/27
f 1306/1306/1306 7/7/7/ 1307/1307/1307
f 1320/1320/1320 1244/1244/1244/ 1276/1276/1276
f 1281/1281/1281 1320/1320/1320/ 1276/1276/1276
f 1281/1281/1281 1276/1276/1276/ 1275/1275/1275
f 1281/1281/1281 1275/1275/1275/ 1313/1313/1313
f 1313/1313/1313 1275/1275/1275/ 1315/1315/1315
f 1315/1315/1315 1275/1275/1275/ 1292/1292/1292
f 1292/1292/1292 1275/1275/1275/ 23/23/23
f 23/23/23 25/25/25/ 1292/1292/1292
f 23/23/23 27/27/27/ 25/25/25
f 25/25/25 27/27/27/ 7/7/7
f 1251/1251/1251 1244/1244/1244/ 1320/1320/1320
f 1251/1251/1251 1320/1320/1320/ 1296/1296/1296
f 1296/1296/1296 1320/1320/1320/ 1283/1283/1283
f 1283/1283/1283 1320/1320/1320/ 1281/1281/1281
f 1281/1281/1281 1314/1314/1314/ 1283/1283/1283
f 1313/1313/1313 1314/1314/1314/ 1281/1281/1281
f 1277/1277/1277 1314/1314/1314/ 1313/1313/1313
f 1313/1313/1313 1315/1315/1315/ 1277/1277/1277
f 1277/1277/1277 1315/1315/1315/ 1316/1316/1316
f 1316/1316/1316 1315/1315/1315/ 1242/1242/1242
f 1242/1242/1242 1315/1315/1315/ 1292/1292/1292
f 1292/1292/1292 1263/1263/1263/ 1242/1242/1242
f 1292/1292/1292 25/25/25/ 1263/1263/1263
f 1296/1296/1296 1283/1283/1283/ 1295/1295/1295
f 1295/1295/1295 1283/1283/1283/ 1314/1314/1314
f 1278/1278/1278 1295/1295/1295/ 1314/1314/1314
f 1278/1278/1278 1314/1314/1314/ 1277/1277/1277
f 1277/1277/1277 1261/1261/1261/ 1278/1278/1278
f 1264/1264/1264 1261/1261/1261/ 1277/1277/1277
f 1277/1277/1277 1316/1316/1316/ 1264/1264/1264
f 1264/1264/1264 1316/1316/1316/ 1262/1262/1262
f 1262/1262/1262 1316/1316/1316/ 1241/1241/1241
f 1241/1241/1241 1316/1316/1316/ 1242/1242/1242
f 1242/1242/1242 1285/1285/1285/ 1241/1241/1241
f 1242/1242/1242 1263/1263/1263/ 1285/1285/1285
f 1294/1294/1294 1295/1295/1295/ 1278/1278/1278
f 1294/1294/1294 1278/1278/1278/ 1243/1243/1243
f 1243/1243/1243 1278/1278/1278/ 1261/1261/1261
f 1257/1257/1257 1243/1243/1243/ 1261/1261/1261
f 1257/1257/1257 1261/1261/1261/ 1264/1264/1264
f 1264/1264/1264 1284/1284/1284/ 1257/1257/1257
f 1312/1312/1312 1284/1284/1284/ 1264/1264/1264
f 1264/1264/1264 1262/1262/1262/ 1312/1312/1312
f 1312/1312/1312 1262/1262/1262/ 1280/1280/1280
f 1280/1280/1280 1262/1262/1262/ 1311/1311/1311
f 1311/1311/1311 1262/1262/1262/ 1241/1241/1241
f 1241/1241/1241 1259/1259/1259/ 1311/1311/1311
f 1241/1241/1241 1285/1285/1285/ 1259/1259/1259
f 1299/1299/1299 1243/1243/1243/ 1257/1257/1257
f 1299/1299/1299 1257/1257/1257/ 1297/1297/1297
f 1297/1297/1297 1257/1257/1257/ 1284/1284/1284
f 1319/1319/1319 1297/1297/1297/ 1284/1284/1284
f 1284/1284/1284 1312/1312/1312/ 1319/1319/1319
f 1312/1312/1312 1282/1282/1282/ 1319/1319/1319
f 1260/1260/1260 1282/1282/1282/ 1312/1312/1312
f 1260/1260/1260 1312/1312/1312/ 1272/1272/1272
f 1272/1272/1272 1312/1312/1312/ 1280/1280/1280
f 1280/1280/1280 1273/1273/1273/ 1272/1272/1272
f 1280/1280/1280 1270/1270/1270/ 1273/1273/1273
f 1311/1311/1311 1270/1270/1270/ 1280/1280/1280
f 1246/1246/1246 1297/1297/1297/ 1319/1319/1319
f 1246/1246/1246 1319/1319/1319/ 1247/1247/1247
f 1247/1247/1247 1319/1319/1319/ 1282/1282/1282
f 1258/1258/1258 1247/1247/1247/ 1282/1282/1282
f 1258/1258/1258 1282/1282/1282/ 1260/1260/1260
f 1250/1250/1250 1258/1258/1258/ 1260/1260/1260
f 1250/1250/1250 1260/1260/1260/ 1249/1249/1249
f 1249/1249/1249 1260/1260/1260/ 1272/1272/1272
f 1273/1273/1273 1249/1249/1249/ 1272/1272/1272
f 1252/1252/1252 1249/1249/1249/ 1273/1273/1273
f 1252/1252/1252 1273/1273/1273/ 1298/1298/1298
f 1298/1298/1298 1273/1273/1273/ 1270/1270/1270
f 1310/1310/1310 1298/1298/1298/ 1270/1270/1270
f 1270/1270/1270 1311/1311/1311/ 1310/1310/1310
f 1293/1293/1293 1247/1247/1247/ 1258/1258/1258
f 1293/1293/1293 1258/1258/1258/ 1250/1250/1250
f 1245/1245/1245 1298/1298/1298/ 1310/1310/1310
f 1245/1245/1245 1310/1310/1310/ 1248/1248/1248
f 1248/1248/1248 1310/1310/1310/ 1236/1236/1236
f 1310/1310/1310 1318/1318/1318/ 1236/1236/1236
f 1311/1311/1311 1318/1318/1318/ 1310/1310/1310
f 1311/1311/1311 1259/1259/1259/ 1318/1318/1318
f 1234/1234/1234 1318/1318/1318/ 1259/1259/1259
f 1234/1234/1234 1259/1259/1259/ 1267/1267/1267
f 1267/1267/1267 1259/1259/1259/ 1285/1285/1285
f 1248/1248/1248 1236/1236/1236/ 1255/1255/1255
f 1255/1255/1255 1236/1236/1236/ 1271/1271/1271
f 1236/1236/1236 1318/1318/1318/ 1271/1271/1271
f 1271/1271/1271 1318/1318/1318/ 1288/1288/1288
f 1288/1288/1288 1318/1318/1318/ 1234/1234/1234
f 1269/1269/1269 1288/1288/1288/ 1234/1234/1234
f 1269/1269/1269 1234/1234/1234/ 1235/1235/1235
f 1235/1235/1235 1234/1234/1234/ 1267/1267/1267
f 1235/1235/1235 1267/1267/1267/ 1237/1237/1237
f 1237/1237/1237 1267/1267/1267/ 1266/1266/1266
f 1267/1267/1267 1285/1285/1285/ 1266/1266/1266
f 1266/1266/1266 1285/1285/1285/ 1263/1263/1263
f 1279/1279/1279 1255/1255/1255/ 1271/1271/1271
f 1279/1279/1279 1271/1271/1271/ 1268/1268/1268
f 1268/1268/1268 1271/1271/1271/ 1288/1288/1288
f 1268/1268/1268 1288/1288/1288/ 1269/1269/1269
f 1301/1301/1301 1268/1268/1268/ 1269/1269/1269
f 1301/1301/1301 1269/1269/1269/ 1317/1317/1317
f 1317/1317/1317 1269/1269/1269/ 1235/1235/1235
f 1317/1317/1317 1235/1235/1235/ 1256/1256/1256
f 1256/1256/1256 1235/1235/1235/ 1237/1237/1237
f 1308/1308/1308 1256/1256/1256/ 1237/1237/1237
f 1237/1237/1237 1266/1266/1266/ 1308/1308/1308
f 1254/1254/1254 1255/1255/1255/ 1279/1279/1279
f 1254/1254/1254 1279/1279/1279/ 1300/1300/1300
f 1300/1300/1300 1279/1279/1279/ 1268/1268/1268
f 1300/1300/1300 1268/1268/1268/ 1301/1301/1301
f 1302/1302/1302 1256/1256/1256/ 1308/1308/1308
f 1302/1302/1302 1308/1308/1308/ 1303/1303/1303
f 1303/1303/1303 1308/1308/1308/ 1287/1287/1287
f 1308/1308/1308 1265/1265/1265/ 1287/1287/1287
f 1308/1308/1308 1266/1266/1266/ 1265/1265/1265
f 1266/1266/1266 1263/1263/1263/ 1265/1265/1265
f 1265/1265/1265 1263/1263/1263/ 25/25/25
f 25/25/25 7/7/7/ 1265/1265/1265
f 1309/1309/1309 1303/1303/1303/ 1287/1287/1287
f 1287/1287/1287 1265/1265/1265/ 1309/1309/1309
f 1265/1265/1265 21/21/21/ 1309/1309/1309
f 1265/1265/1265 7/7/7/ 21/21/21
f 1306/1306/1306 21/21/21/ 7/7/7
f 1304/1304/1304 21/21/21/ 1306/1306/1306
f 1304/1304/1304 22/22/22/ 21/21/21
f 1305/1305/1305 22/22/22/ 1304/1304/1304
f 1305/1305/1305 1286/1286/1286/ 22/22/22
f 1286/1286/1286 1303/1303/1303/ 1309/1309/1309
f 22/22/22 1286/1286/1286/ 1309/1309/1309
f 1309/1309/1309 21/21/21/ 22/22/22
