v 13.484029769897461 1.9192869663238525 10.125590324401855
vt 0.3462812900543213 0.9311397671699524
vn -0.1984444260597229 0.7565938234329224 0.6230453252792358
v 13.16193962097168 1.0187499523162842 9.163171768188477
vt 0.032592978328466415 0.6432614326477051
vn 0.34430691599845886 0.11186854541301727 -0.9321685433387756
v 12.29916000366211 2.1084229946136475 9.534504890441895
vt 0.34113389253616333 0.9245949983596802
vn 0.9098762273788452 0.40833935141563416 -0.07337681949138641
v 13.201950073242188 -0.815747082233429 9.163171768188477
vt 0.020061269402503967 0.6429888010025024
vn 0.36398831009864807 -0.5846178531646729 -0.7250754237174988
v 13.16193962097168 -1.0683109760284424 9.163171768188477
vt 0.018335459753870964 0.6432622075080872
vn 0.0 0.0 -0.9999999403953552
v 12.682280540466309 -2.0096919536590576 9.163171768188477
vt 0.01190095953643322 0.6465400457382202
vn 0.5526763200759888 0.039347339421510696 -0.8324666023254395
v 12.89645004272461 2.655223846435547 16.374691009521484
vt 0.3410063087940216 0.9689834713935852
vn 0.9923778772354126 -0.011047921143472195 -0.12273558974266052
v 12.767439842224121 1.4272220134735107 9.534510612487793
vt 0.3459410071372986 0.9247453808784485
vn 0.6596807241439819 0.7450563311576843 -0.0985511764883995
v 13.507850646972656 2.5599610805511475 17.420530319213867
vt 0.34301409125328064 0.9753595590591431
vn 0.8038716316223145 0.5429124236106873 -0.24297426640987396
v 13.130399703979492 2.977490186691284 16.374691009521484
vt 0.33900830149650574 0.9693072438240051
vn 0.9744292497634888 0.08758828043937683 -0.20691998302936554
v 12.682280540466309 1.9601320028305054 9.163171768188477
vt 0.039033979177474976 0.6465404033660889
vn 0.0 0.0 -0.9999999403953552
v 10.981719970703125 -3.199169874191284 19.52750015258789
vt 0.003916170913726091 0.6788443922996521
vn 0.07748647034168243 -0.20161989331245422 0.9763939380645752
v 12.960880279541016 1.4133789539337158 9.163171768188477
vt 0.03529331833124161 0.6446360349655151
vn 0.15280285477638245 0.639544665813446 -0.7534149289131165
v 12.821120262145996 2.651294231414795 12.002849578857422
vt 0.34036150574684143 0.9429025650024414
vn 0.9640361666679382 0.18224334716796875 -0.19344668090343475
v 13.510250091552734 1.667822003364563 16.374691009521484
vt 0.34679239988327026 0.9689471125602722
vn 0.234843447804451 0.952913224697113 -0.19184614717960358
v 12.352109909057617 2.2903079986572266 9.163171768188477
vt 0.33902961015701294 0.9219588041305542
vn 0.4255366325378418 -0.1634186953306198 -0.8900634050369263
v 13.872519493103027 -1.024219036102295 10.103059768676758
vt 0.3671169877052307 0.9310803413391113
vn 0.3264111578464508 -0.9431764483451843 -0.062240175902843475
v 11.935190200805664 2.707202196121216 9.163171768188477
vt 0.044146180152893066 0.6516468524932861
vn 0.2393878847360611 0.295379638671875 -0.9249023199081421
v 10.993809700012207 3.1869139671325684 9.163171768188477
vt 0.0474180206656456 0.6580793857574463
vn 0.11386719346046448 0.29628875851631165 -0.9482864737510681
v 10.993809700012207 -3.2364261150360107 9.163171768188477
vt 0.0035213499795645475 0.658079206943512
vn 0.08203010261058807 -0.3066311776638031 -0.9482870697975159
v 12.810540199279785 -2.7595949172973633 11.039409637451172
vt 0.3771902918815613 0.9372519850730896
vn 0.9903174638748169 0.043867021799087524 -0.13170769810676575
v 13.896340370178223 -0.612255871295929 11.026450157165527
vt 0.36354881525039673 0.9369514584541321
vn 0.572222888469696 -0.8108156323432922 -0.1230403259396553
v 13.233160018920898 -2.3218510150909424 12.013130187988281
vt 0.3737929165363312 0.9431039094924927
vn 0.9853149652481079 -0.02295101061463356 -0.16919755935668945
v 13.028810501098633 -0.863085925579071 9.534521102905273
vt 0.36696290969848633 0.9247772693634033
vn 0.7738586068153381 -0.5702571868896484 -0.27558937668800354
v 13.304810523986816 -2.366137981414795 10.108059883117676
vt 0.37346741557121277 0.9311872124671936
vn 0.9796039462089539 0.18107645213603973 -0.08710654079914093
v 13.737079620361328 -1.3301029205322266 12.002400398254395
vt 0.3675917983055115 0.9430291652679443
vn 0.5980711579322815 -0.7672171592712402 -0.2317081242799759
v 13.472440719604492 -1.8069089651107788 17.285240173339844
vt 0.3705770969390869 0.9732970595359802
vn 0.5567151308059692 -0.29109466075897217 -0.7780308723449707
v 12.352109909057617 2.2903079986572266 9.163171768188477
vt 0.33902961015701294 0.9219588041305542
vn 0.6455105543136597 0.6454995274543762 0.4082235097885132
v 13.738799095153809 -1.2841548919677734 16.374691009521484
vt 0.36771541833877563 0.9689699411392212
vn 0.4470817446708679 -0.8877266645431519 -0.10981431603431702
v 12.682280540466309 1.9601320028305054 9.163171768188477
vt 0.34303951263427734 0.9219588041305542
vn 0.7379332780838013 0.5369707942008972 0.40879935026168823
v 13.072070121765137 2.9957520961761475 9.933612823486328
vt 0.3381780982017517 0.9304366707801819
vn 0.9033467769622803 0.22978432476520538 -0.36216533184051514
v 13.22127914428711 2.3462159633636475 17.285240173339844
vt 0.34315159916877747 0.9734385013580322
vn 0.8822779059410095 -0.23327109217643738 -0.40886467695236206
v 13.327219009399414 -0.02475585974752903 9.163171768188477
vt 0.025465279817581177 0.6421325206756592
vn 0.4694271385669708 -0.024780383333563805 -0.8826234340667725
v 13.19591999053955 -2.3495850563049316 16.374691009521484
vt 0.3735761046409607 0.9689961671829224
vn 0.9423357248306274 0.30581632256507874 -0.13594046235084534
v 13.507850646972656 -2.6094970703125 12.029809951782227
vt 0.37585651874542236 0.9433974623680115
vn 0.8502607941627502 0.4521714150905609 -0.26943913102149963
v 12.910369873046875 2.721557855606079 10.12870979309082
vt 0.33998170495033264 0.9310978651046753
vn 0.6475504636764526 -0.41814425587654114 0.6370508074760437
v 12.568609237670898 -1.8673099279403687 9.534518241882324
vt 0.37344470620155334 0.9251626133918762
vn 0.996370792388916 -0.0827990472316742 -0.01973390392959118
v 13.05027961730957 2.977490186691284 12.029809951782227
vt 0.338305801153183 0.9433019161224365
vn 0.9004690051078796 -0.3205622732639313 -0.2939309775829315
v 13.530789375305176 1.6638429164886475 12.014850616455078
vt 0.34705018997192383 0.943001389503479
vn 0.47978630661964417 0.8674070835113525 -0.13194705545902252
v 13.896730422973633 1.778417944908142 16.374691009521484
vt 0.34878501296043396 0.9693149924278259
vn 0.43739554286003113 0.8530688285827637 -0.28453269600868225
v 12.650630950927734 1.9371819496154785 19.52750015258789
vt 0.03901778906583786 0.6902495622634888
vn 0.16781216859817505 0.13599827885627747 0.9763931035995483
v 11.912199020385742 2.675585985183716 19.52750015258789
vt 0.04406427964568138 0.6852031946182251
vn 0.11756814271211624 0.1811990737915039 0.9763936996459961
v 11.912199020385742 -2.7251219749450684 19.52750015258789
vt 0.007156100589782 0.6852031946182251
vn 0.1359967142343521 -0.16781675815582275 0.9763925075531006
v 12.650630950927734 -1.9866700172424316 19.52750015258789
vt 0.012202589772641659 0.6902495622634888
vn 0.18119847774505615 -0.117571622133255 0.9763934016227722
v 13.915369033813477 1.7784419059753418 12.029809951782227
vt 0.34916311502456665 0.9432364702224731
vn -0.03183243051171303 0.9770390391349792 -0.21066860854625702
v 12.352109909057617 2.2903079986572266 9.163171768188477
vt 0.041293758898973465 0.6487972736358643
vn 0.4255366325378418 -0.1634186953306198 -0.8900634050369263
v 11.935190200805664 -2.756762981414795 9.163171768188477
vt 0.0068030026741325855 0.6516464948654175
vn 0.14787909388542175 -0.22790181636810303 -0.9623890519142151
v 11.912199020385742 2.675585985183716 19.52750015258789
vt 0.33475741744041443 0.9939919710159302
vn 0.11756814271211624 0.1811990737915039 0.9763936996459961
v 14.34766960144043 -0.02475585974752903 19.03468894958496
vt 0.35997989773750305 0.985509991645813
vn 0.8869287371635437 -0.011337166652083397 0.4617671072483063
v 13.12472915649414 -1.0562260150909424 19.52750015258789
vt 0.3684209883213043 0.9939919710159302
vn 0.250202476978302 -0.0669388696551323 0.9658768177032471
v 13.28809928894043 -0.02475585974752903 19.52750015258789
vt 0.025610201060771942 0.6946060061454773
vn 0.32175207138061523 0.016986986622214317 0.9466716051101685
v 13.037050247192383 -3.0802979469299316 11.04275894165039
vt 0.37938791513442993 0.9373326301574707
vn 0.9754693508148193 -0.1896236687898636 0.11181467026472092
v 11.309139251708984 -4.206958293914795 19.03468894958496
vt 0.39332151412963867 0.9857631921768188
vn 0.2769693434238434 -0.7945374250411987 0.5403687357902527
v 13.507850646972656 -2.6094970703125 16.374691009521484
vt 0.3755851984024048 0.9693130254745483
vn 0.9570595026016235 -0.21591821312904358 -0.19343289732933044
v 10.981719970703125 3.1496832370758057 19.52750015258789
vt 0.3270971179008484 0.9939919710159302
vn 0.055825989693403244 0.20866359770298004 0.9763927459716797
v 13.507850646972656 -2.6094970703125 19.03468894958496
vt 0.37684890627861023 0.9856082201004028
vn 0.691084623336792 -0.48001161217689514 0.5403618812561035
v 13.827669143676758 -1.9818120002746582 17.42053985595703
vt 0.370531290769577 0.9752897620201111
vn 0.847266435623169 -0.43470340967178345 -0.3052416145801544
v 12.53499984741211 3.5328369140625 19.03468894958496
vt 0.3346306085586548 0.9856012463569641
vn 0.5696790218353271 0.6790204644203186 0.4630303680896759
v 13.743510246276855 1.230322003364563 11.044879913330078
vt 0.34969809651374817 0.9373158812522888
vn 0.4667467772960663 0.8843880891799927 -0.002262602560222149
v 11.309150695800781 4.157397270202637 19.03468894958496
vt 0.3270599842071533 0.985722005367279
vn 0.2848511040210724 0.8400179743766785 0.4617678225040436
v 14.291669845581055 -0.5973389148712158 11.042770385742188
vt 0.36133551597595215 0.9373536705970764
vn 0.7311721444129944 -0.6817836761474609 0.023630108684301376
v 14.132450103759766 1.334082007408142 11.04275894165039
vt 0.3518249988555908 0.9372518658638
vn 0.7722921371459961 0.6278011798858643 0.0971098318696022
v 12.53499984741211 -3.5822999477386475 19.03468894958496
vt 0.38528361916542053 0.9856734871864319
vn 0.508928656578064 -0.670077383518219 0.5403589010238647
v 12.650630950927734 1.9371819496154785 19.52750015258789
vt 0.3430778980255127 0.9939919710159302
vn 0.16781216859817505 0.13599827885627747 0.9763931035995483
v 14.132450103759766 -1.3836430311203003 12.029809951782227
vt 0.36554551124572754 0.9434278607368469
vn 0.14806047081947327 -0.9414271712303162 -0.30297350883483887
v 14.132450103759766 -1.3836430311203003 16.374691009521484
vt 0.3657076954841614 0.9692602157592773
vn 0.7423357367515564 -0.6441540122032166 -0.1843995302915573
v 10.993809700012207 -3.2364261150360107 9.163171768188477
vt 0.3934045135974884 0.9219588041305542
vn 0.08203010261058807 -0.3066311776638031 -0.9482870697975159
v 14.132450103759766 1.3341070413589478 19.03468894958496
vt 0.351490318775177 0.9854814410209656
vn 0.8294059038162231 0.315605491399765 0.46095457673072815
v 13.12472915649414 1.0066889524459839 19.52750015258789
vt 0.35141289234161377 0.9939919710159302
vn 0.20162566006183624 0.07748570293188095 0.9763928055763245
v 13.28809928894043 -0.02475585974752903 19.52750015258789
vt 0.3600654900074005 0.9939919710159302
vn 0.32175207138061523 0.016986986622214317 0.9466716051101685
v 13.12472915649414 1.0066889524459839 19.52750015258789
vt 0.032658930867910385 0.6934896111488342
vn 0.20162566006183624 0.07748570293188095 0.9763928055763245
v 13.507850646972656 2.5599610805511475 19.03468894958496
vt 0.3430587947368622 0.9855865836143494
vn 0.62919020652771 0.43762966990470886 0.6423394680023193
v 11.912199020385742 -2.7251219749450684 19.52750015258789
vt 0.38516131043434143 0.993992030620575
vn 0.1359967142343521 -0.16781675815582275 0.9763925075531006
v 10.981719970703125 -3.199169874191284 19.52750015258789
vt 0.3932904899120331 0.993992030620575
vn 0.07748647034168243 -0.20161989331245422 0.9763939380645752
v 10.981719970703125 3.1496832370758057 19.52750015258789
vt 0.04730420932173729 0.6788443326950073
vn 0.055825989693403244 0.20866359770298004 0.9763927459716797
v 12.650630950927734 -1.9866700172424316 19.52750015258789
vt 0.37681740522384644 0.9939919710159302
vn 0.18119847774505615 -0.117571622133255 0.9763934016227722
v 14.132450103759766 -1.3836430311203003 19.03468894958496
vt 0.368415504693985 0.9855607748031616
vn 0.785696804523468 -0.3019469082355499 0.5399153232574463
v 12.32395076751709 3.190062999725342 11.032309532165527
vt 0.33638209104537964 0.93709397315979
vn 0.9930055737495422 -0.027654848992824554 -0.11478272080421448
v 13.12472915649414 -1.0562260150909424 19.52750015258789
vt 0.018561450764536858 0.6934896111488342
vn 0.250202476978302 -0.0669388696551323 0.9658768177032471
v 12.53499984741211 3.5328369140625 11.042770385742188
vt 0.3342721164226532 0.9372250437736511
vn 0.8297688364982605 0.5529088377952576 0.07599696516990662
v 11.73784065246582 6.1724853515625 44.138214111328125
vt 0.2141629010438919 0.8609426021575928
vn 0.3841579854488373 0.8636273145675659 -0.3264508843421936
v 12.146110534667969 4.738061904907227 30.176570892333984
vt 0.13734160363674164 0.8528065085411072
vn 0.3024114966392517 0.9235972166061401 -0.23561716079711914
v 11.889580726623535 4.595800876617432 40.14564895629883
vt 0.19261899590492249 0.8533129692077637
vn 0.3772753179073334 0.890965461730957 -0.2526734471321106
v 10.85000991821289 2.631885051727295 36.07307052612305
vt 0.17409460246562958 0.8412829637527466
vn 0.3815194070339203 -0.06711788475513458 -0.9219207763671875
v 6.698598384857178 -0.815747082233429 9.163171768188477
vt 0.36515501141548157 0.9219588041305542
vn -0.3639889061450958 -0.5846146941184998 -0.7250776886940002
v 9.950273513793945 -3.4016849994659424 9.163171768188477
vt 0.4013585150241852 0.9219588041305542
vn -4.5284636485121155e-08 -0.3170195519924164 -0.9484188556671143
v 7.9653520584106445 -2.756762981414795 9.163171768188477
vt 0.38338470458984375 0.9219588041305542
vn -0.1478792428970337 -0.22790184617042542 -0.9623889327049255
v 8.591402053833008 -4.206958293914795 9.933612823486328
vt 0.3934434950351715 0.9306358695030212
vn -0.26535239815711975 -0.8540046215057373 -0.4475089907646179
v 9.950273513793945 4.372632026672363 19.03468894958496
vt 0.3190602958202362 0.9857553839683533
vn -2.05595739544151e-07 0.7109503746032715 0.7032421827316284
v 5.768095970153809 -1.3836430311203003 16.374691009521484
vt 0.3657076954841614 0.9692602157592773
vn -0.7423334121704102 -0.6441564559936523 -0.18439999222755432
v 8.591401100158691 4.157397270202637 19.03468894958496
vt 0.3270599842071533 0.985722005367279
vn -0.2848508656024933 0.840018093585968 0.4617677628993988
v 5.768096923828125 -1.3836430311203003 12.029809951782227
vt 0.36554551124572754 0.9434278607368469
vn -0.14805983006954193 -0.9414272308349609 -0.3029736876487732
v 7.218264579772949 -2.0096919536590576 9.163171768188477
vt 0.3752492070198059 0.9219588041305542
vn -0.5526772737503052 0.039346132427453995 -0.8324660062789917
v 8.90673828125 -3.2364261150360107 9.163171768188477
vt 0.3934045135974884 0.9219588041305542
vn -0.08202972263097763 -0.30663105845451355 -0.9482871294021606
v 10.952159881591797 7.870482921600342 48.50531005859375
vt 0.23811030387878418 0.8735185861587524
vn 0.8611050844192505 -0.3601721525192261 0.35885089635849
v 10.565619468688965 7.150195121765137 48.709922790527344
vt 0.24037760496139526 0.8698006868362427
vn 0.38674113154411316 -0.7404161095619202 0.5497410297393799
v 11.09179973602295 5.039453029632568 44.52381896972656
vt 0.21733909845352173 0.8546192049980164
vn 0.5684038996696472 -0.7535040974617004 0.33037614822387695
v 11.914039611816406 5.993628025054932 25.160511016845703
vt 0.1081589013338089 0.864307701587677
vn 0.893466055393219 0.4214697480201721 0.1551830917596817
v 11.007590293884277 3.758594036102295 27.63258934020996
vt 0.12227199971675873 0.8534435033798218
vn 0.7391757965087891 0.6699237823486328 0.06943478435277939
v 11.272579193115234 7.429810047149658 45.619049072265625
vt 0.22178509831428528 0.8696162104606628
vn 0.6686399579048157 0.7424907684326172 -0.04034988582134247
v 11.920249938964844 4.078906059265137 37.963600158691406
vt 0.18053029477596283 0.8512871265411377
vn 0.9852265119552612 0.0814950242638588 0.15062282979488373
v 11.007590293884277 4.196753025054932 26.70549774169922
vt 0.11784250289201736 0.8549798727035522
vn 0.7579979300498962 0.5450438857078552 0.3582824170589447
v 6.157040119171143 1.230322003364563 11.044879913330078
vt 0.34969809651374817 0.9373158812522888
vn -0.46674787998199463 0.8843875527381897 -0.00226156460121274
v 5.608878135681152 -0.5973389148712158 11.042770385742188
vt 0.36133551597595215 0.9373536705970764
vn -0.7311701774597168 -0.6817857623100281 0.023630734533071518
v 5.768096923828125 1.334082007408142 11.04275894165039
vt 0.3518249988555908 0.9372518658638
vn -0.7722913026809692 0.6278024315834045 0.09710942953824997
v 6.573324680328369 -0.02475585974752903 9.163171768188477
vt 0.025465279817581177 0.6421325206756592
vn -0.4694260060787201 -0.02478119730949402 -0.8826239705085754
v 7.9653520584106445 2.707202196121216 9.163171768188477
vt 0.044146180152893066 0.6516468524932861
vn -0.23938822746276855 0.2953800559043884 -0.9249020218849182
v 7.9653520584106445 -2.756762981414795 9.163171768188477
vt 0.0068030026741325855 0.6516464948654175
vn -0.1478792428970337 -0.22790184617042542 -0.9623889327049255
v 6.939669609069824 1.4133789539337158 9.163171768188477
vt 0.348038911819458 0.9219588041305542
vn -0.15280163288116455 0.6395440697669983 -0.7534155249595642
v 6.392701148986816 -2.6094970703125 9.933612823486328
vt 0.37507209181785583 0.9306429028511047
vn -0.8620285391807556 -0.20446665585041046 -0.4637890160083771
v 6.101456165313721 1.9883790016174316 9.933612823486328
vt 0.3480757176876068 0.9305868148803711
vn -0.48504436016082764 0.7826815247535706 -0.3900531232357025
v 6.73860502243042 1.0187499523162842 9.163171768188477
vt 0.35168859362602234 0.9219588041305542
vn -0.34430623054504395 0.11186966300010681 -0.9321686625480652
v 9.950273513793945 3.3521971702575684 9.163171768188477
vt 0.3190602958202362 0.9219588041305542
vn 3.74091655430675e-08 0.3170255124568939 -0.9484170079231262
v 7.365546226501465 -3.5822999477386475 9.933612823486328
vt 0.38351309299468994 0.9306318163871765
vn -0.5822371244430542 -0.7415719628334045 -0.33327293395996094
v 5.768096923828125 1.3341070413589478 9.933612823486328
vt 0.351901113986969 0.930670976638794
vn -0.8504983186721802 0.27633923292160034 -0.4475368857383728
v 7.365546226501465 3.5328369140625 11.042770385742188
vt 0.3342721164226532 0.9372250437736511
vn -0.8297685980796814 0.5529091954231262 0.07599686086177826
v 6.612449645996094 -0.02475585974752903 19.52750015258789
vt 0.025610201060771942 0.6946060061454773
vn -0.3217509984970093 0.016987306997179985 0.9466720223426819
v 8.918828964233398 -3.199169874191284 19.52750015258789
vt 0.3932904899120331 0.993992030620575
vn -0.07748648524284363 -0.20161955058574677 0.9763940572738647
v 9.950273513793945 3.3130619525909424 19.52750015258789
vt 0.04842060059309006 0.6717956066131592
vn -4.010544785160164e-08 0.21571624279022217 0.9764559864997864
v 8.90673828125 3.1869139671325684 9.163171768188477
vt 0.3268814980983734 0.9219588041305542
vn -0.11386705189943314 0.2962886691093445 -0.9482864737510681
v 7.351381301879883 1.8635250329971313 9.534364700317383
vt 0.343133807182312 0.924593448638916
vn -0.7323574423789978 0.5328450202941895 -0.423944354057312
v 6.392701148986816 -2.6094970703125 19.03468894958496
vt 0.37684890627861023 0.9856082201004028
vn -0.6910839080810547 -0.480012983083725 0.5403615236282349
v 6.392701148986816 -2.6094970703125 16.374691009521484
vt 0.3755851984024048 0.9693130254745483
vn -0.9570595026016235 -0.21591810882091522 -0.19343315064907074
v 7.365546226501465 -3.5822999477386475 19.03468894958496
vt 0.38528361916542053 0.9856734871864319
vn -0.5089300274848938 -0.6700762510299683 0.5403593182563782
v 11.954179763793945 6.243358612060547 23.987340927124023
vt 0.10111849755048752 0.8616223931312561
vn 0.8761163353919983 0.3578866422176361 0.3230127990245819
v 11.477089881896973 6.743066310882568 25.152568817138672
vt 0.10730230063199997 0.8678067922592163
vn 0.6535403728485107 0.7311667799949646 0.1956527829170227
v 9.950273513793945 -4.422143936157227 9.933612823486328
vt 0.4013585150241852 0.9306381344795227
vn 1.102338913483436e-07 -0.8090595006942749 -0.587726891040802
v 7.365545272827148 3.5328369140625 19.03468894958496
vt 0.3346306085586548 0.9856012463569641
vn -0.5696800351142883 0.6790194511413574 0.46303045749664307
v 5.5528717041015625 -0.02475585974752903 9.933612823486328
vt 0.36009731888771057 0.9306670427322388
vn -0.942489504814148 0.00548021262511611 -0.33419090509414673
v 7.365545272827148 3.5328369140625 9.933612823486328
vt 0.33416610956192017 0.930575966835022
vn -0.47968021035194397 0.6964177489280701 -0.5337689518928528
v 9.950273513793945 4.372632026672363 9.933612823486328
vt 0.3190602958202362 0.9305658936500549
vn 6.358639126347043e-08 0.9555602073669434 -0.294795960187912
v 7.9653520584106445 2.707202196121216 9.163171768188477
vt 0.33428311347961426 0.9219588041305542
vn -0.23938822746276855 0.2953800559043884 -0.9249020218849182
v 11.503740310668945 6.799365043640137 46.04616165161133
vt 0.22427310049533844 0.8661575317382812
vn 0.9857518076896667 -0.027691496536135674 0.16591134667396545
v 11.73784065246582 6.1724853515625 44.138214111328125
vt 0.2141629010438919 0.8609426021575928
vn 0.9534585475921631 0.2934245765209198 -0.06941589713096619
v 7.576598167419434 3.190062999725342 11.032309532165527
vt 0.33638209104537964 0.93709397315979
vn -0.9930054545402527 -0.027656685560941696 -0.11478380858898163
v 8.918828964233398 3.1496832370758057 19.52750015258789
vt 0.3270971179008484 0.9939919710159302
vn -0.05582612007856369 0.208663672208786 0.9763927459716797
v 8.591401100158691 4.157397270202637 9.933612823486328
vt 0.32687461376190186 0.9305551648139954
vn -0.28728461265563965 0.8468829393386841 -0.447500616312027
v 11.007590293884277 5.574536323547363 24.890411376953125
vt 0.1084028035402298 0.8595069646835327
vn 0.6891847252845764 0.3879789412021637 0.6119611263275146
v 11.007590293884277 5.864794731140137 25.098159790039062
vt 0.10918369889259338 0.8608306050300598
vn 0.795263946056366 -0.6044402718544006 0.04698144271969795
v 11.007590293884277 4.594922065734863 28.559078216552734
vt 0.12754179537296295 0.8553242683410645
vn 0.8222129940986633 0.46483102440834045 -0.3284780979156494
v 5.708963394165039 -1.0102779865264893 9.933612823486328
vt 0.36525869369506836 0.9307050704956055
vn -0.6571694612503052 -0.6302823424339294 -0.4133671522140503
v 6.416513919830322 1.9192869663238525 10.125590324401855
vt 0.3462812900543213 0.9311397671699524
vn -0.26578739285469055 0.9005868434906006 -0.3439481258392334
v 6.072876930236816 -1.9818120002746582 17.42053985595703
vt 0.370531290769577 0.9752897620201111
vn -0.8472647070884705 -0.4347064197063446 -0.3052420914173126
v 9.950273513793945 -3.3625731468200684 19.52750015258789
vt 0.4013585150241852 0.993992030620575
vn 1.241356795134152e-08 -0.21570837497711182 0.9764577746391296
v 6.612449645996094 -0.02475585974752903 19.52750015258789
vt 0.3600654900074005 0.9939919710159302
vn -0.3217509984970093 0.016987306997179985 0.9466720223426819
v 6.863499164581299 -3.0802979469299316 11.04275894165039
vt 0.37938791513442993 0.9373326301574707
vn -0.9754692912101746 -0.18962381780147552 0.11181436479091644
v 12.146110534667969 5.160107135772705 33.61983108520508
vt 0.15611310303211212 0.8552337884902954
vn 0.28368479013442993 0.9583619832992554 -0.03263644874095917
v 12.146110534667969 5.085179805755615 31.88051986694336
vt 0.14659400284290314 0.8546711802482605
vn 0.2809959053993225 0.9502944946289062 -0.13409540057182312
v 11.391390800476074 7.235424995422363 43.96011734008789
vt 0.2124246060848236 0.8695806860923767
vn 0.7814330458641052 0.6210906505584717 -0.060073379427194595
v 11.392179489135742 4.3204827308654785 32.0193977355957
vt 0.14752860367298126 0.8488602042198181
vn 0.3895333409309387 -0.9163087010383606 0.09296228736639023
v 10.85000991821289 2.631885051727295 36.07307052612305
vt 0.17409460246562958 0.8412829637527466
vn 0.40597400069236755 -0.9003303647041321 0.15681330859661102
v 11.916170120239258 5.496289253234863 24.797380447387695
vt 0.10516700148582458 0.8567889928817749
vn 0.600936770439148 0.6211141347885132 0.5030824542045593
v 8.918828964233398 -3.199169874191284 19.52750015258789
vt 0.003916170913726091 0.6788443922996521
vn -0.07748648524284363 -0.20161955058574677 0.9763940572738647
v 7.988349914550781 2.675585985183716 19.52750015258789
vt 0.04406427964568138 0.6852031946182251
vn -0.11756786704063416 0.18119899928569794 0.9763936400413513
v 8.90673828125 3.1869139671325684 9.163171768188477
vt 0.0474180206656456 0.6580793857574463
vn -0.11386705189943314 0.2962886691093445 -0.9482864737510681
v 12.017610549926758 4.67543888092041 37.03009796142578
vt 0.17455559968948364 0.8534660339355469
vn 0.9893941879272461 -0.04016299173235893 0.1395922154188156
v 12.146110534667969 5.163280963897705 35.3821907043457
vt 0.16554999351501465 0.8551676869392395
vn 0.8405499458312988 -0.5303720235824585 -0.11036857217550278
v 12.146110534667969 5.085179805755615 31.88051986694336
vt 0.14659400284290314 0.8546711802482605
vn 0.706530749797821 -0.7013266682624817 0.09463188797235489
v 12.146110534667969 4.738061904907227 30.176570892333984
vt 0.13734160363674164 0.8528065085411072
vn 0.7128205299377441 -0.6693719029426575 0.20935161411762238
v 11.378990173339844 6.735010147094727 39.69950866699219
vt 0.18891260027885437 0.8689683079719543
vn 0.6647608280181885 0.7435054779052734 -0.07274936139583588
v 11.392179489135742 4.08505916595459 30.5184383392334
vt 0.13923169672489166 0.8472372889518738
vn 0.3806145489215851 -0.8842041492462158 0.2707686424255371
v 11.007590293884277 5.4638671875 30.05088996887207
vt 0.13587060570716858 0.8616138100624084
vn 0.8487458229064941 -0.528682291507721 0.011214787140488625
v 11.007590293884277 5.404932022094727 31.864290237426758
vt 0.1459610015153885 0.8596547842025757
vn 0.7994187474250793 0.5982071161270142 -0.055478982627391815
v 11.007590293884277 5.573974609375 31.847740173339844
vt 0.1458875983953476 0.8621649146080017
vn 0.9105634093284607 -0.41269630193710327 0.023579485714435577
v 11.889580726623535 4.595800876617432 40.14564895629883
vt 0.19261899590492249 0.8533129692077637
vn 0.8396321535110474 -0.5110759735107422 0.18389923870563507
v 10.952159881591797 7.870482921600342 48.50531005859375
vt 0.23811030387878418 0.8735185861587524
vn 0.8130178451538086 0.5747191309928894 0.09327248483896255
v 5.5528717041015625 -0.02475585974752903 19.03468894958496
vt 0.35997989773750305 0.985509991645813
vn -0.8869283199310303 -0.01133666094392538 0.46176785230636597
v 6.775815010070801 1.0066889524459839 19.52750015258789
vt 0.032658930867910385 0.6934896111488342
vn -0.2016257792711258 0.07748592644929886 0.9763927459716797
v 6.775815010070801 -1.0562260150909424 19.52750015258789
vt 0.3684209883213043 0.9939919710159302
vn -0.2502019703388214 -0.06693890690803528 0.9658769965171814
v 7.988349914550781 2.675585985183716 19.52750015258789
vt 0.33475741744041443 0.9939919710159302
vn -0.11756786704063416 0.18119899928569794 0.9763936400413513
v 6.990174293518066 2.721557855606079 10.12870979309082
vt 0.33998170495033264 0.9310978651046753
vn -0.9703532457351685 0.10871200263500214 -0.21586154401302338
v 6.770150184631348 2.977490186691284 16.374691009521484
vt 0.33900830149650574 0.9693072438240051
vn -0.9744291305541992 0.08759230375289917 -0.2069193720817566
v 7.249917984008789 -1.9866700172424316 19.52750015258789
vt 0.012202589772641659 0.6902495622634888
vn -0.18119849264621735 -0.11757231503725052 0.9763933420181274
v 7.249917984008789 1.9371819496154785 19.52750015258789
vt 0.03901778906583786 0.6902495622634888
vn -0.1678122878074646 0.13599838316440582 0.9763931035995483
v 7.548432350158691 2.2903079986572266 9.163171768188477
vt 0.33902961015701294 0.9219588041305542
vn -0.4255371689796448 -0.163418248295784 -0.8900631666183472
v 6.392701148986816 2.5599610805511475 17.420530319213867
vt 0.34301409125328064 0.9753595590591431
vn -0.8038707971572876 0.5429137349128723 -0.2429734468460083
v 7.988349914550781 -2.7251219749450684 19.52750015258789
vt 0.007156100589782 0.6852031946182251
vn -0.13599681854248047 -0.16781656444072723 0.9763925075531006
v 11.309139251708984 -4.206958293914795 9.933612823486328
vt 0.3934434950351715 0.9306358695030212
vn 0.2653525173664093 -0.8540046811103821 -0.44750887155532837
v 11.935190200805664 -2.756762981414795 9.163171768188477
vt 0.38338470458984375 0.9219588041305542
vn 0.14787909388542175 -0.22790181636810303 -0.9623890519142151
v 8.591402053833008 -4.206958293914795 19.03468894958496
vt 0.39332151412963867 0.9857631921768188
vn -0.2769697308540344 -0.7945370078086853 0.5403689742088318
v 9.950273513793945 -4.422143936157227 19.03468894958496
vt 0.4013585150241852 0.9857885837554932
vn 2.16715662304523e-07 -0.9355378150939941 0.3532266914844513
v 7.249917984008789 1.9371819496154785 19.52750015258789
vt 0.3430778980255127 0.9939919710159302
vn -0.1678122878074646 0.13599838316440582 0.9763931035995483
v 6.392701148986816 2.5599610805511475 19.03468894958496
vt 0.3430587947368622 0.9855865836143494
vn -0.6291902661323547 0.43763038516044617 0.6423388123512268
v 13.484029769897461 1.9192869663238525 10.125590324401855
vt 0.3462812900543213 0.9311397671699524
vn 0.2657885253429413 0.9005853533744812 -0.3439514636993408
v 12.910369873046875 2.721557855606079 10.12870979309082
vt 0.33998170495033264 0.9310978651046753
vn 0.9703531265258789 0.10871000587940216 -0.2158631682395935
v 12.54916000366211 1.8635250329971313 9.534364700317383
vt 0.343133807182312 0.924593448638916
vn 0.7323601841926575 0.5328428149223328 -0.4239422082901001
v 12.960880279541016 1.4133789539337158 9.163171768188477
vt 0.348038911819458 0.9219588041305542
vn 0.15280285477638245 0.639544665813446 -0.7534149289131165
v 14.34766960144043 -0.02475585974752903 9.933612823486328
vt 0.36009731888771057 0.9306670427322388
vn 0.942489504814148 0.005482019390910864 -0.33419090509414673
v 13.327219009399414 -0.02475585974752903 9.163171768188477
vt 0.36011409759521484 0.9219588041305542
vn 0.4694271385669708 -0.024780383333563805 -0.8826234340667725
v 10.993809700012207 3.1869139671325684 9.163171768188477
vt 0.3268814980983734 0.9219588041305542
vn 0.11386719346046448 0.29628875851631165 -0.9482864737510681
v 7.988349914550781 -2.7251219749450684 19.52750015258789
vt 0.38516131043434143 0.993992030620575
vn -0.13599681854248047 -0.16781656444072723 0.9763925075531006
v 11.935190200805664 2.707202196121216 9.163171768188477
vt 0.33428311347961426 0.9219588041305542
vn 0.2393878847360611 0.295379638671875 -0.9249023199081421
v 7.249917984008789 -1.9866700172424316 19.52750015258789
vt 0.37681740522384644 0.9939919710159302
vn -0.18119849264621735 -0.11757231503725052 0.9763933420181274
v 9.950273513793945 -3.3625731468200684 19.52750015258789
vt 0.002799775917083025 0.6717956066131592
vn 1.241356795134152e-08 -0.21570837497711182 0.9764577746391296
v 6.775815010070801 -1.0562260150909424 19.52750015258789
vt 0.018561450764536858 0.6934896111488342
vn -0.2502019703388214 -0.06693890690803528 0.9658769965171814
v 6.775815010070801 1.0066889524459839 19.52750015258789
vt 0.35141289234161377 0.9939919710159302
vn -0.2016257792711258 0.07748592644929886 0.9763927459716797
v 9.950273513793945 3.3130619525909424 19.52750015258789
vt 0.3190602958202362 0.9939919710159302
vn -4.010544785160164e-08 0.21571624279022217 0.9764559864997864
v 13.16193962097168 1.0187499523162842 9.163171768188477
vt 0.35168859362602234 0.9219588041305542
vn 0.34430691599845886 0.11186854541301727 -0.9321685433387756
v 13.799090385437012 1.9883790016174316 9.933612823486328
vt 0.3480757176876068 0.9305868148803711
vn 0.48504582047462463 0.782680332660675 -0.3900538682937622
v 6.679262161254883 2.3462159633636475 17.285240173339844
vt 0.34315159916877747 0.9734385013580322
vn -0.8822792172431946 -0.23326244950294495 -0.4088665246963501
v 12.53499984741211 3.5328369140625 9.933612823486328
vt 0.33416610956192017 0.930575966835022
vn 0.4796794652938843 0.6964181065559387 -0.5337689518928528
v 14.191579818725586 -1.0102779865264893 9.933612823486328
vt 0.36525869369506836 0.9307050704956055
vn 0.6571701169013977 -0.6302810311317444 -0.4133681356906891
v 5.768095970153809 -1.3836430311203003 19.03468894958496
vt 0.368415504693985 0.9855607748031616
vn -0.7856960892677307 -0.30194929242134094 0.5399152040481567
v 12.682280540466309 -2.0096919536590576 9.163171768188477
vt 0.3752492070198059 0.9219588041305542
vn 0.5526763200759888 0.039347339421510696 -0.8324666023254395
v 12.53499984741211 -3.5822999477386475 9.933612823486328
vt 0.38351309299468994 0.9306318163871765
vn 0.5822353959083557 -0.7415732741355896 -0.33327341079711914
v 6.573324680328369 -0.02475585974752903 9.163171768188477
vt 0.36011409759521484 0.9219588041305542
vn -0.4694260060787201 -0.02478119730949402 -0.8826239705085754
v 11.021629333496094 5.5501708984375 27.396909713745117
vt 0.12119600176811218 0.8622137308120728
vn 0.8639630079269409 -0.5024111270904541 -0.03392560034990311
v 12.146110534667969 5.160107135772705 33.61983108520508
vt 0.15611310303211212 0.8552337884902954
vn 0.7421512603759766 -0.6701219081878662 -0.012163758277893066
v 11.440810203552246 5.796849727630615 31.83485984802246
vt 0.14573970437049866 0.8648889064788818
vn 0.7695309519767761 -0.6369110345840454 0.04654534161090851
v 11.392179489135742 4.379345893859863 33.54978942871094
vt 0.15601180493831635 0.84935462474823
vn 0.3125046491622925 -0.9493097066879272 -0.03393995016813278
v 11.482449531555176 6.68247127532959 44.045291900634766
vt 0.21265850961208344 0.8668913841247559
vn 0.79117751121521 -0.6092087626457214 0.05387994274497032
v 11.007590293884277 5.505419731140137 33.61882781982422
vt 0.1558251976966858 0.8602312803268433
vn 0.8035603761672974 0.5950918197631836 -0.012508519925177097
v 11.516960144042969 6.822021007537842 45.220279693603516
vt 0.2195408046245575 0.8658310174942017
vn 0.9734969735145569 0.22100993990898132 -0.058806341141462326
v 11.007590293884277 5.5127692222595215 35.44580841064453
vt 0.16606110334396362 0.860093891620636
vn 0.8127874732017517 0.5716171860694885 0.1123848631978035
v 11.007590293884277 6.516454696655273 44.0715217590332
vt 0.2126414030790329 0.8645454049110413
vn 0.7141725420951843 0.6404532790184021 -0.2824486494064331
v 7.218264579772949 -2.0096919536590576 9.163171768188477
vt 0.01190095953643322 0.6465400457382202
vn -0.5526772737503052 0.039346132427453995 -0.8324660062789917
v 7.548432350158691 2.2903079986572266 9.163171768188477
vt 0.041293758898973465 0.6487972736358643
vn -0.4255371689796448 -0.163418248295784 -0.8900631666183472
v 11.954179763793945 6.243358612060547 23.987340927124023
vt 0.10111849755048752 0.8616223931312561
vn 0.15137623250484467 -0.967856228351593 -0.2008468210697174
v 11.007590293884277 6.048145294189453 39.83197021484375
vt 0.1899452954530716 0.8640143871307373
vn 0.8942066431045532 -0.4459165632724762 0.03940743952989578
v 11.007590293884277 4.489184856414795 38.16987991333008
vt 0.1815142035484314 0.8564026951789856
vn 0.7768905758857727 0.6296351552009583 -0.0007351731765083969
v 11.914039611816406 5.993628025054932 25.160511016845703
vt 0.1081589013338089 0.864307701587677
vn 0.22962753474712372 -0.9654586911201477 -0.12312857061624527
v 11.009759902954102 5.956933975219727 46.44649887084961
vt 0.22755910456180573 0.8612685799598694
vn 0.5087183713912964 -0.7397117018699646 0.4404909908771515
v 11.108449935913086 3.4880619049072266 40.319664001464844
vt 0.1940937042236328 0.8463078141212463
vn 0.44305241107940674 -0.8692201972007751 0.21945567429065704
v 10.943260192871094 1.2458500862121582 28.852970123291016
vt 0.1254187971353531 0.8359953761100769
vn 0.409612238407135 -0.9076065421104431 -0.09202130883932114
v 12.294039726257324 3.436084032058716 26.32284927368164
vt 0.11327549815177917 0.8468037843704224
vn 0.999452531337738 0.03207068145275116 0.008123097941279411
v 11.077810287475586 2.3825929164886475 25.521759033203125
vt 0.10948269814252853 0.8395472764968872
vn 0.4464279115200043 -0.8083984851837158 -0.38365882635116577
v 11.392179489135742 3.6229000091552734 29.458940505981445
vt 0.13312649726867676 0.8450219035148621
vn 0.519145667552948 -0.6419517993927002 0.5642566680908203
v 11.392179489135742 2.6516852378845215 28.92919921875
vt 0.1282435953617096 0.8417310118675232
vn 0.4747604429721832 -0.1790182739496231 0.8617163300514221
v 12.146110534667969 4.314136028289795 28.79936981201172
vt 0.13000349700450897 0.8510385155677795
vn 0.7716854810714722 -0.5672762393951416 0.28757452964782715
v 11.007590293884277 5.822484970092773 36.51567077636719
vt 0.17190439999103546 0.8633015155792236
vn 0.8211979269981384 -0.5695527195930481 0.03526299074292183
v 9.950273513793945 3.3521971702575684 9.163171768188477
vt 0.04854628071188927 0.665210485458374
vn 3.74091655430675e-08 0.3170255124568939 -0.9484170079231262
v 9.950273513793945 -3.4016849994659424 9.163171768188477
vt 0.0023912459146231413 0.665210485458374
vn -4.5284636485121155e-08 -0.3170195519924164 -0.9484188556671143
v 6.698598384857178 -0.815747082233429 9.163171768188477
vt 0.020061269402503967 0.6429888010025024
vn -0.3639889061450958 -0.5846146941184998 -0.7250776886940002
v 6.73860502243042 1.0187499523162842 9.163171768188477
vt 0.032592978328466415 0.6432614326477051
vn -0.34430623054504395 0.11186966300010681 -0.9321686625480652
v 11.007590293884277 5.668408393859863 33.62969970703125
vt 0.15586429834365845 0.8626934885978699
vn 0.8576654195785522 -0.513420581817627 0.028448395431041718
v 11.41553020477295 6.174731254577637 27.498897552490234
vt 0.12140890210866928 0.8672907948493958
vn 0.7300552725791931 0.6737394332885742 0.11442992091178894
v 11.998180389404297 4.069287300109863 26.639129638671875
vt 0.11560410261154175 0.8505668044090271
vn 0.5262840986251831 0.7384723424911499 0.42152515053749084
v 11.007590293884277 4.949268341064453 40.0428466796875
vt 0.1911264955997467 0.8581864833831787
vn 0.7585150003433228 0.6177217960357666 -0.2075444459915161
v 11.007590293884277 5.013623237609863 37.20697784423828
vt 0.17601250112056732 0.8573690056800842
vn 0.8342016339302063 0.49455752968788147 0.24396838247776031
v 11.517399787902832 5.750391006469727 27.56097984313965
vt 0.1218440979719162 0.8650224804878235
vn 0.8971395492553711 -0.4406132996082306 0.03162999823689461
v 11.391839981079102 6.136475086212158 29.975339889526367
vt 0.13547129929065704 0.867041826248169
vn 0.8277478218078613 0.5610889196395874 0.0035580466501414776
v 6.0038161277771 1.778417944908142 16.374691009521484
vt 0.34878501296043396 0.9693149924278259
vn -0.4373928904533386 0.8530700206756592 -0.28453296422958374
v 7.1331000328063965 1.4272220134735107 9.534510612487793
vt 0.3459410071372986 0.9247453808784485
vn -0.6596816182136536 0.7450547814369202 -0.09855705499649048
v 6.390293121337891 1.667822003364563 16.374691009521484
vt 0.34679239988327026 0.9689471125602722
vn -0.23484137654304504 0.9529134631156921 -0.19184726476669312
v 11.470580101013184 6.309863090515137 39.72896194458008
vt 0.18917250633239746 0.8667505979537964
vn 0.9484549164772034 -0.3165123164653778 0.015907850116491318
v 11.007590293884277 6.516454696655273 44.0715217590332
vt 0.2126414030790329 0.8645454049110413
vn 0.3333262503147125 -0.9372205138206482 0.10252483934164047
v 12.017610549926758 4.67543888092041 37.03009796142578
vt 0.17455559968948364 0.8534660339355469
vn 0.3213856518268585 0.9063933491706848 0.27415746450424194
v 7.218264579772949 1.9601320028305054 9.163171768188477
vt 0.34303951263427734 0.9219588041305542
vn -0.7379360198974609 0.5369721055030823 0.40879255533218384
v 7.601385116577148 2.1084229946136475 9.534504890441895
vt 0.34113389253616333 0.9245949983596802
vn -0.9098751544952393 0.4083416163921356 -0.07337722182273865
v 6.667384147644043 -2.3218510150909424 12.013130187988281
vt 0.3737929165363312 0.9431039094924927
vn -0.9853146076202393 -0.022957101464271545 -0.16919860243797302
v 12.053430557250977 6.644799709320068 22.355789184570312
vt 0.09103180468082428 0.8614773750305176
vn 0.9697471261024475 -0.11584816873073578 -0.21487170457839966
v 12.294039726257324 2.581372022628784 27.738300323486328
vt 0.12116160243749619 0.844240665435791
vn 0.9361317157745361 -0.29909035563468933 0.1849382221698761
v 11.486249923706055 5.712964057922363 30.01947784423828
vt 0.135658398270607 0.8646243810653687
vn 0.9583037495613098 -0.28500843048095703 0.020595388486981392
v 11.360329627990723 6.223462104797363 31.796310424804688
vt 0.1455661952495575 0.8673267960548401
vn 0.8164936304092407 0.5772906541824341 -0.008576946333050728
v 11.427749633789062 6.069726467132568 36.516571044921875
vt 0.1716718077659607 0.865949273109436
vn 0.9589781165122986 -0.28322431445121765 0.012038929387927055
v 11.407729148864746 5.886303901672363 33.62969970703125
vt 0.15573710203170776 0.8652310371398926
vn 0.9024356603622437 -0.429782897233963 0.02994396537542343
v 11.336790084838867 6.316844940185547 33.62969970703125
vt 0.15569910407066345 0.8676738142967224
vn 0.7617917656898499 0.6469307541847229 -0.03396797180175781
v 6.392701148986816 -2.6094970703125 9.933612823486328
vt 0.37507209181785583 0.9306429028511047
vn -0.8107055425643921 0.3294507563114166 0.4839613139629364
v 10.915639877319336 4.96201229095459 21.865680694580078
vt 0.08708188682794571 0.8503643274307251
vn 0.5322818756103516 -0.5498650670051575 -0.6436803340911865
v 10.8235502243042 5.795093059539795 20.932239532470703
vt 0.08102504163980484 0.8543645143508911
vn 0.43841713666915894 -0.6972862482070923 -0.5670819282531738
v 6.5957350730896 -2.366137981414795 10.108059883117676
vt 0.37346741557121277 0.9311872124671936
vn -0.9796045422554016 0.1810726821422577 -0.0871066078543663
v 11.342829704284668 6.497973918914795 36.517478942871094
vt 0.17151759564876556 0.8683264255523682
vn 0.8182829022407532 0.5729245543479919 -0.04658900946378708
v 11.392179489135742 4.134668350219727 35.12630844116211
vt 0.16495069861412048 0.8482760787010193
vn 0.43680766224861145 -0.8747925758361816 -0.20961180329322815
v 10.69633960723877 6.433691024780273 19.852970123291016
vt 0.07436695694923401 0.8582653999328613
vn 0.43160465359687805 -0.7881497740745544 -0.438790887594223
v 11.593530654907227 7.695996284484863 20.048038482666016
vt 0.07744750380516052 0.8662806749343872
vn 0.789858341217041 -0.5070587396621704 -0.34498584270477295
v 11.03377914428711 3.695189952850342 22.841289520263672
vt 0.09427548944950104 0.8452184796333313
vn 0.370856374502182 -0.6739892959594727 -0.6389083862304688
v 12.02550983428955 3.4267091751098633 27.884580612182617
vt 0.12343510240316391 0.848149299621582
vn 0.9055916666984558 0.3990747332572937 0.14367711544036865
v 11.392179489135742 3.586060047149658 36.227970123291016
vt 0.171670600771904 0.8461281061172485
vn 0.6283837556838989 -0.6324020624160767 -0.4529917538166046
v 6.73860502243042 -1.0683109760284424 9.163171768188477
vt 0.3674079179763794 0.9219588041305542
vn -0.8447502851486206 -0.30999475717544556 0.4362342059612274
v 5.985178470611572 1.7784419059753418 12.029809951782227
vt 0.34916311502456665 0.9432364702224731
vn 0.031832169741392136 0.9770391583442688 -0.2106684148311615
v 6.850262641906738 2.977490186691284 12.029809951782227
vt 0.338305801153183 0.9433019161224365
vn -0.9004688858985901 -0.3205619752407074 -0.2939317524433136
v 12.146110534667969 4.314136028289795 28.79936981201172
vt 0.13000349700450897 0.8510385155677795
vn 0.30658143758773804 0.849189281463623 -0.42998284101486206
v 12.146110534667969 5.163280963897705 35.3821907043457
vt 0.16554999351501465 0.8551676869392395
vn 0.29595959186553955 0.9503095746040344 0.09653839468955994
v 12.294039726257324 5.084130764007568 24.00436782836914
vt 0.10082830488681793 0.8546493053436279
vn 0.9765837788581848 -0.14293691515922546 -0.16078945994377136
v 11.007590293884277 5.084814071655273 30.07452964782715
vt 0.13594040274620056 0.857908308506012
vn 0.6372854709625244 0.7472014427185059 -0.18856577575206757
v 6.028025150299072 -1.024219036102295 10.103059768676758
vt 0.3671169877052307 0.9310803413391113
vn -0.32641100883483887 -0.9431765079498291 -0.06223918870091438
v 6.004205703735352 -0.612255871295929 11.026450157165527
vt 0.36354881525039673 0.9369514584541321
vn -0.5722222328186035 -0.8108161091804504 -0.12303990125656128
v 6.428107261657715 -1.8069089651107788 17.285240173339844
vt 0.3705770969390869 0.9732970595359802
vn -0.5567129254341125 -0.29109692573547363 -0.7780316472053528
v 7.090010166168213 -2.7595949172973633 11.039409637451172
vt 0.3771902918815613 0.9372519850730896
vn -0.9903174638748169 0.04386517405509949 -0.13170865178108215
v 11.309139251708984 4.157397270202637 9.933612823486328
vt 0.32687461376190186 0.9305551648139954
vn 0.28728413581848145 0.846883237361908 -0.4475002586841583
v 6.828476905822754 2.9957520961761475 9.933612823486328
vt 0.3381780982017517 0.9304366707801819
vn -0.9033463001251221 0.22978651523590088 -0.3621651232242584
v 8.90673828125 -3.2364261150360107 9.163171768188477
vt 0.0035213499795645475 0.658079206943512
vn -0.08202972263097763 -0.30663105845451355 -0.9482871294021606
v 6.73860502243042 -1.0683109760284424 9.163171768188477
vt 0.018335459753870964 0.6432622075080872
vn 0.0 0.0 -0.9999999403953552
v 6.939669609069824 1.4133789539337158 9.163171768188477
vt 0.03529331833124161 0.6446360349655151
vn -0.15280163288116455 0.6395440697669983 -0.7534155249595642
v 7.218264579772949 1.9601320028305054 9.163171768188477
vt 0.039033979177474976 0.6465404033660889
vn 0.0 0.0 -0.9999999403953552
v 5.768095970153809 1.3341070413589478 19.03468894958496
vt 0.351490318775177 0.9854814410209656
vn -0.8294049501419067 0.31560733914375305 0.46095481514930725
v 6.990174293518066 2.721557855606079 10.12870979309082
vt 0.33998170495033264 0.9310978651046753
vn -0.6475467085838318 -0.4181465208530426 0.6370530128479004
v 6.416513919830322 1.9192869663238525 10.125590324401855
vt 0.3462812900543213 0.9311397671699524
vn 0.19844292104244232 0.7565950155258179 0.6230443716049194
v 6.704630374908447 -2.3495850563049316 16.374691009521484
vt 0.3735761046409607 0.9689961671829224
vn -0.942337691783905 0.3058101534843445 -0.13594017922878265
v 14.132450103759766 1.3341070413589478 9.933612823486328
vt 0.351901113986969 0.930670976638794
vn 0.8504985570907593 0.2763376832008362 -0.447537362575531
v 13.507850646972656 -2.6094970703125 9.933612823486328
vt 0.37507209181785583 0.9306429028511047
vn 0.8620285987854004 -0.20446528494358063 -0.46378934383392334
v 7.548432350158691 2.2903079986572266 9.163171768188477
vt 0.33902961015701294 0.9219588041305542
vn -0.6455119252204895 0.6454962491989136 0.40822622179985046
v 6.163464069366455 -1.3301029205322266 12.002400398254395
vt 0.3675917983055115 0.9430291652679443
vn -0.598070502281189 -0.7672170996665955 -0.2317102998495102
v 6.369760036468506 1.6638429164886475 12.014850616455078
vt 0.34705018997192383 0.943001389503479
vn -0.4797877073287964 0.86740642786026 -0.1319466084241867
v 13.201950073242188 -0.815747082233429 9.163171768188477
vt 0.36515501141548157 0.9219588041305542
vn 0.36398831009864807 -0.5846178531646729 -0.7250754237174988
v 6.679262161254883 2.3462159633636475 17.285240173339844
vt 0.34315159916877747 0.9734385013580322
vn 0.22948066890239716 0.7403190732002258 -0.631875216960907
v 6.392701148986816 -2.6094970703125 12.029809951782227
vt 0.37585651874542236 0.9433974623680115
vn -0.8502638339996338 0.45216602087020874 -0.2694387137889862
v 6.161742210388184 -1.2841548919677734 16.374691009521484
vt 0.36771541833877563 0.9689699411392212
vn -0.447079062461853 -0.8877280354499817 -0.10981431603431702
v 6.871731281280518 -0.863085925579071 9.534521102905273
vt 0.36696290969848633 0.9247772693634033
vn -0.7738591432571411 -0.5702548623085022 -0.2755928337574005
v 7.079422950744629 2.651294231414795 12.002849578857422
vt 0.34036150574684143 0.9429025650024414
vn -0.9640363454818726 0.18224118649959564 -0.1934475302696228
v 7.331936359405518 -1.8673099279403687 9.534518241882324
vt 0.37344470620155334 0.9251626133918762
vn -0.9963707327842712 -0.08280088007450104 -0.01973414234817028
v 7.004098892211914 2.655223846435547 16.374691009521484
vt 0.3410063087940216 0.9689834713935852
vn -0.9923776984214783 -0.011046215891838074 -0.12273704260587692
v 8.918828964233398 3.1496832370758057 19.52750015258789
vt 0.04730420932173729 0.6788443326950073
vn -0.05582612007856369 0.208663672208786 0.9763927459716797
v 11.218819618225098 8.063770294189453 18.195690155029297
vt 0.06710217148065567 0.8700531721115112
vn 0.7693772912025452 -0.5751457810401917 -0.2779674530029297
v 8.892980575561523 4.594922065734863 28.559078216552734
vt 0.12754179537296295 0.8553242683410645
vn -0.8222123384475708 0.46483200788497925 -0.3284783661365509
v 8.892980575561523 4.196753025054932 26.70549774169922
vt 0.11784250289201736 0.8549798727035522
vn -0.7579973936080933 0.5450443029403687 0.3582829535007477
v 8.892982482910156 5.668408393859863 33.62969970703125
vt 0.15586429834365845 0.8626934885978699
vn -0.8576643466949463 -0.513422429561615 0.028448384255170822
v 11.218819618225098 8.063770294189453 18.195690155029297
vt 0.0683717131614685 0.8843408823013306
vn 0.31865596771240234 0.9475104808807373 0.02612116001546383
v 11.009759902954102 5.956933975219727 46.44649887084961
vt 0.23436680436134338 0.8519687652587891
vn 0.5087183713912964 -0.7397117018699646 0.4404909908771515
v 10.69633960723877 6.433691024780273 19.852970123291016
vt 0.0693657323718071 0.8517541885375977
vn 0.43160465359687805 -0.7881497740745544 -0.438790887594223
v 11.392179489135742 4.379345893859863 33.54978942871094
vt 0.15585419535636902 0.8341107964515686
vn 0.3125046491622925 -0.9493097066879272 -0.03393995016813278
v 11.565970420837402 7.338647365570068 22.948930740356445
vt 0.09598173946142197 0.8843408823013306
vn 0.5900557637214661 0.7816511988639832 0.20212745666503906
v 11.593530654907227 7.695996284484863 20.048038482666016
vt 0.07942268252372742 0.8843408823013306
vn 0.5902613401412964 0.8029510378837585 0.08283182233572006
v 10.952159881591797 7.870482921600342 48.50531005859375
vt 0.2363882064819336 0.8843410015106201
vn 0.8130178451538086 0.5747191309928894 0.09327248483896255
v 7.984399795532227 5.496289253234863 24.797380447387695
vt 0.10516700148582458 0.8567889928817749
vn -0.6009340882301331 0.6211156845092773 0.503084123134613
v 8.892980575561523 5.5127692222595215 35.44580841064453
vt 0.16606110334396362 0.860093891620636
vn -0.8127874732017517 0.5716171264648438 0.11238468438386917
v 9.950284957885742 8.08449649810791 14.017790794372559
vt 0.04407433792948723 0.8843408823013306
vn 0.4876572787761688 0.8333920240402222 -0.26009225845336914
v 8.892980575561523 5.084814071655273 30.07452964782715
vt 0.13594040274620056 0.857908308506012
vn -0.6372858285903931 0.7472013235092163 -0.18856583535671234
v 8.892982482910156 5.822484970092773 36.51567077636719
vt 0.17190439999103546 0.8633015155792236
vn -0.8211967349052429 -0.5695546269416809 0.0352632962167263
v 8.892980575561523 5.505419731140137 33.61882781982422
vt 0.1558251976966858 0.8602312803268433
vn -0.8035603761672974 0.595091700553894 -0.012508438900113106
v 7.754462242126465 4.314136028289795 28.79936981201172
vt 0.13000349700450897 0.8510385155677795
vn -0.3065820336341858 0.849189281463623 -0.42998260259628296
v 9.950284957885742 6.771997451782227 32.69532775878906
vt 0.15041090548038483 0.8758782744407654
vn -3.228879847938515e-07 0.99941486120224 -0.03420362249016762
v 9.950284957885742 7.218945026397705 39.69200897216797
vt 0.18834300339221954 0.8766832947731018
vn -4.634908918887959e-07 0.9951984286308289 -0.09787727147340775
v 8.509183883666992 7.235424995422363 43.96011734008789
vt 0.2124246060848236 0.8695806860923767
vn -0.7814335823059082 0.6210898756980896 -0.06007418408989906
v 7.754459857940674 5.160107135772705 33.61983108520508
vt 0.15611310303211212 0.8552337884902954
vn -0.28368479013442993 0.9583619832992554 -0.03263631835579872
v 7.882957935333252 4.67543888092041 37.03009796142578
vt 0.17455559968948364 0.8534660339355469
vn -0.32138553261756897 0.9063934087753296 0.2741570770740509
v 7.754462242126465 5.163280963897705 35.3821907043457
vt 0.16554999351501465 0.8551676869392395
vn -0.2959599494934082 0.9503094553947449 0.0965382382273674
v 8.563779830932617 6.316844940185547 33.62969970703125
vt 0.15569910407066345 0.8676738142967224
vn -0.7617896199226379 0.6469332575798035 -0.033968888223171234
v 9.950284957885742 7.612280368804932 43.88969802856445
vt 0.21174579858779907 0.8769059181213379
vn -1.8510456811782205e-07 0.9951726794242859 -0.09814044833183289
v 8.892982482910156 6.048145294189453 39.83197021484375
vt 0.1899452954530716 0.8640143871307373
vn -0.8942068815231323 -0.4459160268306732 0.0394073911011219
v 8.892980575561523 4.489184856414795 38.16987991333008
vt 0.1815142035484314 0.8564026951789856
vn -0.7768902778625488 0.6296354532241821 -0.0007353799301199615
v 8.892980575561523 5.013623237609863 37.20697784423828
vt 0.17601250112056732 0.8573690056800842
vn -0.8342013955116272 0.49455758929252625 0.24396857619285583
v 8.010986328125 4.595800876617432 40.14564895629883
vt 0.19261899590492249 0.8533129692077637
vn -0.37727412581443787 0.8909658789634705 -0.25267353653907776
v 8.162734985351562 6.1724853515625 44.138214111328125
vt 0.2141629010438919 0.8609426021575928
vn -0.38415640592575073 0.8636282682418823 -0.3264504671096802
v 10.915639877319336 4.96201229095459 21.865680694580078
vt 0.0818653404712677 0.8411853909492493
vn 0.5322818756103516 -0.5498650670051575 -0.6436803340911865
v 9.950284957885742 8.220409393310547 48.37788009643555
vt 0.2371131032705307 0.8790485858917236
vn -5.875353963347152e-07 0.9824973344802856 -0.18627649545669556
v 9.950284957885742 7.338037014007568 25.205150604248047
vt 0.10778730362653732 0.8759211897850037
vn -2.1729681520810118e-07 0.9705084562301636 0.2410668283700943
v 8.681751251220703 8.063770294189453 18.195690155029297
vt 0.06710217148065567 0.8700531721115112
vn -0.3186558783054352 0.9475104808807373 0.02612101100385189
v 9.950284957885742 8.34389591217041 20.073299407958984
vt 0.07809238135814667 0.8756389021873474
vn 1.5873590086812328e-07 0.9940879940986633 0.10857684165239334
v 8.948412895202637 7.870482921600342 48.50531005859375
vt 0.23811030387878418 0.8735185861587524
vn -0.261465460062027 0.9580647349357605 -0.1172495186328888
v 7.9865312576293945 5.993628025054932 25.160511016845703
vt 0.1081589013338089 0.864307701587677
vn -0.22962751984596252 -0.9654587507247925 -0.12312822043895721
v 8.508732795715332 6.136475086212158 29.975339889526367
vt 0.13547129929065704 0.867041826248169
vn -0.8277497887611389 0.561086118221283 0.003558413591235876
v 8.892980575561523 5.404932022094727 31.864290237426758
vt 0.1459610015153885 0.8596547842025757
vn -0.7994187474250793 0.5982071161270142 -0.055478982627391815
v 8.892980575561523 3.758594036102295 27.63258934020996
vt 0.12227199971675873 0.8534435033798218
vn -0.7391752004623413 0.6699246764183044 0.06943422555923462
v 7.9865312576293945 5.993628025054932 25.160511016845703
vt 0.1081589013338089 0.864307701587677
vn -0.8934675455093384 0.421466201543808 0.15518350899219513
v 8.892982482910156 5.4638671875 30.05088996887207
vt 0.13587060570716858 0.8616138100624084
vn -0.8487459421157837 -0.5286819934844971 0.01121432613581419
v 8.383176803588867 5.750391006469727 27.56097984313965
vt 0.1218440979719162 0.8650224804878235
vn -0.8971377611160278 -0.44061681628227234 0.03163005784153938
v 7.902396202087402 4.069287300109863 26.639129638671875
vt 0.11560410261154175 0.8505668044090271
vn -0.5262802839279175 0.7384744882583618 0.4215262234210968
v 10.8235502243042 5.795093059539795 20.932239532470703
vt 0.07557430118322372 0.8462588787078857
vn 0.43841713666915894 -0.6972862482070923 -0.5670819282531738
v 8.957305908203125 1.2458500862121582 28.852970123291016
vt 0.1254187971353531 0.8359953761100769
vn 0.0 -0.05414414778351784 0.9985330700874329
v 10.422309875488281 7.188158988952637 17.92868995666504
vt 0.05928206071257591 0.8619921207427979
vn 0.3289426565170288 -0.8837120532989502 -0.3329407572746277
v 11.03377914428711 3.695189952850342 22.841289520263672
vt 0.08974412083625793 0.8350691795349121
vn 0.370856374502182 -0.6739892959594727 -0.6389083862304688
v 11.41553020477295 6.174731254577637 27.498897552490234
vt 0.12273740023374557 0.8843408823013306
vn 0.7300552725791931 0.6737394332885742 0.11442992091178894
v 11.272579193115234 7.429810047149658 45.619049072265625
vt 0.22040170431137085 0.8843408823013306
vn 0.6686399579048157 0.7424907684326172 -0.04034988582134247
v 11.09179973602295 5.039453029632568 44.52381896972656
vt 0.22277399897575378 0.8436840176582336
vn 0.5684038996696472 -0.7535040974617004 0.33037614822387695
v 11.391390800476074 7.235424995422363 43.96011734008789
vt 0.21114040911197662 0.8843408823013306
vn 0.7814330458641052 0.6210906505584717 -0.060073379427194595
v 9.950284957885742 8.750585556030273 50.75746154785156
vt 0.25208109617233276 0.8843410015106201
vn 0.8660976886749268 0.45473504066467285 0.20758309960365295
v 11.391839981079102 6.136475086212158 29.975339889526367
vt 0.13612109422683716 0.8843408823013306
vn 0.8277478218078613 0.5610889196395874 0.0035580466501414776
v 7.754459857940674 5.085179805755615 31.88051986694336
vt 0.14659400284290314 0.8546711802482605
vn -0.2809961438179016 0.9502944946289062 -0.13409553468227386
v 7.754462242126465 4.738061904907227 30.176570892333984
vt 0.13734160363674164 0.8528065085411072
vn -0.3024120330810547 0.923596978187561 -0.23561729490756989
v 8.492837905883789 5.886303901672363 33.62969970703125
vt 0.15573710203170776 0.8652310371398926
vn -0.9024361968040466 -0.4297814965248108 0.029943028464913368
v 9.950284957885742 6.955370903015137 36.518768310546875
vt 0.1709057092666626 0.8763166069984436
vn -1.1013248268909592e-07 0.997683048248291 -0.06803261488676071
v 11.392179489135742 4.134668350219727 35.12630844116211
vt 0.16263020038604736 0.833440899848938
vn 0.43680766224861145 -0.8747925758361816 -0.20961180329322815
v 10.565619468688965 7.150195121765137 48.709922790527344
vt 0.24557490646839142 0.8656477928161621
vn 0.38674113154411316 -0.7404161095619202 0.5497410297393799
v 9.950284957885742 7.801074504852295 45.70399856567383
vt 0.22184839844703674 0.877112865447998
vn -4.674793885328654e-08 0.9919775128364563 -0.12641450762748718
v 9.950284957885742 8.452661514282227 18.13677978515625
vt 0.06741351634263992 0.8773640990257263
vn -6.250616735314907e-08 0.9998645782470703 -0.016457632184028625
v 9.950284957885742 7.890356063842773 22.997779846191406
vt 0.09482920914888382 0.8754152059555054
vn -1.1622744011674513e-07 0.9847134947776794 0.17418186366558075
v 10.422309875488281 7.188158988952637 17.92868995666504
vt 0.06289885938167572 0.8655481338500977
vn 0.3289426565170288 -0.8837120532989502 -0.3329407572746277
v 11.565970420837402 7.338647365570068 22.948930740356445
vt 0.09422480314970016 0.8664442896842957
vn 0.5900557637214661 0.7816511988639832 0.20212745666503906
v 8.892982482910156 6.516454696655273 44.0715217590332
vt 0.2126414030790329 0.8645454049110413
vn -0.7141733765602112 0.6404525637626648 -0.28244832158088684
v 8.892980575561523 4.949268341064453 40.0428466796875
vt 0.1911264955997467 0.8581864833831787
vn -0.7585147619247437 0.6177221536636353 -0.20754432678222656
v 8.383613586425781 6.822021007537842 45.220279693603516
vt 0.2195408046245575 0.8658310174942017
vn -0.9734973311424255 0.22100788354873657 -0.058808598667383194
v 8.890807151794434 5.956933975219727 46.44649887084961
vt 0.22755910456180573 0.8612685799598694
vn -0.5084593892097473 -0.7358523011207581 0.4472028613090515
v 8.808770179748535 5.039453029632568 44.52381896972656
vt 0.21733909845352173 0.8546192049980164
vn -0.568242073059082 -0.7474210262298584 0.34418416023254395
v 8.162734985351562 6.1724853515625 44.138214111328125
vt 0.2141629010438919 0.8609426021575928
vn -0.9534582495689392 0.29342588782310486 -0.0694170743227005
v 10.85000991821289 2.631885051727295 36.07307052612305
vt 0.17281070351600647 0.8326026201248169
vn 0.3815194070339203 -0.06711788475513458 -0.9219207763671875
v 11.392179489135742 3.586060047149658 36.227970123291016
vt 0.16791030764579773 0.8319165706634521
vn 0.6283837556838989 -0.6324020624160767 -0.4529917538166046
v 11.392179489135742 3.6229000091552734 29.458940505981445
vt 0.13844330608844757 0.8296658992767334
vn 0.519145667552948 -0.6419517993927002 0.5642566680908203
v 11.108449935913086 3.4880619049072266 40.319664001464844
vt 0.1972195953130722 0.834030032157898
vn 0.44305241107940674 -0.8692201972007751 0.21945567429065704
v 10.85000991821289 2.631885051727295 36.07307052612305
vt 0.17281070351600647 0.8326026201248169
vn 0.40597400069236755 -0.9003303647041321 0.15681330859661102
v 11.336790084838867 6.316844940185547 33.62969970703125
vt 0.1549057960510254 0.8843408823013306
vn 0.7617917656898499 0.6469307541847229 -0.03396797180175781
v 11.477089881896973 6.743066310882568 25.152568817138672
vt 0.10907090455293655 0.8843408823013306
vn 0.6535403728485107 0.7311667799949646 0.1956527829170227
v 8.892982482910156 5.573974609375 31.847740173339844
vt 0.1458875983953476 0.8621649146080017
vn -0.9105629324913025 -0.4126971960067749 0.023579534143209457
v 8.485039710998535 6.174731254577637 27.498897552490234
vt 0.12140890210866928 0.8672907948493958
vn -0.730057954788208 0.6737365126609802 0.1144305169582367
v 8.892980575561523 5.864794731140137 25.098159790039062
vt 0.10918369889259338 0.8608306050300598
vn -0.7952650189399719 -0.6044386029243469 0.04698293283581734
v 8.6279878616333 7.429810047149658 45.619049072265625
vt 0.22178509831428528 0.8696162104606628
vn -0.6686418652534485 0.7424890398979187 -0.04035083204507828
v 9.334956169128418 7.150195121765137 48.709922790527344
vt 0.24037760496139526 0.8698006868362427
vn -0.48578333854675293 -0.6745709180831909 0.5558494329452515
v 8.948412895202637 7.870482921600342 48.50531005859375
vt 0.23811030387878418 0.8735185861587524
vn -0.9412663578987122 0.2721113860607147 0.19993223249912262
v 8.429993629455566 6.309863090515137 39.72896194458008
vt 0.18917250633239746 0.8667505979537964
vn -0.9484555125236511 -0.31651121377944946 0.015908673405647278
v 8.521584510803223 6.735010147094727 39.69950866699219
vt 0.18891260027885437 0.8689683079719543
vn -0.6647608876228333 0.7435056567192078 -0.07274889200925827
v 8.472816467285156 6.069726467132568 36.516571044921875
vt 0.1716718077659607 0.865949273109436
vn -0.9589786529541016 -0.2832222282886505 0.012039420194923878
v 8.540245056152344 6.223462104797363 31.796310424804688
vt 0.1455661952495575 0.8673267960548401
vn -0.8164913654327393 0.5772939324378967 -0.008577965199947357
v 13.22127914428711 2.3462159633636475 17.285240173339844
vt 0.34315159916877747 0.9734385013580322
vn -0.22947697341442108 0.7403207421302795 -0.6318746209144592
v 13.16193962097168 -1.0683109760284424 9.163171768188477
vt 0.3674079179763794 0.9219588041305542
vn 0.8447473049163818 -0.3099970817565918 0.4362380802631378
v 9.950284957885742 6.749072074890137 29.904769897460938
vt 0.1351936012506485 0.8756610751152039
vn -3.405639574793895e-07 0.9999864101409912 0.005179497878998518
v 8.414323806762695 5.712964057922363 30.01947784423828
vt 0.135658398270607 0.8646243810653687
vn -0.9583044648170471 -0.28500616550445557 0.020594339817762375
v 8.557740211486816 6.497973918914795 36.517478942871094
vt 0.17151759564876556 0.8683264255523682
vn -0.8182810544967651 0.5729271173477173 -0.04658825695514679
v 11.392179489135742 2.6516852378845215 28.92919921875
vt 0.13370899856090546 0.8268563747406006
vn 0.4747604429721832 -0.1790182739496231 0.8617163300514221
v 8.892976760864258 5.574536323547363 24.890411376953125
vt 0.1084028035402298 0.8595069646835327
vn -0.6891841292381287 0.3879803717136383 0.6119610071182251
v 11.342829704284668 6.497973918914795 36.517478942871094
vt 0.17002470791339874 0.8843408823013306
vn 0.8182829022407532 0.5729245543479919 -0.04658900946378708
v 11.392179489135742 4.3204827308654785 32.0193977355957
vt 0.14941899478435516 0.8335636854171753
vn 0.3895333409309387 -0.9163087010383606 0.09296228736639023
v 11.392179489135742 4.08505916595459 30.5184383392334
vt 0.14314140379428864 0.8318508863449097
vn 0.3806145489215851 -0.8842041492462158 0.2707686424255371
v 10.943260192871094 1.2458500862121582 28.852970123291016
vt 0.12655450403690338 0.8261348009109497
vn 0.409612238407135 -0.9076065421104431 -0.09202130883932114
v 9.950284957885742 6.875609874725342 27.415769577026367
vt 0.12105699628591537 0.8758329749107361
vn -1.0886064671922213e-07 0.9856836795806885 0.1686052829027176
v 8.892982482910156 6.516454696655273 44.0715217590332
vt 0.2126414030790329 0.8645454049110413
vn -0.3333273231983185 -0.9372201561927795 0.10252469033002853
v 7.9463911056518555 6.243358612060547 23.987340927124023
vt 0.10111849755048752 0.8616223931312561
vn -0.15137632191181183 -0.967856228351593 -0.2008468210697174
v 11.077810287475586 2.3825929164886475 25.521759033203125
vt 0.1069445013999939 0.8278964757919312
vn 0.4464279115200043 -0.8083984851837158 -0.38365882635116577
v 10.943260192871094 1.2458500862121582 28.852970123291016
vt 0.12655450403690338 0.8261348009109497
vn 0.0 -0.054144151508808136 0.9985330700874329
v 11.360329627990723 6.223462104797363 31.796310424804688
vt 0.14558720588684082 0.8843408823013306
vn 0.8164936304092407 0.5772906541824341 -0.008576946333050728
v 13.507850646972656 -2.6094970703125 9.933612823486328
vt 0.37507209181785583 0.9306429028511047
vn 0.8106986284255981 0.3294622600078583 0.48396503925323486
v 8.459759712219238 5.796849727630615 31.83485984802246
vt 0.14573970437049866 0.8648889064788818
vn -0.7695318460464478 -0.6369100213050842 0.04654437676072121
v 7.9463911056518555 6.243358612060547 23.987340927124023
vt 0.10111849755048752 0.8616223931312561
vn -0.8761140704154968 0.3578912019729614 0.32301393151283264
v 8.418124198913574 6.68247127532959 44.045291900634766
vt 0.21265850961208344 0.8668913841247559
vn -0.7911781072616577 -0.6092077493667603 0.05387965962290764
v 11.378990173339844 6.735010147094727 39.69950866699219
vt 0.1873341053724289 0.8843408823013306
vn 0.6647608280181885 0.7435054779052734 -0.07274936139583588
v 11.593530654907227 7.695996284484863 20.048038482666016
vt 0.07744750380516052 0.8662806749343872
vn 0.5902613401412964 0.8029510378837585 0.08283182233572006
v 11.992679595947266 6.946654796600342 22.56818962097168
vt 0.09214385598897934 0.8632407784461975
vn 0.8988639712333679 0.4254283905029297 0.10513793677091599
v 8.396829605102539 6.799365043640137 46.04616165161133
vt 0.22427310049533844 0.8661575317382812
vn -0.9857521057128906 -0.027691202238202095 0.16590948402881622
v 8.878946304321289 5.5501708984375 27.396909713745117
vt 0.12119600176811218 0.8622137308120728
vn -0.8639640212059021 -0.5024094581604004 -0.033925436437129974
v 8.423480987548828 6.743066310882568 25.152568817138672
vt 0.10730230063199997 0.8678067922592163
vn -0.6535404324531555 0.7311668395996094 0.1956525593996048
v 9.950284957885742 8.750585556030273 50.75746154785156
vt 0.25208109617233276 0.8843410015106201
vn -0.7877402901649475 -0.11830325424671173 0.6045407652854919
v 12.468170166015625 5.565600872039795 20.947410583496094
vt 0.013217689469456673 0.8343576192855835
vn 0.3198871612548828 -0.11382348835468292 0.9405936002731323
v 12.468160629272461 7.141528129577637 19.833620071411133
vt 0.020190419629216194 0.8247634768486023
vn 0.7544826865196228 0.6266299486160278 0.19516879320144653
v 12.165369987487793 1.4973880052566528 7.934765338897705
vt 0.05288638919591904 0.7174457311630249
vn 0.6096040606498718 -0.7731238603591919 -0.17510703206062317
v 12.468160629272461 7.141528129577637 16.001850128173828
vt 0.04411355033516884 0.824852466583252
vn 0.7173282504081726 0.6967353820800781 -0.0
v 12.426660537719727 6.66367244720459 11.607179641723633
vt 0.07249686121940613 0.83061683177948
vn 0.7739574909210205 -0.5982512831687927 -0.20756980776786804
v 12.468170166015625 5.565600872039795 20.947410583496094
vt 0.013217689469456673 0.8343576192855835
vn 0.8085302114486694 -0.5784578323364258 -0.10800543427467346
v 11.991579055786133 5.0130615234375 20.338951110839844
vt 0.01711731031537056 0.8387327194213867
vn 0.7538573741912842 -0.2976793646812439 0.5857354402542114
v 12.165360450744629 1.6210689544677734 8.49550724029541
vt 0.05452699959278107 0.7205923795700073
vn 0.7909385561943054 -0.5736616849899292 -0.2129049450159073
v 7.907896041870117 6.946654796600342 22.56818962097168
vt 0.09214385598897934 0.8632407784461975
vn -0.8988593816757202 0.42543724179267883 0.10514180362224579
v 11.006549835205078 11.028779983520508 5.682508945465088
vt 0.11453679949045181 0.8063802719116211
vn 0.7055186629295349 -0.11109859496355057 -0.6999289989471436
v 11.430319786071777 9.603931427001953 7.458493232727051
vt 0.10115980356931686 0.8121178150177002
vn 0.4684280753135681 0.7803507447242737 0.41427984833717346
v 11.006549835205078 9.79150390625 5.878899574279785
vt 0.11147599667310715 0.8133071660995483
vn 0.45725223422050476 -0.39441075921058655 -0.797095000743866
v 12.426651000976562 5.715527057647705 19.833620071411133
vt 0.020109860226511955 0.8335530161857605
vn 0.9898735284805298 -0.09587664157152176 0.10468118637800217
v 12.426660537719727 5.716968059539795 16.107059478759766
vt 0.04333088919520378 0.8336414098739624
vn 0.9998940229415894 -0.014557595364749432 -0.0
v 8.508390426635742 3.6229000091552734 29.458940505981445
vt 0.13312649726867676 0.8450219035148621
vn -0.5152189135551453 -0.7091818451881409 0.481259286403656
v 7.754462242126465 4.314136028289795 28.79936981201172
vt 0.13000349700450897 0.8510385155677795
vn -0.771686851978302 -0.5672743916511536 0.2875744700431824
v 7.882957935333252 4.67543888092041 37.03009796142578
vt 0.17455559968948364 0.8534660339355469
vn -0.9893941879272461 -0.0401637889444828 0.1395920068025589
v 8.508390426635742 3.586060047149658 36.227970123291016
vt 0.171670600771904 0.8461281061172485
vn -0.6649022698402405 -0.46677619218826294 -0.5831165313720703
v 7.754459857940674 5.160107135772705 33.61983108520508
vt 0.15611310303211212 0.8552337884902954
vn -0.7421517968177795 -0.6701213717460632 -0.012163476087152958
v 8.508390426635742 4.3204827308654785 32.0193977355957
vt 0.14752860367298126 0.8488602042198181
vn -0.38947710394859314 -0.9182299971580505 0.0718417763710022
v 12.78993034362793 6.842089653015137 11.653709411621094
vt 0.07186442613601685 0.8281592130661011
vn 0.9745946526527405 -0.1892516314983368 -0.11978796124458313
v 12.426660537719727 5.716968059539795 13.590420722961426
vt 0.059048980474472046 0.8337627649307251
vn 0.992958664894104 -0.11741294711828232 -0.015725446864962578
v 12.468160629272461 7.141528129577637 13.590420722961426
vt 0.05947253108024597 0.8248710036277771
vn 0.7885963916778564 0.5995277166366577 0.13668259978294373
v 7.875060081481934 3.4267091751098633 27.884580612182617
vt 0.12343510240316391 0.848149299621582
vn -0.9055898785591125 0.399078369140625 0.1436779648065567
v 8.957305908203125 1.2458500862121582 28.852970123291016
vt 0.1254187971353531 0.8359953761100769
vn -0.5534255504608154 -0.8328394889831543 0.009923095814883709
v 7.754462242126465 4.738061904907227 30.176570892333984
vt 0.13734160363674164 0.8528065085411072
vn -0.712821900844574 -0.6693705320358276 0.20935088396072388
v 8.508390426635742 4.379345893859863 33.54978942871094
vt 0.15601180493831635 0.84935462474823
vn -0.3125053644180298 -0.9469010233879089 -0.07562389224767685
v 7.754459857940674 5.085179805755615 31.88051986694336
vt 0.14659400284290314 0.8546711802482605
vn -0.7065313458442688 -0.7013260722160339 0.09463148564100266
v 8.508390426635742 4.08505916595459 30.5184383392334
vt 0.13923169672489166 0.8472372889518738
vn -0.3804318308830261 -0.8966969847679138 0.22628754377365112
v 12.768010139465332 6.483154296875 12.419879913330078
vt 0.06683424860239029 0.829728901386261
vn 0.9095417857170105 -0.3943096697330475 -0.13135285675525665
v 12.171199798583984 6.709374904632568 9.514833450317383
vt 0.08598777651786804 0.8298491835594177
vn 0.3689706027507782 -0.8442528247833252 -0.38871267437934875
v 12.426660537719727 6.3098883628845215 12.354820251464844
vt 0.0673353374004364 0.8320555090904236
vn 0.858864426612854 -0.46238720417022705 -0.2203405648469925
v 7.980320930480957 4.078906059265137 37.963600158691406
vt 0.18053029477596283 0.8512871265411377
vn -0.9852265119552612 0.08149421960115433 0.15062321722507477
v 12.516000747680664 7.353930950164795 12.287099838256836
vt 0.06808468699455261 0.8243371844291687
vn 0.4823489189147949 0.8532426953315735 0.19828374683856964
v 8.508390426635742 4.134668350219727 35.12630844116211
vt 0.16495069861412048 0.8482760787010193
vn -0.43773266673088074 -0.8592029809951782 -0.26487791538238525
v 9.050556182861328 2.631885051727295 36.07307052612305
vt 0.17409460246562958 0.8412829637527466
vn -0.4727328419685364 -0.8614242076873779 -0.18566618859767914
v 8.010986328125 4.595800876617432 40.14564895629883
vt 0.19261899590492249 0.8533129692077637
vn -0.8396309018135071 -0.5110781788825989 0.18389959633350372
v -10.618220329284668 6.669189453125 9.361994743347168
vt 0.41365230083465576 0.9936079978942871
vn -0.8944271802902222 0.3690428137779236 0.25260135531425476
v -10.618220329284668 7.645287990570068 7.935944557189941
vt 0.415188193321228 0.9826999306678772
vn -0.7073217034339905 0.5733107924461365 0.41353434324264526
v -10.618220329284668 5.798559665679932 7.051486492156982
vt 0.45475879311561584 0.9868974685668945
vn -0.8126513361930847 -0.5482965707778931 -0.19740456342697144
v 7.606525897979736 5.084130764007568 24.00436782836914
vt 0.10082830488681793 0.8546493053436279
vn -0.9765838384628296 -0.14293648302555084 -0.16078917682170868
v 8.984930038452148 4.96201229095459 21.865680694580078
vt 0.08708188682794571 0.8503643274307251
vn -0.38137173652648926 -0.6105836033821106 -0.6940772533416748
v 7.606525897979736 2.581372022628784 27.738300323486328
vt 0.12116160243749619 0.844240665435791
vn -0.93613201379776 -0.29908889532089233 0.1849396526813507
v 8.508390426635742 2.6516852378845215 28.92919921875
vt 0.1282435953617096 0.8417310118675232
vn -0.4755929708480835 -0.26181960105895996 0.8397986888885498
v 9.077016830444336 5.795093059539795 20.932239532470703
vt 0.08102504163980484 0.8543645143508911
vn -0.4388606548309326 -0.7193120121955872 -0.5385085344314575
v 8.866795539855957 3.695189952850342 22.841289520263672
vt 0.09427548944950104 0.8452184796333313
vn -0.3714880347251892 -0.7411311864852905 -0.5592147707939148
v 9.204236030578613 6.433691024780273 19.852970123291016
vt 0.07436695694923401 0.8582653999328613
vn -0.43203774094581604 -0.8019939064979553 -0.4124913513660431
v 7.606525897979736 3.436084032058716 26.32284927368164
vt 0.11327549815177917 0.8468037843704224
vn -0.9994524717330933 0.032075803726911545 0.008126039989292622
v 8.822757720947266 2.3825929164886475 25.521759033203125
vt 0.10948269814252853 0.8395472764968872
vn -0.4467426538467407 -0.816524088382721 -0.3656630516052246
v 7.847136974334717 6.644799709320068 22.355789184570312
vt 0.09103180468082428 0.8614773750305176
vn -0.9697486758232117 -0.11584015190601349 -0.21486864984035492
v 9.950284957885742 8.08449649810791 14.017790794372559
vt 0.04407433792948723 0.8843408823013306
vn -0.41476061940193176 -0.874757707118988 -0.2505444288253784
v 8.334603309631348 7.338647365570068 22.948930740356445
vt 0.09422480314970016 0.8664442896842957
vn -0.5900565981864929 0.7816506624221802 0.20212708413600922
v 8.307037353515625 7.695996284484863 20.048038482666016
vt 0.07744750380516052 0.8662806749343872
vn -0.9117799997329712 0.39395952224731445 -0.11598821729421616
v 11.430319786071777 8.44265079498291 7.246747970581055
vt 0.10141199827194214 0.8194869160652161
vn 0.6552547216415405 -0.451355516910553 -0.6057387590408325
v 7.754462242126465 5.163280963897705 35.3821907043457
vt 0.16554999351501465 0.8551676869392395
vn -0.8405505418777466 -0.5303709506988525 -0.11036882549524307
v 8.792125701904297 3.4880619049072266 40.319664001464844
vt 0.1940937042236328 0.8463078141212463
vn -0.44319790601730347 -0.8616542220115662 0.24723947048187256
v 8.681751251220703 8.063770294189453 18.195690155029297
vt 0.06710217148065567 0.8700531721115112
vn -0.7693756222724915 -0.5751479268074036 -0.2779676020145416
v 9.478263854980469 7.188158988952637 17.92868995666504
vt 0.06289885938167572 0.8655481338500977
vn -0.4131627380847931 -0.8534730672836304 -0.3176164925098419
v 11.430319786071777 9.603931427001953 7.458493232727051
vt 0.10115980356931686 0.8121178150177002
vn 0.9637468457221985 -0.04182793200016022 -0.26351889967918396
v 12.171199798583984 6.709374904632568 9.514833450317383
vt 0.08598777651786804 0.8298491835594177
vn 0.8159253597259521 0.29368942975997925 -0.4980083107948303
v 12.261690139770508 7.975537300109863 10.122529983520508
vt 0.08242937177419662 0.8211756944656372
vn 0.7990206480026245 0.6002249121665955 0.03599968180060387
v 7.47389030456543 0.9837890863418579 24.93808937072754
vt 0.2294335961341858 0.7989276051521301
vn -0.6753965616226196 0.7366179823875427 0.035121310502290726
v 8.5523099899292 1.9269530773162842 25.029918670654297
vt 0.2266843020915985 0.7917572855949402
vn -0.28912004828453064 0.9506663680076599 0.11244136095046997
v 7.47389030456543 1.6103761196136475 20.932720184326172
vt 0.2545022964477539 0.7927674055099487
vn -0.7406045794487 0.4641897976398468 0.4858317971229553
v 8.125999450683594 1.988037109375 21.532390594482422
vt 0.25087541341781616 0.787946879863739
vn -0.405609667301178 0.7132007479667664 0.5716865062713623
v 11.564240455627441 -2.966845989227295 20.98741912841797
vt 0.24600809812545776 0.8486731052398682
vn 0.41284531354904175 -0.31315240263938904 0.8552743792533875
v 10.983010292053223 -4.644457817077637 21.634220123291016
vt 0.2578183114528656 0.8520755171775818
vn 0.0 0.6741809844970703 0.7385661005973816
v 11.34823989868164 -0.02470702864229679 30.320411682128906
vt 0.18748299777507782 0.8220748901367188
vn 0.21543024480342865 -0.9344956874847412 0.2833854854106903
v 8.552309036254883 0.7950928211212158 27.617109298706055
vt 0.2110673040151596 0.7988772988319397
vn -0.3302134573459625 0.8876621723175049 0.320959210395813
v 7.47389030456543 0.8573485612869263 22.059341430664062
vt 0.24762609601020813 0.797515869140625
vn -0.7292337417602539 0.6059805154800415 0.3178139925003052
v 12.426660537719727 -1.6705321073532104 20.00351905822754
vt 0.26389169692993164 0.8169785141944885
vn 0.8078778386116028 -0.24167056381702423 0.5375208258628845
v 12.426660537719727 -0.8979248404502869 20.929229736328125
vt 0.258032888174057 0.8120144009590149
vn 0.8752045631408691 -0.36021533608436584 0.32289600372314453
v 11.84650993347168 -1.429321050643921 20.868289947509766
vt 0.25592800974845886 0.8169993162155151
vn 0.8242533802986145 0.4371815621852875 -0.35983148217201233
v 12.426660537719727 -0.02470702864229679 20.01333999633789
vt 0.2640194892883301 0.8068535923957825
vn 0.9999999403953552 0.0 -0.0
v 11.84650993347168 -0.02470702864229679 22.062641143798828
vt 0.24890629947185516 0.806722104549408
vn 0.979767918586731 2.5802576146816136e-06 0.2001371830701828
v 11.84650993347168 -0.1629883050918579 23.441560745239258
vt 0.23969940841197968 0.8077542185783386
vn 0.9405497908592224 0.3395494818687439 0.008497348986566067
v 11.84650993347168 -0.02470702864229679 27.127899169921875
vt 0.2185249924659729 0.8065608739852905
vn 0.9208682179450989 -9.55487757892115e-06 -0.38987424969673157
v 11.84650993347168 -0.7724609375 24.940959930419922
vt 0.2301512062549591 0.8107562065124512
vn 0.7710927128791809 0.6293209195137024 0.09680476039648056
v 11.363759994506836 4.595044136047363 21.634220123291016
vt 0.2635408043861389 0.7745063304901123
vn 0.6350928544998169 -0.28029367327690125 0.7197864055633545
v 12.426660537719727 4.349071979522705 20.03144073486328
vt 0.27010101079940796 0.7816417217254639
vn 0.9245542883872986 0.012329726479947567 0.3808506727218628
v 12.426660537719727 2.7220699787139893 20.02315902709961
vt 0.2626461982727051 0.7888864278793335
vn 0.9216216206550598 -0.013602472841739655 0.3878510892391205
v 11.84650993347168 -0.02470702864229679 23.403099060058594
vt 0.23996269702911377 0.8066748976707458
vn 0.9999999403953552 0.0 -0.0
v 12.426660537719727 -0.02470702864229679 20.924169540405273
vt 0.2583281993865967 0.8067981004714966
vn 0.9999999403953552 0.0 -0.0
v 11.34823989868164 1.9269530773162842 25.029918670654297
vt 0.2266843020915985 0.7917572855949402
vn 0.29042255878448486 0.9542480707168579 -0.07117125391960144
v 11.34823989868164 0.7950928211212158 27.617109298706055
vt 0.2110673040151596 0.7988772988319397
vn 0.3301836848258972 0.8803693056106567 0.340482622385025
v 11.84650993347168 -1.7883299589157104 20.099260330200195
vt 0.2605490982532501 0.8185197114944458
vn 0.8076116442680359 -0.24097378551959991 0.53823322057724
v 12.426660537719727 -1.0332520008087158 24.93808937072754
vt 0.22934089601039886 0.8143160343170166
vn 0.6753989458084106 -0.7366158366203308 0.035120680928230286
v 11.34823989868164 -1.976415991783142 25.029918670654297
vt 0.2201395034790039 0.8367868661880493
vn 0.2904231548309326 -0.9542478322982788 -0.07117118686437607
v 11.34823989868164 -1.976415991783142 25.029918670654297
vt 0.22651509940624237 0.8214588165283203
vn 0.2904231548309326 -0.9542478322982788 -0.07117118686437607
v 11.741839408874512 -1.5584230422973633 22.445430755615234
vt 0.23471060395240784 0.8437750935554504
vn 0.4062284231185913 -0.8425108790397644 0.3537709414958954
v 12.426660537719727 -0.02470702864229679 21.83681869506836
vt 0.25284260511398315 0.8067513108253479
vn 0.747877299785614 5.813227289763745e-06 0.6638370156288147
v 11.282210350036621 -3.924854040145874 20.97734832763672
vt 0.2602139115333557 0.8356645107269287
vn 0.3984983563423157 0.2770419120788574 0.8743264675140381
v 11.84650993347168 -2.3529300689697266 20.112579345703125
vt 0.2606944143772125 0.8210861086845398
vn 0.8257781267166138 0.5221365094184875 0.21322259306907654
v 10.983010292053223 -4.644457817077637 21.634220123291016
vt 0.2623707056045532 0.8411087989807129
vn 0.4889080822467804 -0.5990622043609619 0.634108304977417
v 11.84650993347168 -0.6617187261581421 22.01667022705078
vt 0.24895310401916504 0.8115172982215881
vn 0.8329382538795471 0.504981517791748 -0.22629034519195557
v 11.84650993347168 -0.02470702864229679 24.78028106689453
vt 0.23143939673900604 0.8066321015357971
vn 0.9999999403953552 0.0 -0.0
v 11.533919334411621 3.875439167022705 20.97734832763672
vt 0.2610742151737213 0.7791410088539124
vn 0.4496271312236786 -0.29873713850975037 0.8417787551879883
v 7.47389030456543 1.6210689544677734 20.00351905822754
vt 0.2641051113605499 0.7967432737350464
vn -0.8078747391700745 0.24167758226394653 0.5375223159790039
v 8.158703804016113 1.5089600086212158 22.445430755615234
vt 0.24466289579868317 0.7908415794372559
vn -0.4064631462097168 0.858941912651062 0.3114584982395172
v 11.282210350036621 -3.924854040145874 20.97734832763672
vt 0.25158700346946716 0.8503885865211487
vn 0.3984983563423157 0.2770419120788574 0.8743264675140381
v 11.77454948425293 -2.0374510288238525 21.532390594482422
vt 0.2399785965681076 0.846591591835022
vn 0.40484192967414856 -0.6567362546920776 0.6362394690513611
v 12.426660537719727 -4.398486137390137 20.03144073486328
vt 0.2695516049861908 0.8313038349151611
vn 0.8873991370201111 -0.2930818498134613 0.3558448255062103
v 7.47389030456543 -0.02470702864229679 27.42091941833496
vt 0.2145276963710785 0.8065378665924072
vn -0.43273505568504333 0.8983079791069031 -0.07604759931564331
v 8.202179908752441 2.9173829555511475 20.98741912841797
vt 0.25682729482650757 0.7836956977844238
vn -0.4347382187843323 0.3693981170654297 0.8213085532188416
v 11.34823989868164 -0.02470702864229679 30.320411682128906
vt 0.19521139562129974 0.8064166903495789
vn 0.21543438732624054 0.9344925880432129 0.283392995595932
v 12.426660537719727 -0.02470702864229679 27.42091941833496
vt 0.2145276963710785 0.8065378665924072
vn 0.4327346682548523 0.8983079791069031 -0.07604765892028809
v 10.983010292053223 -4.644457817077637 21.634220123291016
vt 0.2578183114528656 0.8520755171775818
vn 0.4889080822467804 -0.5990622043609619 0.634108304977417
v 8.054038047790527 1.7388920783996582 20.099260330200195
vt 0.260805606842041 0.7951217889785767
vn -0.8076151013374329 0.2409665733575821 0.5382310748100281
v 7.47389030456543 0.8485352396965027 20.929229736328125
vt 0.2581354081630707 0.8015742301940918
vn -0.8751904368400574 0.36023980379104614 0.3229072391986847
v 8.5523099899292 -0.02470702864229679 30.320411682128906
vt 0.19521139562129974 0.8064166903495789
vn -0.32526886463165283 0.9049254655838013 0.2744266092777252
v 7.47389030456543 0.9837890863418579 24.93808937072754
vt 0.2294335961341858 0.7989276051521301
vn -0.34081801772117615 -0.9332694411277771 -0.1133628636598587
v 11.533919334411621 3.875439167022705 20.97734832763672
vt 0.25104910135269165 0.7614690065383911
vn 0.4496271312236786 -0.29873713850975037 0.8417787551879883
v 7.47389030456543 0.8573485612869263 22.059341430664062
vt 0.24762609601020813 0.797515869140625
vn -0.37552863359451294 -0.8107466697692871 -0.4490746557712555
v 11.363759994506836 4.595044136047363 21.634220123291016
vt 0.2569648027420044 0.7591463327407837
vn 0.6350928544998169 -0.28029367327690125 0.7197864055633545
v 7.47389030456543 0.37446290254592896 23.43906021118164
vt 0.23937229812145233 0.8008908033370972
vn -0.41014450788497925 -0.9117347598075867 0.022829251363873482
v 11.741839408874512 1.5089600086212158 22.445430755615234
vt 0.23496709764003754 0.769534707069397
vn 0.40622955560684204 0.8425084948539734 0.3537755608558655
v 11.77454948425293 1.988037109375 21.532390594482422
vt 0.24018479883670807 0.7667251825332642
vn 0.40675362944602966 0.6444297432899475 0.6475042700767517
v 11.698369979858398 2.9173829555511475 20.98741912841797
vt 0.24578219652175903 0.7638487815856934
vn 0.4384981095790863 0.2783941626548767 0.8545268177986145
v 8.054038047790527 2.303515911102295 20.112579345703125
vt 0.26104021072387695 0.7925447821617126
vn -0.8257961273193359 -0.522112250328064 0.21321256458759308
v 8.054038047790527 1.3798580169677734 20.868289947509766
vt 0.25613269209861755 0.7965357303619385
vn -0.8242552876472473 -0.4371727406978607 -0.3598376214504242
v 7.47389030456543 1.6103761196136475 20.932720184326172
vt 0.2545022964477539 0.7927674055099487
vn -0.337869793176651 -0.6638401746749878 -0.6672030687332153
v 7.47389030456543 -0.9068358540534973 22.059341430664062
vt 0.2474845051765442 0.8159099817276001
vn -0.3755372166633606 0.8107385039329529 -0.44908204674720764
v 7.47389030456543 -1.0332520008087158 24.93808937072754
vt 0.22934089601039886 0.8143160343170166
vn -0.3408654034137726 0.9332529902458191 -0.11335648596286774
v 7.47389030456543 -0.42385250329971313 23.43906021118164
vt 0.23929589986801147 0.8124517202377319
vn -0.4101216197013855 0.9117454290390015 0.022817056626081467
v 8.054038047790527 0.612255871295929 22.01667022705078
vt 0.24903210997581482 0.8019245862960815
vn -0.8329429030418396 -0.50497967004776 -0.2262776494026184
v 8.054038047790527 0.1135253980755806 23.441560745239258
vt 0.23971650004386902 0.8055995106697083
vn -0.9405590295791626 -0.3395236134529114 0.008501620031893253
v 8.054038047790527 0.7230468988418579 24.940959930419922
vt 0.2302009016275406 0.8024930953979492
vn -0.7710886597633362 -0.6293267011642456 0.09679879993200302
v 8.054038047790527 -1.0428470373153687 20.992538452148438
vt 0.2553020119667053 0.8146274089813232
vn -0.7200698852539062 -0.5173590183258057 0.4624272584915161
v 8.054038047790527 0.9933838248252869 20.992538452148438
vt 0.25544941425323486 0.7989197969436646
vn -0.720054030418396 0.5173758268356323 0.4624330997467041
v 7.47389030456543 -1.6598140001296997 20.932720184326172
vt 0.25423911213874817 0.8207467198371887
vn -0.337846040725708 0.6638660430908203 -0.6671897768974304
v 7.47389030456543 -2.7714359760284424 20.02315902709961
vt 0.2621462047100067 0.8247718811035156
vn -0.31980472803115845 0.6000023484230042 -0.7332952618598938
v 12.426660537719727 3.3847408294677734 8.49550724029541
vt 0.04606698825955391 0.7276511192321777
vn 0.994587779045105 -0.03211841359734535 -0.0988101065158844
v 12.426660537719727 4.350757122039795 7.050151824951172
vt 0.03577839955687523 0.7245646715164185
vn 0.6019184589385986 0.024047743529081345 -0.7981954216957092
v 12.171199798583984 6.709374904632568 9.514833450317383
vt 0.034198131412267685 0.7456488013267517
vn 0.8159253597259521 0.29368942975997925 -0.4980083107948303
v 12.426660537719727 5.716968059539795 10.657910346984863
vt 0.04356636852025986 0.7471420764923096
vn 0.9984467625617981 0.03867373615503311 -0.04010652005672455
v 12.426660537719727 0.37446290254592896 23.43906021118164
vt 0.23937229812145233 0.8008908033370972
vn 0.4101434051990509 -0.9117352962493896 0.022829269990324974
v 12.426660537719727 0.9837890863418579 24.93808937072754
vt 0.2294335961341858 0.7989276051521301
vn 0.3408171534538269 -0.933269739151001 -0.11336293071508408
v 12.426660537719727 4.40647029876709 9.442828178405762
vt 0.044949911534786224 0.7361862659454346
vn 0.998462438583374 0.04629826173186302 -0.030483664944767952
v 12.298929214477539 5.530102252960205 8.282491683959961
vt 0.034992899745702744 0.7351070046424866
vn 0.6847417950630188 0.5488661527633667 -0.4794521629810333
v 12.426660537719727 1.6103761196136475 20.932720184326172
vt 0.2545022964477539 0.7927674055099487
vn 0.33786895871162415 -0.6638405919075012 -0.667203426361084
v 12.426660537719727 0.8573485612869263 22.059341430664062
vt 0.24762609601020813 0.797515869140625
vn 0.37552765011787415 -0.8107470273971558 -0.4490748345851898
v 12.426660537719727 -0.42385250329971313 23.43906021118164
vt 0.23929589986801147 0.8124517202377319
vn 0.41012054681777954 0.9117457866668701 0.02281704917550087
v 12.426660537719727 -1.0332520008087158 24.93808937072754
vt 0.22934089601039886 0.8143160343170166
vn 0.34086447954177856 0.933253288269043 -0.11335651576519012
v 11.84650993347168 0.9933838248252869 20.992538452148438
vt 0.2554478049278259 0.7989168167114258
vn 0.7200537919998169 0.5173761248588562 0.4624333381652832
v 12.426660537719727 -2.7714359760284424 20.02315902709961
vt 0.2621462047100067 0.8247718811035156
vn 0.3198038637638092 0.6000025272369385 -0.7332955002784729
v 12.426660537719727 -1.6598140001296997 20.932720184326172
vt 0.25423911213874817 0.8207467198371887
vn 0.337845116853714 0.6638662815093994 -0.6671899557113647
v 12.426660537719727 -0.9068358540534973 22.059341430664062
vt 0.2474845051765442 0.8159099817276001
vn 0.3755362629890442 0.8107388615608215 -0.44908225536346436
v 11.84650993347168 0.7230468988418579 24.940959930419922
vt 0.2302009016275406 0.8024930953979492
vn 0.7710882425308228 -0.6293274164199829 0.0967988446354866
v 11.84650993347168 -1.0428470373153687 20.992538452148438
vt 0.2553020119667053 0.8146274089813232
vn 0.7200695872306824 -0.51735919713974 0.4624274969100952
v 12.426660537719727 6.66367244720459 11.607179641723633
vt 0.042844559997320175 0.7553957104682922
vn 0.7739574909210205 -0.5982512831687927 -0.20756980776786804
v 12.426660537719727 6.3098883628845215 12.354820251464844
vt 0.047486528754234314 0.7575358152389526
vn 0.858864426612854 -0.46238720417022705 -0.2203405648469925
v 12.426660537719727 5.716968059539795 13.590420722961426
vt 0.05519704893231392 0.7610399723052979
vn 0.992958664894104 -0.11741294711828232 -0.015725446864962578
v 12.43777084350586 6.937060832977295 9.623884201049805
vt 0.08479920774698257 0.8279197216033936
vn 0.8788468241691589 -0.3837255537509918 -0.2835186719894409
v 11.84650993347168 0.1135253980755806 23.441560745239258
vt 0.23971650004386902 0.8055995106697083
vn 0.9405589699745178 -0.33952397108078003 0.008501630276441574
v 11.84650993347168 0.612255871295929 22.01667022705078
vt 0.24903210997581482 0.8019245862960815
vn 0.8329426646232605 -0.5049800872802734 -0.22627787292003632
v 11.84650993347168 1.7388920783996582 20.099260330200195
vt 0.260805606842041 0.7951217889785767
vn 0.8076149821281433 0.24096664786338806 0.538231372833252
v 11.84650993347168 1.3798580169677734 20.868289947509766
vt 0.25613269209861755 0.7965357303619385
vn 0.8242550492286682 -0.4371730387210846 -0.3598378598690033
v 12.426660537719727 1.6210689544677734 20.00351905822754
vt 0.2641051113605499 0.7967432737350464
vn 0.8078746199607849 0.2416776865720749 0.537522554397583
v 12.426660537719727 0.8485352396965027 20.929229736328125
vt 0.2581354081630707 0.8015742301940918
vn 0.8751903176307678 0.36023998260498047 0.322907418012619
v 11.991579055786133 5.0130615234375 20.338951110839844
vt 0.2636238932609558 0.7525299191474915
vn 0.0 0.9516680836677551 0.3071281909942627
v 8.536787033081055 4.595044136047363 21.634220123291016
vt 0.2635408043861389 0.7745063304901123
vn 0.0 0.9516680836677551 0.3071281611919403
v 11.363759994506836 4.595044136047363 21.634220123291016
vt 0.2569648027420044 0.7591463327407837
vn 0.0 0.9516680836677551 0.3071281611919403
v 11.34823989868164 0.7950928211212158 27.617109298706055
vt 0.2037065029144287 0.7830508947372437
vn 0.3301836848258972 0.8803693056106567 0.340482622385025
v 7.908962249755859 5.0130615234375 20.338951110839844
vt 0.2717738151550293 0.7762423157691956
vn 0.0 0.9516680836677551 0.3071281611919403
v 8.917531967163086 -4.644457817077637 21.634220123291016
vt 0.2623707056045532 0.8411087989807129
vn 0.0 0.6741809844970703 0.7385661005973816
v 8.5523099899292 -1.976415991783142 25.029918670654297
vt 0.22651509940624237 0.8214588165283203
vn -0.2891206443309784 -0.9506651163101196 0.11245033890008926
v 11.34823989868164 1.9269530773162842 25.029918670654297
vt 0.2204466015100479 0.776376485824585
vn 0.29042255878448486 0.9542480707168579 -0.07117125391960144
v 11.65173053741455 1.2522460222244263 23.51913070678711
vt 0.22927530109882355 0.7722501158714294
vn 0.39221370220184326 0.9191150069236755 -0.03736361116170883
v 11.34823989868164 -0.02470702864229679 30.320411682128906
vt 0.18768049776554108 0.7906650304794312
vn 0.21543438732624054 0.9344925880432129 0.283392995595932
v 8.536787033081055 4.595044136047363 21.634220123291016
vt 0.2635408043861389 0.7745063304901123
vn -0.481189489364624 -0.41794833540916443 0.7705684304237366
v 7.473896026611328 5.715527057647705 19.833620071411133
vt 0.2779119908809662 0.7766095995903015
vn -0.989873468875885 -0.09587738662958145 0.10468097776174545
v 11.34823989868164 -0.844482421875 27.617109298706055
vt 0.20342910289764404 0.8299025297164917
vn 0.3301789462566376 -0.8803668022155762 0.340493768453598
v 8.366625785827637 3.875439167022705 20.97734832763672
vt 0.2610742151737213 0.7791410088539124
vn -0.4437471926212311 -0.16244739294052124 0.8813053965568542
v 11.741839408874512 1.5089600086212158 22.445430755615234
vt 0.24466289579868317 0.7908415794372559
vn 0.40622955560684204 0.8425084948539734 0.3537755608558655
v 11.698369979858398 2.9173829555511475 20.98741912841797
vt 0.25682729482650757 0.7836956977844238
vn 0.4384981095790863 0.2783941626548767 0.8545268177986145
v 11.34823989868164 -0.844482421875 27.617109298706055
vt 0.21097730100154877 0.8141610026359558
vn 0.3301789462566376 -0.8803668022155762 0.340493768453598
v 12.426660537719727 -0.02470702864229679 27.42091941833496
vt 0.2145276963710785 0.8065378665924072
vn 0.7610923051834106 -0.625725269317627 0.17089858651161194
v 12.426660537719727 0.37446290254592896 23.43906021118164
vt 0.23937229812145233 0.8008908033370972
vn 0.7491005063056946 0.6597948670387268 0.059322893619537354
v 12.426660537719727 1.6103761196136475 20.932720184326172
vt 0.2545022964477539 0.7927674055099487
vn 0.740604043006897 0.46418997645378113 0.4858326315879822
v 11.77454948425293 1.988037109375 21.532390594482422
vt 0.25087541341781616 0.787946879863739
vn 0.40675362944602966 0.6444297432899475 0.6475042700767517
v 12.426660537719727 0.8573485612869263 22.059341430664062
vt 0.24762609601020813 0.797515869140625
vn 0.7292312383651733 0.6059823632240295 0.3178160786628723
v 12.426651000976562 5.715527057647705 19.833620071411133
vt 0.2779119908809662 0.7766095995903015
vn 0.9898735284805298 -0.09587664157152176 0.10468118637800217
v 12.426660537719727 0.9837890863418579 24.93808937072754
vt 0.2294335961341858 0.7989276051521301
vn 0.6753960251808167 0.7366183996200562 0.03512081876397133
v 11.741839408874512 -1.5584230422973633 22.445430755615234
vt 0.24446530640125275 0.8225483894348145
vn 0.4062284231185913 -0.8425108790397644 0.3537709414958954
v 12.426660537719727 -0.42385250329971313 23.43906021118164
vt 0.23929589986801147 0.8124517202377319
vn 0.7491122484207153 -0.6597804427146912 0.059333764016628265
v 11.34823989868164 -0.02470702864229679 30.320411682128906
vt 0.19521139562129974 0.8064166903495789
vn 0.21543024480342865 -0.9344956874847412 0.2833854854106903
v 11.65173053741455 -1.3016841411590576 23.51913070678711
vt 0.23749010264873505 0.8207427263259888
vn 0.39222201704978943 -0.919111430644989 -0.0373627245426178
v 11.991579055786133 5.0130615234375 20.338951110839844
vt 0.2717738151550293 0.7762423157691956
vn 0.7538573741912842 -0.2976793646812439 0.5857354402542114
v 11.65173053741455 1.2522460222244263 23.51913070678711
vt 0.23765790462493896 0.792586088180542
vn 0.39221370220184326 0.9191150069236755 -0.03736361116170883
v 7.47389030456543 0.37446290254592896 23.43906021118164
vt 0.23937229812145233 0.8008908033370972
vn -0.7491024732589722 0.6597924828529358 0.0593232586979866
v 12.426660537719727 -0.9068358540534973 22.059341430664062
vt 0.2474845051765442 0.8159099817276001
vn 0.7292192578315735 -0.605994701385498 0.3178200423717499
v 12.426660537719727 -1.6598140001296997 20.932720184326172
vt 0.25423911213874817 0.8207467198371887
vn 0.718022346496582 -0.5010260343551636 0.48313233256340027
v 7.47389030456543 4.349071979522705 20.03144073486328
vt 0.27010101079940796 0.7816417217254639
vn -0.9245548844337463 0.012328336015343666 0.38084930181503296
v 11.564240455627441 -2.966845989227295 20.98741912841797
vt 0.25623181462287903 0.830481767654419
vn 0.41284531354904175 -0.31315240263938904 0.8552743792533875
v 8.24881649017334 1.2522460222244263 23.51913070678711
vt 0.23765790462493896 0.792586088180542
vn -0.39161935448646545 0.906554102897644 -0.1574612706899643
v 8.054039001464844 -0.02470702864229679 27.127899169921875
vt 0.2185249924659729 0.8065608739852905
vn -0.9208682775497437 -9.450443940295372e-06 -0.3898736834526062
v 8.054038047790527 -0.7724609375 24.940959930419922
vt 0.2301512062549591 0.8107562065124512
vn -0.7710931301116943 0.6293203830718994 0.0968046709895134
v 7.47389030456543 -0.02470702864229679 27.42091941833496
vt 0.2145276963710785 0.8065378665924072
vn -0.761092483997345 -0.6257249116897583 0.17089857161045074
v 8.552309036254883 -0.844482421875 27.617109298706055
vt 0.21097730100154877 0.8141610026359558
vn -0.33020874857902527 -0.8876616954803467 0.32096514105796814
v 8.5523099899292 -0.02470702864229679 30.320411682128906
vt 0.19521139562129974 0.8064166903495789
vn -0.3252626061439514 -0.9049298167228699 0.27441975474357605
v 8.054038047790527 -2.3529300689697266 20.112579345703125
vt 0.2606944143772125 0.8210861086845398
vn -0.825778603553772 0.5221359133720398 0.21322253346443176
v 8.054038047790527 -1.7883299589157104 20.099260330200195
vt 0.2605490982532501 0.8185197114944458
vn -0.8076117634773254 -0.24097365140914917 0.5382329225540161
v 7.47389030456543 -2.7714359760284424 20.02315902709961
vt 0.2621462047100067 0.8247718811035156
vn -0.602433443069458 -0.17347505688667297 0.7790894508361816
v 7.47389030456543 -1.6598140001296997 20.932720184326172
vt 0.25423911213874817 0.8207467198371887
vn -0.7180226445198059 -0.5010262131690979 0.4831315279006958
v 8.125999450683594 -2.0374510288238525 21.532390594482422
vt 0.25063851475715637 0.8254885077476501
vn -0.40302884578704834 -0.7241020202636719 0.5596818923950195
v 7.908962249755859 5.0130615234375 20.338951110839844
vt 0.2717738151550293 0.7762423157691956
vn -0.613444447517395 -0.4397374987602234 0.6559852361679077
v 7.47389030456543 2.7220699787139893 20.02315902709961
vt 0.2626461982727051 0.7888864278793335
vn -0.9216218590736389 -0.013603201135993004 0.38785070180892944
v 7.47389030456543 -0.8979248404502869 20.929229736328125
vt 0.258032888174057 0.8120144009590149
vn -0.8752046227455139 -0.3602151870727539 0.322895884513855
v 7.47389030456543 -0.02470702864229679 20.01333999633789
vt 0.2640194892883301 0.8068535923957825
vn -0.9999999403953552 0.0 -0.0
v 7.47389030456543 -1.6705321073532104 20.00351905822754
vt 0.26389169692993164 0.8169785141944885
vn -0.8078780770301819 -0.24167045950889587 0.5375205874443054
v 8.054038047790527 -1.429321050643921 20.868289947509766
vt 0.25592800974845886 0.8169993162155151
vn -0.8242536187171936 0.437181293964386 -0.35983121395111084
v 8.054038047790527 -0.02470702864229679 22.062641143798828
vt 0.24890629947185516 0.806722104549408
vn -0.9797678589820862 2.598175569801242e-06 0.20013709366321564
v 8.054038047790527 -0.02470702864229679 24.78028106689453
vt 0.23143939673900604 0.8066321015357971
vn -0.9999999403953552 0.0 -0.0
v 8.054038047790527 -0.6617187261581421 22.01667022705078
vt 0.24895310401916504 0.8115172982215881
vn -0.832938551902771 0.5049811005592346 -0.22629015147686005
v 8.054038047790527 -0.1629883050918579 23.441560745239258
vt 0.23969940841197968 0.8077542185783386
vn -0.9405498504638672 0.3395492434501648 0.008497340604662895
v 7.47389030456543 -0.02470702864229679 20.924169540405273
vt 0.2583281993865967 0.8067981004714966
vn -0.9999999403953552 0.0 -0.0
v 7.47389030456543 -0.02470702864229679 21.83681869506836
vt 0.25284260511398315 0.8067513108253479
vn -0.7478776574134827 5.81322456127964e-06 0.6638365983963013
v 8.054038047790527 -0.02470702864229679 23.403099060058594
vt 0.23996269702911377 0.8066748976707458
vn -0.9999999403953552 0.0 -0.0
v 11.65173053741455 -1.3016841411590576 23.51913070678711
vt 0.22898560762405396 0.8410159349441528
vn 0.39222201704978943 -0.919111430644989 -0.0373627245426178
v 7.47389030456543 -1.0332520008087158 24.93808937072754
vt 0.22934089601039886 0.8143160343170166
vn -0.6753994226455688 -0.7366154193878174 0.035121165215969086
v 12.426660537719727 -2.7714359760284424 20.02315902709961
vt 0.2621462047100067 0.8247718811035156
vn 0.6024329662322998 -0.17347660660743713 0.7790893912315369
v 8.158703804016113 -1.5584230422973633 22.445430755615234
vt 0.24446530640125275 0.8225483894348145
vn -0.4064621031284332 -0.8589401841163635 0.31146490573883057
v 8.24881649017334 -1.3016841411590576 23.51913070678711
vt 0.23749010264873505 0.8207427263259888
vn -0.39162734150886536 -0.9065493941307068 -0.15746766328811646
v 7.47389030456543 -0.42385250329971313 23.43906021118164
vt 0.23929589986801147 0.8124517202377319
vn -0.7491143941879272 -0.6597781181335449 0.059334177523851395
v 7.47389030456543 -0.9068358540534973 22.059341430664062
vt 0.2474845051765442 0.8159099817276001
vn -0.729221761226654 -0.6059927940368652 0.31781789660453796
v 11.77454948425293 -2.0374510288238525 21.532390594482422
vt 0.25063851475715637 0.8254885077476501
vn 0.40484192967414856 -0.6567362546920776 0.6362394690513611
v 11.84650993347168 2.303515911102295 20.112579345703125
vt 0.26104021072387695 0.7925447821617126
vn 0.8257957100868225 -0.5221128463745117 0.21321269869804382
v 8.336311340332031 -2.966845989227295 20.98741912841797
vt 0.25623181462287903 0.830481767654419
vn -0.40805694460868835 -0.40185365080833435 0.8197579383850098
v 12.426660537719727 -3.769359827041626 19.50126075744629
vt 0.13818959891796112 0.9636781811714172
vn 0.9128708243370056 0.3651483654975891 -0.18257416784763336
v 12.426660537719727 -0.02470702864229679 9.126032829284668
vt 0.22275839745998383 0.9636784195899963
vn 0.7071067094802856 0.0 0.7071067690849304
v 7.473891258239746 4.388134956359863 16.09440040588379
vt 0.2879007160663605 0.9941691160202026
vn -0.7071067094802856 -0.7071067690849304 -0.0
v 7.47389030456543 -3.769359827041626 9.667108535766602
vt 0.19873090088367462 0.9941688179969788
vn -0.8810258507728577 0.4492899179458618 0.14809469878673553
v 7.473891258239746 -3.769359827041626 19.50126075744629
vt 0.13818949460983276 0.9941686391830444
vn -0.9128708243370056 0.18257418274879456 -0.3651483356952667
v 12.426660537719727 -3.769359827041626 9.667108535766602
vt 0.19873100519180298 0.9636783599853516
vn 0.8812084197998047 0.36809855699539185 0.2966058850288391
v 7.473891258239746 -0.02470702864229679 19.50126075744629
vt 0.11513639986515045 0.9941685199737549
vn -0.7999999523162842 0.0 -0.5999999642372131
v 12.426660537719727 4.388134956359863 19.50126075744629
vt 0.30887430906295776 0.9636787176132202
vn 0.8728715777397156 -0.2182178944349289 -0.4364358186721802
v 7.473891258239746 2.7220699787139893 19.50126075744629
vt 0.09822659194469452 0.9941684603691101
vn -0.7999999523162842 0.0 -0.6000000238418579
v 7.473891258239746 4.388134956359863 19.50126075744629
vt 0.08796990662813187 0.9941684007644653
vn -0.8728715777397156 -0.4364357888698578 -0.2182179093360901
v 7.7356719970703125 -4.40439510345459 8.422685623168945
vt 0.15017129480838776 0.7555918097496033
vn -0.42839720845222473 -0.6833249926567078 -0.5912213921546936
v 12.426660537719727 2.7220699787139893 19.50126075744629
vt 0.09822671115398407 0.9636780023574829
vn 0.7999999523162842 0.0 -0.5999999642372131
v 7.473891258239746 -0.02470702864229679 8.718937873840332
vt 0.15008370578289032 0.7301998138427734
vn -0.9238733053207397 0.006988232489675283 -0.38263455033302307
v 7.47389030456543 -4.148853302001953 8.682887077331543
vt 0.14834070205688477 0.7541517019271851
vn -0.9521784782409668 -0.11944054067134857 -0.2812299132347107
v 9.950273513793945 -0.02470702864229679 8.457611083984375
vt 0.16596290469169617 0.732318639755249
vn 0.0 0.015837743878364563 -0.9998745918273926
v 9.950273513793945 1.6210689544677734 8.49550724029541
vt 0.16698810458183289 0.7218635082244873
vn 0.0 0.023020140826702118 -0.9997349381446838
v 7.473891258239746 -0.02470702864229679 9.126032829284668
vt 0.14743070304393768 0.7300565242767334
vn -0.7071067094802856 0.0 0.7071067094802856
v 12.426660537719727 -0.02470702864229679 8.718937873840332
vt 0.15008370578289032 0.7301998138427734
vn 0.9238710403442383 0.006988808512687683 -0.38263997435569763
v 12.426660537719727 -0.02470702864229679 20.01333999633789
vt 0.07949447631835938 0.7296684980392456
vn 0.9999999403953552 0.0 -0.0
v 12.165328979492188 -0.02470702864229679 8.457611083984375
vt 0.15245360136032104 0.7303258180618286
vn 0.32670167088508606 0.013996154069900513 -0.9450238347053528
v 8.61833381652832 -3.924854040145874 20.97734832763672
vt 0.2602139115333557 0.8356645107269287
vn -0.39170506596565247 0.14244981110095978 0.9089968800544739
v 8.917531967163086 -4.644457817077637 21.634220123291016
vt 0.2623707056045532 0.8411087989807129
vn -0.4889092743396759 -0.5990626811981201 0.6341069936752319
v 9.950273513793945 -5.763477325439453 19.833620071411133
vt 0.27365028858184814 0.8496571183204651
vn -3.6345505805002176e-07 -0.9989888072013855 0.04496058449149132
v 7.47389030456543 -4.398486137390137 20.03144073486328
vt 0.2695516049861908 0.8313038349151611
vn -0.8873997330665588 -0.2930818498134613 0.35584354400634766
v 12.164870262145996 -4.40439510345459 8.422685623168945
vt 0.15017129480838776 0.7555918097496033
vn 0.4283912181854248 -0.6833268404006958 -0.5912236571311951
v 12.426660537719727 -1.6705321073532104 20.00351905822754
vt 0.07949450612068176 0.7408456802368164
vn 0.8078778386116028 -0.24167056381702423 0.5375208258628845
v 12.426660537719727 4.388134956359863 16.09440040588379
vt 0.10398640483617783 0.7013460397720337
vn 0.7071067094802856 -0.7071067094802856 -0.0
v 12.426651000976562 5.715527057647705 19.833620071411133
vt 0.07949446141719818 0.6914430856704712
vn 0.9898735284805298 -0.09587664157152176 0.10468118637800217
v 12.426660537719727 -3.769359827041626 9.667108535766602
vt 0.1431594043970108 0.753111720085144
vn 0.8812084197998047 0.36809855699539185 0.2966058850288391
v 12.426660537719727 5.716968059539795 13.590420722961426
vt 0.11998210102319717 0.6934560537338257
vn 0.992958664894104 -0.11741294711828232 -0.015725446864962578
v 12.426660537719727 1.6210689544677734 8.756868362426758
vt 0.15026089549064636 0.7199094891548157
vn 0.967555046081543 -0.01572139374911785 -0.25217077136039734
v 12.426660537719727 4.388134956359863 10.773309707641602
vt 0.13765449821949005 0.7022240161895752
vn 0.8050452470779419 -0.5880666971206665 0.07797137647867203
v 9.950273513793945 -10.875879287719727 2.771829128265381
vt 0.18379230797290802 0.815594494342804
vn 0.8504166007041931 -0.5057158470153809 -0.14506171643733978
v 11.1976900100708 -8.627588272094727 8.551337242126465
vt 0.1538739949464798 0.7891244888305664
vn 0.6874145269393921 0.5145543217658997 -0.5125377774238586
v 9.950273513793945 -7.884106159210205 12.619580268859863
vt 0.12431339919567108 0.7858710289001465
vn 0.7034416794776917 -0.10258118808269501 0.7033112049102783
v 11.779379844665527 -7.582396984100342 10.834139823913574
vt 0.1390666961669922 0.7799403667449951
vn 0.9384575486183167 -0.13265718519687653 0.31890323758125305
v 12.426660537719727 -4.533911228179932 12.960840225219727
vt 0.12358060479164124 0.7587746977806091
vn 0.8730326294898987 -0.4547697901725769 0.17606404423713684
v 11.03969955444336 -8.746874809265137 11.908910751342773
vt 0.13233859837055206 0.7897490859031677
vn 0.7564529180526733 -0.43826085329055786 0.48549601435661316
v 11.458169937133789 -9.431591987609863 9.475764274597168
vt 0.14694060385227203 0.7928614020347595
vn 0.8496635556221008 -0.5123108625411987 0.12493735551834106
v 12.030930519104004 -6.10598087310791 11.392450332641602
vt 0.1350007951259613 0.7697625160217285
vn 0.816474974155426 -0.3567062020301819 0.45401450991630554
v 11.2214994430542 -10.098609924316406 7.514599800109863
vt 0.15723749995231628 0.8000633716583252
vn 0.9088019728660583 -0.41373956203460693 -0.053838711231946945
v 12.012539863586426 -6.0890631675720215 10.919229507446289
vt 0.13810500502586365 0.7697849273681641
vn 0.9171436429023743 -0.06530758738517761 -0.3931697905063629
v 12.252379417419434 -5.254199981689453 11.942299842834473
vt 0.13070160150527954 0.7638368010520935
vn 0.8594009280204773 -0.45418378710746765 0.23483407497406006
v 11.233550071716309 -7.455127239227295 9.52835464477539
vt 0.14853110909461975 0.7802658081054688
vn 0.6286205053329468 0.31880006194114685 -0.7093679308891296
v 12.230199813842773 -5.204198837280273 11.227849960327148
vt 0.13555480539798737 0.7635433077812195
vn 0.938153862953186 -0.2408883273601532 -0.24867668747901917
v 12.426660537719727 -3.769359827041626 19.50126075744629
vt 0.08271514624357224 0.7545812129974365
vn 0.9128708243370056 0.3651483654975891 -0.18257416784763336
v 12.426660537719727 -4.398486137390137 20.03144073486328
vt 0.07949450612068176 0.7589688301086426
vn 0.8873991370201111 -0.2930818498134613 0.3558448255062103
v 12.426660537719727 -4.497777938842773 10.903789520263672
vt 0.13661310076713562 0.7585234045982361
vn 0.861262857913971 -0.45411038398742676 -0.22805677354335785
v 12.426660537719727 5.716968059539795 10.657910346984863
vt 0.1385297030210495 0.6939662098884583
vn 0.9984467625617981 0.03867373615503311 -0.04010652005672455
v 12.426660537719727 -2.6119632720947266 20.02315902709961
vt 0.07949450612068176 0.747191309928894
vn 0.9999999403953552 0.0 -0.0
v 12.426660537719727 -0.02470702864229679 9.126032829284668
vt 0.14743070304393768 0.7300565242767334
vn 0.7071067094802856 0.0 0.7071067690849304
v 12.426660537719727 -2.9234371185302734 9.1260347366333
vt 0.14643220603466034 0.7475380897521973
vn 0.7198228240013123 0.12928731739521027 0.682011604309082
v 12.426660537719727 4.349071979522705 20.03144073486328
vt 0.07949447631835938 0.7005785703659058
vn 0.9245542883872986 0.012329726479947567 0.3808506727218628
v 9.950273513793945 -7.97556209564209 13.597830772399902
vt 0.1194486990571022 0.7897163033485413
vn 0.6666144728660583 -0.41470861434936523 0.619388222694397
v 12.165360450744629 1.6210689544677734 8.49550724029541
vt 0.15279610455036163 0.7201648950576782
vn 0.7909385561943054 -0.5736616849899292 -0.2129049450159073
v 12.426660537719727 -3.769359827041626 16.016929626464844
vt 0.10430359840393066 0.7538374066352844
vn 0.7999999523162842 0.5999999642372131 -0.0
v 12.426660537719727 5.716968059539795 16.107059478759766
vt 0.10392569750547409 0.6929749250411987
vn 0.9998940229415894 -0.014557595364749432 -0.0
v 12.426660537719727 3.9888179302215576 9.823077201843262
vt 0.14361770451068878 0.704871416091919
vn 0.7199304699897766 -0.5782740712165833 0.3837958872318268
v 12.426660537719727 -4.148853302001953 8.682887077331543
vt 0.14834070205688477 0.7541517019271851
vn 0.9521768093109131 -0.11944309622049332 -0.2812342047691345
v 12.426660537719727 2.7220699787139893 20.02315902709961
vt 0.07949447631835938 0.7119722366333008
vn 0.9216216206550598 -0.013602472841739655 0.3878510892391205
v 12.165360450744629 1.6210689544677734 8.49550724029541
vt 0.15279610455036163 0.7201648950576782
vn 0.5054033398628235 0.019864147529006004 -0.8626545071601868
v 12.426660537719727 1.6210689544677734 20.00351905822754
vt 0.07949447631835938 0.7187052965164185
vn 0.8078746199607849 0.2416776865720749 0.537522554397583
v 12.426660537719727 -0.02470702864229679 19.50126075744629
vt 0.08261744678020477 0.7298442125320435
vn 0.7999999523162842 0.0 -0.5999999642372131
v 12.426660537719727 4.388134956359863 19.50126075744629
vt 0.082557313144207 0.7004461884498596
vn 0.8728715777397156 -0.2182178944349289 -0.4364358186721802
v 12.426660537719727 2.9732658863067627 9.126032829284668
vt 0.14793220162391663 0.7113386988639832
vn 0.7213141918182373 -0.27212581038475037 0.6369092464447021
v 12.426660537719727 1.6210689544677734 9.126032829284668
vt 0.14783529937267303 0.7197607755661011
vn 0.5547001957893372 0.0 0.8320503234863281
v 12.426660537719727 2.7220699787139893 19.50126075744629
vt 0.08268024772405624 0.7117525339126587
vn 0.7999999523162842 0.0 -0.5999999642372131
v 12.426660537719727 3.3847408294677734 8.49550724029541
vt 0.15188829600811005 0.7088483572006226
vn 0.994587779045105 -0.03211841359734535 -0.0988101065158844
v 12.426660537719727 4.40647029876709 9.442828178405762
vt 0.1460312008857727 0.7023245096206665
vn 0.998462438583374 0.04629826173186302 -0.030483664944767952
v 11.77534008026123 -7.524633884429932 10.466790199279785
vt 0.14143040776252747 0.7796857953071594
vn 0.9308390617370605 0.015635734423995018 -0.3650946319103241
v 11.638629913330078 -8.389697074890137 10.204549789428711
vt 0.1431812047958374 0.7855383157730103
vn 0.9856088757514954 -0.03620496764779091 -0.16511930525302887
v 11.605329513549805 -8.66718864440918 10.850000381469727
vt 0.13924939930438995 0.7871186137199402
vn 0.9095945954322815 -0.24991999566555023 0.3319301903247833
v 11.498080253601074 -9.20554256439209 9.221427917480469
vt 0.148695707321167 0.791769802570343
vn 0.9890785217285156 -0.006638422608375549 -0.1472398340702057
v 11.10339069366455 -9.229077339172363 7.151174068450928
vt 0.16112589836120605 0.7959161996841431
vn 0.5147507786750793 0.7597208619117737 -0.3973107635974884
v 10.837810516357422 -5.358105182647705 9.717303276062012
vt 0.14973250031471252 0.7665271162986755
vn 0.4461965262889862 -0.2875843644142151 -0.8474692106246948
v 10.981710433959961 -6.032251358032227 9.858949661254883
vt 0.14797909557819366 0.7706558704376221
vn 0.4271564185619354 0.11465813964605331 -0.8968784213066101
v 11.03969955444336 -8.746874809265137 11.908910751342773
vt 0.13233859837055206 0.7897490859031677
vn 0.6473081111907959 0.7589190602302551 0.07095098495483398
v 12.432570457458496 -4.489501953125 11.682889938354492
vt 0.13159030675888062 0.7584012150764465
vn 0.9889256954193115 -0.1479635089635849 -0.01151882205158472
v 10.693910598754883 -4.68410587310791 9.167949676513672
vt 0.15370799601078033 0.7626888751983643
vn 0.15383762121200562 -0.8267458081245422 -0.5411333441734314
v 12.426660537719727 -4.398486137390137 19.265840530395508
vt 0.08414041250944138 0.7585892081260681
vn 0.8368005752563477 -0.5414255261421204 -0.0813836082816124
v 7.47389030456543 -2.9234371185302734 9.1260347366333
vt 0.14643220603466034 0.7475380897521973
vn -0.7198228240013123 0.25857463479042053 0.6442004442214966
v 12.426660537719727 -4.398486137390137 16.011280059814453
vt 0.10424680262804031 0.7577353715896606
vn 0.587706446647644 -0.8084129095077515 0.0327063724398613
v 12.426660537719727 4.388134956359863 16.09440040588379
vt 0.28790080547332764 0.9636786580085754
vn 0.7071067094802856 -0.7071067094802856 -0.0
v 12.426660537719727 -2.9234371185302734 9.1260347366333
vt 0.20491300523281097 0.9636783599853516
vn 0.7198228240013123 0.12928731739521027 0.682011604309082
v 7.47389030456543 -2.9234371185302734 9.1260347366333
vt 0.20491300523281097 0.9941688776016235
vn -0.7198228240013123 0.25857463479042053 0.6442004442214966
v 7.473891258239746 -3.769359827041626 16.016929626464844
vt 0.1596398949623108 0.9941686987876892
vn -0.7999999523162842 0.6000000834465027 -0.0
v 12.426660537719727 -3.769359827041626 16.016929626464844
vt 0.15963999927043915 0.963678240776062
vn 0.7999999523162842 0.5999999642372131 -0.0
v 7.473891258239746 4.388134956359863 19.50126075744629
vt 0.3088741898536682 0.9941691756248474
vn -0.8728715777397156 -0.4364357888698578 -0.2182179093360901
v 12.426660537719727 -0.02470702864229679 19.50126075744629
vt 0.11513650417327881 0.9636780619621277
vn 0.7999999523162842 0.0 -0.5999999642372131
v 7.735217094421387 -0.02470702864229679 8.457611083984375
vt 0.15245360136032104 0.7303258180618286
vn -0.3267059624195099 0.013995918445289135 -0.9450223445892334
v 12.426660537719727 4.388134956359863 19.50126075744629
vt 0.08796999603509903 0.9636780023574829
vn 0.8728715777397156 -0.2182178944349289 -0.4364358186721802
v 7.735180854797363 1.6210689544677734 8.49550724029541
vt 0.15279610455036163 0.7201648950576782
vn -0.7079076170921326 -0.2670195698738098 -0.6538863182067871
v 7.473891258239746 1.6210689544677734 9.126032829284668
vt 0.14783529937267303 0.7197607755661011
vn -0.5547001957893372 0.0 0.8320503234863281
v 12.426660537719727 2.9732658863067627 9.126032829284668
vt 0.2412146031856537 0.9636785387992859
vn 0.7213141918182373 -0.27212581038475037 0.6369092464447021
v 7.473891258239746 -0.02470702864229679 9.126032829284668
vt 0.2227582037448883 0.9941688776016235
vn -0.7071067094802856 0.0 0.7071067094802856
v 12.426660537719727 1.6210689544677734 9.126032829284668
vt 0.23288999497890472 0.9636784791946411
vn 0.5547001957893372 0.0 0.8320503234863281
v 7.47389030456543 4.40647029876709 9.442828178405762
vt 0.1460312008857727 0.7023245096206665
vn -0.9984624981880188 0.04629715159535408 -0.030482832342386246
v 7.473891258239746 2.9732658863067627 9.126032829284668
vt 0.24121449887752533 0.9941689968109131
vn -0.7213141918182373 -0.13606290519237518 0.6791117191314697
v 7.473891258239746 1.6210689544677734 9.126032829284668
vt 0.23288990557193756 0.9941689372062683
vn -0.5547001957893372 0.0 0.8320503234863281
v 12.426660537719727 4.388134956359863 10.773309707641602
vt 0.2551428973674774 0.9636785387992859
vn 0.8050452470779419 -0.5880666971206665 0.07797137647867203
v 12.426660537719727 3.9888179302215576 9.823077201843262
vt 0.24879740178585052 0.9636785387992859
vn 0.7199304699897766 -0.5782740712165833 0.3837958872318268
v 7.473891258239746 3.9888179302215576 9.823077201843262
vt 0.24879740178585052 0.9941689968109131
vn -0.7199304699897766 -0.49283990263938904 0.488680899143219
v 7.473891258239746 4.388134956359863 10.773309707641602
vt 0.25514280796051025 0.9941689968109131
vn -0.8050452470779419 -0.5723493695259094 0.15594275295734406
v 7.47389030456543 2.7220699787139893 20.02315902709961
vt 0.07949447631835938 0.7119722366333008
vn -0.9216218590736389 -0.013603201135993004 0.38785070180892944
v 7.47389030456543 4.349071979522705 20.03144073486328
vt 0.07949447631835938 0.7005785703659058
vn -0.9245548844337463 0.012328336015343666 0.38084930181503296
v 7.473891258239746 2.7220699787139893 19.50126075744629
vt 0.08268024772405624 0.7117525339126587
vn -0.7999999523162842 0.0 -0.6000000238418579
v 8.442380905151367 -9.431591987609863 9.475764274597168
vt 0.14694060385227203 0.7928614020347595
vn -0.8496606945991516 -0.5123149156570435 0.12494035810232162
v 7.47389030456543 1.6210689544677734 20.00351905822754
vt 0.07949447631835938 0.7187052965164185
vn -0.8078747391700745 0.24167758226394653 0.5375223159790039
v 7.47389030456543 -0.02470702864229679 20.01333999633789
vt 0.07949447631835938 0.7296684980392456
vn -0.9999999403953552 0.0 -0.0
v 9.062737464904785 -5.358105182647705 9.717303276062012
vt 0.14973250031471252 0.7665271162986755
vn -0.4461967349052429 -0.2875845432281494 -0.847468912601471
v 7.47389030456543 -4.398486137390137 20.03144073486328
vt 0.07949450612068176 0.7589688301086426
vn -0.8873997330665588 -0.2930818498134613 0.35584354400634766
v 7.670348167419434 -5.204198837280273 11.227849960327148
vt 0.13555480539798737 0.7635433077812195
vn -0.9381534457206726 -0.2408876121044159 -0.24867893755435944
v 9.950273513793945 -5.763477325439453 19.833620071411133
vt 0.07949450612068176 0.7765843868255615
vn -3.6345505805002176e-07 -0.9989888072013855 0.04496058449149132
v 7.473891258239746 -3.769359827041626 19.50126075744629
vt 0.08271514624357224 0.7545812129974365
vn -0.9128708243370056 0.18257418274879456 -0.3651483356952667
v 9.950273513793945 -7.97556209564209 13.597830772399902
vt 0.1194486990571022 0.7897163033485413
vn -0.44531968235969543 0.7369219660758972 0.5085629820823669
v 7.47389030456543 -4.497777938842773 10.903789520263672
vt 0.13661310076713562 0.7585234045982361
vn -0.8612641096115112 -0.45410817861557007 -0.22805701196193695
v 8.702858924865723 -8.627588272094727 8.551337242126465
vt 0.1538739949464798 0.7891244888305664
vn -0.6874133348464966 0.5145548582077026 -0.5125389695167542
v 9.950273513793945 -7.884106159210205 12.619580268859863
vt 0.12431339919567108 0.7858710289001465
vn -0.15985296666622162 0.6868455410003662 0.7090063691139221
v 8.918839454650879 -6.032251358032227 9.858949661254883
vt 0.14797909557819366 0.7706558704376221
vn -0.42715638875961304 0.11465946584939957 -0.896878182888031
v 9.950273513793945 -6.4398193359375 12.646880149841309
vt 0.12251719832420349 0.7782993912696838
vn -1.9525157313182717e-07 -0.3980625569820404 0.9173581600189209
v 9.950273513793945 -6.032251358032227 9.858949661254883
vt 0.1545345038175583 0.7709395885467529
vn 0.0 -0.06296280026435852 -0.998015820980072
v 9.950273513793945 -8.978198051452637 12.926520347595215
vt 0.1244674026966095 0.7947263717651367
vn -9.571392638463294e-07 -0.6736345887184143 0.7390643954277039
v 9.950273513793945 -7.455127239227295 9.52835464477539
vt 0.15572039783000946 0.7779732942581177
vn 0.0 0.4452977478504181 -0.8953826427459717
v 8.4024658203125 -9.20554256439209 9.221427917480469
vt 0.148695707321167 0.791769802570343
vn -0.9890788793563843 -0.006643516942858696 -0.14723694324493408
v 7.47389030456543 5.716968059539795 16.107059478759766
vt 0.10392569750547409 0.6929749250411987
vn -0.9998940229415894 -0.01456031296402216 -0.0
v 7.47389030456543 -1.6705321073532104 20.00351905822754
vt 0.07949450612068176 0.7408456802368164
vn -0.8078780770301819 -0.24167045950889587 0.5375205874443054
v 7.473891258239746 -0.02470702864229679 19.50126075744629
vt 0.08261744678020477 0.7298442125320435
vn -0.7999999523162842 0.0 -0.5999999642372131
v 7.473891258239746 4.388134956359863 16.09440040588379
vt 0.10398640483617783 0.7013460397720337
vn -0.7071067094802856 -0.7071067690849304 -0.0
v 7.473891258239746 4.388134956359863 19.50126075744629
vt 0.082557313144207 0.7004461884498596
vn -0.8728715777397156 -0.4364357888698578 -0.2182179093360901
v 8.666991233825684 -7.455127239227295 9.52835464477539
vt 0.14853110909461975 0.7802658081054688
vn -0.6286201477050781 0.3187994360923767 -0.7093685269355774
v 7.473896026611328 5.715527057647705 19.833620071411133
vt 0.07949446141719818 0.6914430856704712
vn -0.989873468875885 -0.09587738662958145 0.10468097776174545
v 7.47389030456543 -3.769359827041626 9.667108535766602
vt 0.1431594043970108 0.753111720085144
vn -0.8810258507728577 0.4492899179458618 0.14809469878673553
v 7.473891258239746 -3.769359827041626 16.016929626464844
vt 0.10430359840393066 0.7538374066352844
vn -0.7999999523162842 0.6000000834465027 -0.0
v 7.473891258239746 2.9732658863067627 9.126032829284668
vt 0.14793220162391663 0.7113386988639832
vn -0.7213141918182373 -0.13606290519237518 0.6791117191314697
v 7.47389030456543 3.3847408294677734 8.49550724029541
vt 0.15188829600811005 0.7088483572006226
vn -0.994587779045105 -0.03211785480380058 -0.09881018847227097
v 7.47389030456543 1.6210689544677734 8.756868362426758
vt 0.15026089549064636 0.7199094891548157
vn -0.967556357383728 -0.015721172094345093 -0.25216567516326904
v 7.47389030456543 5.716968059539795 13.590420722961426
vt 0.11998210102319717 0.6934560537338257
vn -0.9929583072662354 -0.11741522699594498 -0.015726052224636078
v 7.473891258239746 4.388134956359863 10.773309707641602
vt 0.13765449821949005 0.7022240161895752
vn -0.8050452470779419 -0.5723493695259094 0.15594275295734406
v 7.47389030456543 5.716968059539795 10.657910346984863
vt 0.1385297030210495 0.6939662098884583
vn -0.9984468221664429 0.038672853261232376 -0.04010559991002083
v -8.934122085571289 6.612987995147705 8.297146797180176
vt 0.4320560097694397 0.9884302020072937
vn 0.953239917755127 0.10980599373579025 -0.28156059980392456
v -8.934122085571289 7.219286918640137 7.473921298980713
vt 0.4318450093269348 0.9824103713035583
vn 0.794274628162384 -0.5538536906242371 -0.24974770843982697
v -8.757406234741211 10.32919979095459 3.29249906539917
vt 0.4352113902568817 0.9508363008499146
vn 0.7125621438026428 -0.062360115349292755 -0.698832094669342
v 7.888010025024414 -6.0890631675720215 10.919229507446289
vt 0.13810500502586365 0.7697849273681641
vn -0.9171441197395325 -0.06530677527189255 -0.39316874742507935
v 9.950273513793945 -9.681934356689453 12.077589988708496
vt 0.12978999316692352 0.7982987761497498
vn -9.913761687130318e-07 -0.8637794852256775 0.503869891166687
v 7.869617462158203 -6.10598087310791 11.392450332641602
vt 0.1350007951259613 0.7697625160217285
vn -0.8164759874343872 -0.3567063510417938 0.4540126919746399
v 7.473891258239746 3.9888179302215576 9.823077201843262
vt 0.14361770451068878 0.704871416091919
vn -0.7199304699897766 -0.49283990263938904 0.488680899143219
v 7.467978000640869 -4.489501953125 11.682889938354492
vt 0.13159030675888062 0.7584012150764465
vn -0.988926112651825 -0.1479610949754715 -0.01151970773935318
v 9.950273513793945 -10.787300109863281 7.576189041137695
vt 0.1547425091266632 0.8086265921592712
vn 3.9924634620547295e-07 -0.9966345429420471 0.08197356760501862
v 9.950273513793945 -10.509739875793457 9.46757698059082
vt 0.14412419497966766 0.8042696118354797
vn -3.427342676332046e-07 -0.9753462076187134 0.2206798940896988
v 9.950273513793945 -10.875879287719727 2.771829128265381
vt 0.18379230797290802 0.815594494342804
vn -0.7199119329452515 0.5066986680030823 -0.47432389855384827
v 9.950273513793945 -8.627588272094727 8.551337242126465
vt 0.16049420833587646 0.7849155068397522
vn 0.0 0.8466092348098755 -0.5322151184082031
v 9.950273513793945 -7.376195907592773 12.44225025177002
vt 0.12466970086097717 0.7828060984611511
vn -1.1762591611841344e-07 -0.13325800001621246 0.9910813570022583
v 7.473891258239746 -2.6119632720947266 20.02315902709961
vt 0.07949450612068176 0.747191309928894
vn -0.9999999403953552 0.0 -0.0
v 9.950273513793945 -5.358105182647705 9.717303276062012
vt 0.15534880757331848 0.7681031823158264
vn 0.0 -0.5023401379585266 -0.8646699786186218
v 7.648165702819824 -5.254199981689453 11.942299842834473
vt 0.13070160150527954 0.7638368010520935
vn -0.8594017624855042 -0.45418262481689453 0.23483328521251678
v 9.950273513793945 -5.947949409484863 12.983829498291016
vt 0.12061069905757904 0.7760252952575684
vn -1.3668632448116114e-07 -0.7317405343055725 0.6815833449363708
v 9.950273513793945 -9.229077339172363 7.151174068450928
vt 0.16684800386428833 0.7917463183403015
vn 0.0 0.9276544451713562 -0.3734397292137146
v 8.860851287841797 -8.746874809265137 11.908910751342773
vt 0.13233859837055206 0.7897490859031677
vn -0.8477987051010132 -0.2462119460105896 0.4696987271308899
v 8.797161102294922 -9.229077339172363 7.151174068450928
vt 0.16112589836120605 0.7959161996841431
vn -0.5147485733032227 0.759722113609314 -0.3973110020160675
v 9.950273513793945 -10.038209915161133 11.118830680847168
vt 0.13522979617118835 0.8003442883491516
vn -6.39713562122779e-07 -0.9357566237449646 0.35264620184898376
v 8.679044723510742 -10.098609924316406 7.514599800109863
vt 0.15723749995231628 0.8000633716583252
vn -0.9088022708892822 -0.41373884677886963 -0.053838182240724564
v 7.432379722595215 5.565600872039795 20.947410583496094
vt 0.008219718933105469 0.8247383832931519
vn -0.7599790096282959 -0.3240808844566345 0.5633857250213623
v 12.468170166015625 5.565600872039795 20.947410583496094
vt 0.008081018924713135 0.7936508655548096
vn 0.3198871612548828 -0.11382348835468292 0.9405936002731323
v 7.908962249755859 5.0130615234375 20.338951110839844
vt 0.01711731031537056 0.8387327194213867
vn -0.613444447517395 -0.4397374987602234 0.6559852361679077
v 7.735180854797363 1.6210689544677734 8.49550724029541
vt 0.05452699959278107 0.7205923795700073
vn -0.7079076170921326 -0.2670195698738098 -0.6538863182067871
v 7.7351789474487305 1.4973880052566528 7.934765338897705
vt 0.05288638919591904 0.7174457311630249
vn -0.5268278121948242 -0.7469648122787476 -0.40558114647865295
v 11.430319786071777 9.603931427001953 7.458493232727051
vt 0.09819699823856354 0.7936509847640991
vn 0.4684280753135681 0.7803507447242737 0.41427984833717346
v 9.950273513793945 1.6210689544677734 8.49550724029541
vt 0.020475110039114952 0.7025544047355652
vn 0.0 -0.9765281677246094 0.21538953483104706
v 11.006549835205078 11.028779983520508 5.682508945465088
vt 0.11197789758443832 0.7936509847640991
vn 0.08346595615148544 0.786902904510498 0.6114057898521423
v 7.908962249755859 5.0130615234375 20.338951110839844
vt 0.003126739989966154 0.8217809200286865
vn -0.613444447517395 -0.4397374987602234 0.6559852361679077
v 9.950273513793945 -4.403295993804932 8.41971492767334
vt 0.16174060106277466 0.7597646713256836
vn 2.3080644340200962e-10 -0.566064715385437 -0.8243607878684998
v 9.950273513793945 -4.68410587310791 9.167949676513672
vt 0.15811839699745178 0.7643665075302124
vn 0.0 -0.8121411204338074 -0.5834610462188721
v 9.206637382507324 -4.68410587310791 9.167949676513672
vt 0.15370799601078033 0.7626888751983643
vn -0.15383775532245636 -0.826745867729187 -0.5411332845687866
v 7.473891258239746 -4.398486137390137 19.265840530395508
vt 0.08414041250944138 0.7585892081260681
vn -0.8368006944656372 -0.5414251685142517 -0.08138357102870941
v 7.473891258239746 -4.398486137390137 16.011280059814453
vt 0.10424680262804031 0.7577353715896606
vn -0.5877066254615784 -0.8084127306938171 0.03270638734102249
v 9.950273513793945 -5.1202392578125 18.492700576782227
vt 0.08861591666936874 0.7744736075401306
vn -2.683838999928412e-07 -0.9807926416397095 -0.19505314528942108
v 9.950273513793945 -4.714379787445068 15.850410461425781
vt 0.10433690249919891 0.7733801603317261
vn -1.3239416318810981e-07 -0.9982901811599731 0.05845115706324577
v 8.121166229248047 -7.582396984100342 10.834139823913574
vt 0.1390666961669922 0.7799403667449951
vn -0.938456118106842 -0.13265784084796906 0.3189074695110321
v 8.261914253234863 -8.389697074890137 10.204549789428711
vt 0.1431812047958374 0.7855383157730103
vn -0.985609233379364 -0.03621053695678711 -0.16511589288711548
v 8.295219421386719 -8.66718864440918 10.850000381469727
vt 0.13924939930438995 0.7871186137199402
vn -0.909593403339386 -0.24992258846759796 0.3319318890571594
v 9.950273513793945 -5.220776081085205 14.010729789733887
vt 0.11470770090818405 0.7735916972160339
vn -2.410817216969008e-07 -0.9545294642448425 0.2981165647506714
v 8.125201225280762 -7.524633884429932 10.466790199279785
vt 0.14143040776252747 0.7796857953071594
vn -0.9308410882949829 0.015635889023542404 -0.36508944630622864
v 7.47389030456543 -4.533911228179932 12.960840225219727
vt 0.12358060479164124 0.7587746977806091
vn -0.873033344745636 -0.4547678232192993 0.1760648787021637
v -8.934122085571289 6.683325290679932 5.5950212478637695
vt 0.4403819143772125 0.975168764591217
vn 0.8333237767219543 0.5284661054611206 0.16215793788433075
v -8.934122085571289 7.711743354797363 5.9810662269592285
vt 0.4344606101512909 0.9733738303184509
vn 0.9133356213569641 -0.39406099915504456 -0.10263500362634659
v -8.934122085571289 6.767725467681885 6.879813194274902
vt 0.4366021156311035 0.9814196228981018
vn 0.9136250019073486 0.4064631462097168 0.00877012312412262
v 11.006549835205078 11.028779983520508 5.682508945465088
vt 0.013765349984169006 0.782898485660553
vn 0.7055186629295349 -0.11109859496355057 -0.6999289989471436
v 7.735180854797363 1.6210689544677734 8.49550724029541
vt 0.0341639406979084 0.70255446434021
vn -0.7079076170921326 -0.2670195698738098 -0.6538863182067871
v 11.991579055786133 5.0130615234375 20.338951110839844
vt 0.003025888931006193 0.7965741753578186
vn 0.7538573741912842 -0.2976793646812439 0.5857354402542114
v -8.757406234741211 6.672583103179932 6.877758979797363
vt 0.4378241002559662 0.9821494817733765
vn 0.7423449754714966 0.6698619723320007 0.014453040435910225
v 12.165360450744629 1.6210689544677734 8.49550724029541
vt 0.006786214653402567 0.7025544047355652
vn 0.7909385561943054 -0.5736616849899292 -0.2129049450159073
v -8.757406234741211 5.798559665679932 7.051486492156982
vt 0.4424903094768524 0.9861438274383545
vn 0.8126513361930847 -0.5779445171356201 -0.07468422502279282
v -8.934122085571289 7.910645008087158 4.952127933502197
vt 0.43787050247192383 0.9681324362754822
vn 0.8839616775512695 -0.27910757064819336 0.3751143217086792
v 12.468160629272461 7.141528129577637 19.833620071411133
vt 0.019759800285100937 0.7936508655548096
vn 0.7544826865196228 0.6266299486160278 0.19516879320144653
v 7.432379722595215 5.565600872039795 20.947410583496094
vt 0.013217689469456673 0.8343576192855835
vn -0.7599790096282959 -0.3240808844566345 0.5633857250213623
v 10.276220321655273 -4.970458984375 22.475339889526367
vt 0.01838614046573639 0.9116027355194092
vn 0.8502194881439209 -0.48138436675071716 0.21306274831295013
v 10.350550651550293 -4.337451934814453 22.737930297851562
vt 0.02207900956273079 0.9136511087417603
vn 0.6976354122161865 0.33960920572280884 0.6308488845825195
v 10.52454948425293 -3.830738067626953 22.35862922668457
vt 0.022576870396733284 0.9181420207023621
vn 0.8724973201751709 -0.14442789554595947 0.4667857587337494
v 7.473896026611328 5.715527057647705 19.833620071411133
vt 0.020109860226511955 0.8335530161857605
vn -0.989873468875885 -0.09587738662958145 0.10468097776174545
v 7.432380676269531 7.141528129577637 19.833620071411133
vt 0.020190419629216194 0.8247634768486023
vn -0.7543256878852844 0.5201007127761841 0.40060943365097046
v 12.468160629272461 7.141528129577637 13.590420722961426
vt 0.057290177792310715 0.7936509847640991
vn 0.7885963916778564 0.5995277166366577 0.13668259978294373
v 7.432380676269531 7.141528129577637 16.001850128173828
vt 0.04411355033516884 0.824852466583252
vn -0.7173303961753845 0.6967331171035767 -0.0
v 9.950273513793945 11.414430618286133 5.33035945892334
vt 0.1162886992096901 0.7994415163993835
vn 1.319627500606657e-07 0.7804745435714722 0.6251875162124634
v 8.89399242401123 9.79150390625 5.878899574279785
vt 0.11147599667310715 0.8133071660995483
vn -0.5493132472038269 -0.2954182028770447 -0.7816540598869324
v 11.006549835205078 9.79150390625 5.878899574279785
vt 0.013941279612481594 0.7751585245132446
vn 0.45725223422050476 -0.39441075921058655 -0.797095000743866
v 8.470224380493164 8.44265079498291 7.246747970581055
vt 0.10141199827194214 0.8194869160652161
vn -0.652616024017334 -0.4342227578163147 -0.6209210753440857
v 8.470224380493164 8.44265079498291 7.246747970581055
vt 0.029617270454764366 0.7632890939712524
vn -0.652616024017334 -0.4342227578163147 -0.6209210753440857
v 7.729344844818115 6.709374904632568 9.514833450317383
vt 0.08598777651786804 0.8298491835594177
vn -0.7902508974075317 -0.32180991768836975 -0.5214803814888
v 12.171199798583984 6.709374904632568 9.514833450317383
vt 0.006749017629772425 0.7456451058387756
vn 0.3689706027507782 -0.8442528247833252 -0.38871267437934875
v 7.132542133331299 6.483154296875 12.419879913330078
vt 0.06683424860239029 0.829728901386261
vn -0.9095410704612732 -0.39431092143058777 -0.13135410845279694
v 7.47389030456543 5.716968059539795 13.590420722961426
vt 0.059048980474472046 0.8337627649307251
vn -0.9929583072662354 -0.11741522699594498 -0.015726052224636078
v 7.110619068145752 6.842089653015137 11.653709411621094
vt 0.07186442613601685 0.8281592130661011
vn -0.9745950698852539 -0.18925128877162933 -0.11978552490472794
v 10.612319946289062 4.8785400390625 43.00739669799805
vt 0.1626473069190979 0.9357293248176575
vn 0.9328373074531555 0.35086697340011597 -0.08189652860164642
v 12.261690139770508 7.975537300109863 10.122529983520508
vt 0.07880669832229614 0.7936509847640991
vn 0.7990206480026245 0.6002249121665955 0.03599968180060387
v 7.432380676269531 7.141528129577637 13.590420722961426
vt 0.05947253108024597 0.8248710036277771
vn -0.5653032064437866 0.8147116899490356 0.1291399598121643
v 12.516000747680664 7.353930950164795 12.287099838256836
vt 0.06518659740686417 0.7936509847640991
vn 0.4823489189147949 0.8532426953315735 0.19828374683856964
v 12.165369987487793 1.4973880052566528 7.934765338897705
vt 0.00678615178912878 0.7061029672622681
vn 0.6096040606498718 -0.7731238603591919 -0.17510703206062317
v 7.638859748840332 7.975537300109863 10.122529983520508
vt 0.08242937177419662 0.8211756944656372
vn -0.6211720108985901 0.7671484351158142 0.16008953750133514
v 7.7351789474487305 1.4973880052566528 7.934765338897705
vt 0.03416397050023079 0.7061030864715576
vn -0.5268278121948242 -0.7469648122787476 -0.40558114647865295
v 7.47389030456543 5.716968059539795 13.590420722961426
vt 0.05519704893231392 0.7610399723052979
vn -0.9929583072662354 -0.11741522699594498 -0.015726052224636078
v 7.729344844818115 6.709374904632568 9.514833450317383
vt 0.034198131412267685 0.7456488013267517
vn -0.7902508974075317 -0.32180991768836975 -0.5214803814888
v 7.47389030456543 3.3847408294677734 8.49550724029541
vt 0.04606698825955391 0.7276511192321777
vn -0.994587779045105 -0.03211785480380058 -0.09881018847227097
v 9.950289726257324 -4.5363287925720215 38.40346145629883
vt 0.12077750265598297 0.8907673954963684
vn 0.9975247383117676 -0.06850677728652954 0.015852831304073334
v 7.47389030456543 6.3098883628845215 12.354820251464844
vt 0.047486528754234314 0.7575358152389526
vn -0.8588650226593018 -0.4623863697052002 -0.22034017741680145
v 7.47389030456543 5.716968059539795 10.657910346984863
vt 0.04356636852025986 0.7471420764923096
vn -0.9984468221664429 0.038672853261232376 -0.04010559991002083
v 9.950289726257324 -7.26191520690918 26.71504020690918
vt 0.04290483891963959 0.8907673954963684
vn 0.9168326258659363 -0.3942868411540985 0.06289409846067429
v 10.563289642333984 4.202611923217773 38.137351989746094
vt 0.13225460052490234 0.9402647614479065
vn 0.942000687122345 0.3333817720413208 -0.03861599415540695
v 9.950289726257324 -4.967700958251953 23.35628890991211
vt 0.021985989063978195 0.9074116349220276
vn 0.8401474356651306 -0.5060766935348511 0.19503523409366608
v 9.950289726257324 -5.2606940269470215 22.56463050842285
vt 0.017379319295287132 0.9090492725372314
vn 0.8405678272247314 -0.5080289244651794 0.18802136182785034
v 9.950289726257324 -3.0199952125549316 43.70448303222656
vt 0.1521662026643753 0.890767514705658
vn 0.996828556060791 -0.07799264043569565 0.015808692201972008
v 9.950289726257324 0.28837850689888 53.7894287109375
vt 0.21772439777851105 0.890767514705658
vn 0.994959831237793 -0.095570869743824 0.030348585918545723
v 9.950289726257324 -7.26191520690918 26.71504020690918
vt 0.04290483891963959 0.8907673954963684
vn -0.504477858543396 0.5711369514465332 -0.6475372910499573
v 9.950289726257324 5.157470226287842 22.326698303222656
vt 0.041436150670051575 0.9725801944732666
vn -0.7991670370101929 0.5983672142028809 0.05734744295477867
v 9.108926773071289 8.80458927154541 60.5064811706543
vt 0.28085950016975403 0.9204056859016418
vn -0.9355717301368713 0.3522494435310364 0.025014646351337433
v 9.950289726257324 4.564940929412842 33.03416061401367
vt 0.10241170227527618 0.9512842893600464
vn -0.793952465057373 0.6078933477401733 -0.010259808972477913
v 9.950289726257324 4.607495307922363 28.977251052856445
vt 0.07876604795455933 0.9577379822731018
vn -0.7971347570419312 0.602687656879425 0.0366550087928772
v 10.89463996887207 -3.179931879043579 20.058849334716797
vt 0.011982100084424019 0.9281221628189087
vn 0.9892950057983398 -0.1355387419462204 0.05408008024096489
v 9.337285995483398 4.202611923217773 38.137351989746094
vt 0.13225460052490234 0.9402647614479065
vn -0.9420005679130554 0.33338212966918945 -0.038615789264440536
v 9.950289726257324 -4.5363287925720215 38.40346145629883
vt 0.12077750265598297 0.8907673954963684
vn -0.9975247383117676 -0.06850701570510864 0.015852680429816246
v 9.950289726257324 6.6373772621154785 47.3148307800293
vt 0.19217219948768616 0.9399340152740479
vn 1.4079681420753332e-07 0.9564590454101562 -0.29186683893203735
v 12.468160629272461 7.141528129577637 16.001850128173828
vt 0.04287565127015114 0.7936509847640991
vn 0.7173282504081726 0.6967353820800781 -0.0
v 10.767040252685547 -2.7216310501098633 22.897789001464844
vt 0.029005110263824463 0.9233002662658691
vn 0.8981285095214844 -0.39469271898269653 0.19386306405067444
v 9.950289726257324 5.4444580078125 20.02254867553711
vt 0.028628619387745857 0.9786509275436401
vn 0.8216125965118408 0.5656751394271851 0.0704563707113266
v 10.761119842529297 -2.6463379859924316 23.77618980407715
vt 0.03456772863864899 0.922150731086731
vn 0.8032699227333069 -0.5954698920249939 0.013152176514267921
v 10.667259216308594 6.033788681030273 47.520790100097656
vt 0.1921951025724411 0.9340329766273499
vn 0.9632553458213806 0.25525397062301636 -0.0835733413696289
v 10.592939376831055 4.333739757537842 22.326698303222656
vt 0.039390929043293 0.966482400894165
vn 0.9654390811920166 0.2589210569858551 0.029786383733153343
v 10.21426010131836 -6.482716083526611 27.751888275146484
vt 0.049522221088409424 0.8948171138763428
vn 0.8271249532699585 0.09253361076116562 -0.5543481707572937
v 9.950289726257324 4.564940929412842 33.03416061401367
vt 0.10241170227527618 0.9512842893600464
vn 0.7939523458480835 0.6078932881355286 -0.010259808972477913
v 9.950289726257324 2.633373975753784 59.645809173583984
vt 0.25625890493392944 0.890767514705658
vn 0.9915322661399841 -0.1267685890197754 0.028165539726614952
v 10.79164981842041 8.80458927154541 60.5064811706543
vt 0.28085950016975403 0.9204056859016418
vn 0.9355718493461609 0.3522489666938782 0.025014575570821762
v 10.555280685424805 -4.0783209800720215 27.61501121520996
vt 0.052173249423503876 0.907883882522583
vn 0.9033982157707214 -0.27810409665107727 -0.3263888955116272
v 10.51388931274414 10.638519287109375 69.9892349243164
vt 0.3366650938987732 0.9065130352973938
vn 0.9612064361572266 0.2758273482322693 -0.0012642760993912816
v 10.589839935302734 3.7412352561950684 33.030399322509766
vt 0.10075590014457703 0.9450824856758118
vn 0.9750193953514099 0.22194042801856995 0.008927328512072563
v 9.778141975402832 -4.706006050109863 23.29376983642578
vt 0.02293943054974079 0.9091660976409912
vn -0.8945610523223877 0.040909916162490845 0.44506967067718506
v 8.470224380493164 9.603931427001953 7.458493232727051
vt 0.10115980356931686 0.8121178150177002
vn -0.9637471437454224 -0.041827764362096786 -0.2635178565979004
v 10.122440338134766 -4.706006050109863 23.29376983642578
vt 0.02293943054974079 0.9091660976409912
vn 0.8945597410202026 0.04091084003448486 0.44507208466529846
v 9.950289726257324 0.28837850689888 53.7894287109375
vt 0.21772439777851105 0.890767514705658
vn -0.994959831237793 -0.0955711081624031 0.03034866973757744
v 10.504289627075195 -5.303515911102295 28.303220748901367
vt 0.05474529042840004 0.9013053178787231
vn 0.9661434292793274 -0.1671876758337021 -0.19650773704051971
v 9.950289726257324 10.207469940185547 57.08753204345703
vt 0.25903770327568054 0.9387125372886658
vn -3.439274678385118e-07 0.9954821467399597 -0.09494822472333908
v 9.950289726257324 5.513856887817383 66.57158660888672
vt 0.30927711725234985 0.8907675743103027
vn 0.9841815829277039 -0.16391921043395996 0.06720917671918869
v 9.950289726257324 -3.1615238189697266 23.022659301757812
vt 0.02901352010667324 0.9178215265274048
vn 0.02684309147298336 -0.9141422510147095 0.4045039117336273
v 10.705970764160156 9.022958755493164 63.804298400878906
vt 0.29616299271583557 0.9163105487823486
vn 0.9139984250068665 0.40527671575546265 -0.01891365461051464
v 9.950289726257324 -5.858179092407227 32.988460540771484
vt 0.085463747382164 0.8907673954963684
vn 0.9867706298828125 -0.14729808270931244 0.06772778928279877
v 10.61967945098877 9.420586585998535 66.42430877685547
vt 0.31146639585494995 0.9122154116630554
vn 0.9585520029067993 0.2804637551307678 -0.05018142610788345
v 10.812150001525879 -2.3296871185302734 8.680940628051758
vt 0.29250699281692505 0.8797596096992493
vn 0.3765977621078491 -0.9253621697425842 -0.04334858059883118
v 10.696969985961914 -2.959789991378784 25.30360984802246
vt 0.0426405593752861 0.9180962443351746
vn 0.8742241859436035 -0.4764675199985504 -0.0933304876089096
v 10.563299179077148 3.783812999725342 28.977251052856445
vt 0.07691420614719391 0.9516902565956116
vn 0.9622328877449036 0.2710849344730377 0.024915451183915138
v 10.3797607421875 -5.274364948272705 19.915550231933594
vt 0.004600213840603828 0.9183118343353271
vn 0.8972304463386536 -0.4367852210998535 0.06477880477905273
v 10.346050262451172 -5.183203220367432 21.40727996826172
vt 0.01255027949810028 0.9141795635223389
vn 0.8038370609283447 -0.5876567363739014 0.0922250747680664
v 9.950289726257324 7.510325908660889 70.83561706542969
vt 0.3342925012111664 0.8907675743103027
vn -0.9840548038482666 -0.15867532789707184 0.0803629457950592
v 9.950289726257324 4.870654106140137 37.92609786987305
vt 0.1322726011276245 0.9459730386734009
vn -0.760700523853302 0.6464607119560242 -0.058508314192295074
v 9.950289726257324 -3.4790289402008057 22.671289443969727
vt 0.02669866941869259 0.916987419128418
vn -3.9093549730750965e-08 -0.41907355189323425 0.9079523086547852
v 9.288263320922852 4.8785400390625 43.00739669799805
vt 0.1626473069190979 0.9357293248176575
vn -0.9328374266624451 0.3508664071559906 -0.0818963572382927
v 9.13944149017334 9.383788108825684 56.987648010253906
vt 0.256263792514801 0.9321293830871582
vn -0.8746065497398376 0.4820695221424103 -0.05169372260570526
v 10.718799591064453 7.52858829498291 51.94919204711914
vt 0.2219610959291458 0.9333474040031433
vn 0.932580828666687 0.3388645052909851 -0.12435314804315567
v 9.950289726257324 11.266820907592773 69.86173248291016
vt 0.33852681517601013 0.9114260673522949
vn 0.7415308356285095 0.6704197525978088 0.025869185104966164
v 9.950289726257324 -3.4029297828674316 25.175090789794922
vt 0.03985556960105896 0.9136053919792175
vn -1.4801697716393392e-06 -0.9576880931854248 -0.2878081500530243
v 9.950289726257324 -3.093506097793579 23.751049041748047
vt 0.032895058393478394 0.916870653629303
vn 0.025731436908245087 -0.9955480098724365 -0.09067479521036148
v 9.950289726257324 8.202049255371094 51.80316162109375
vt 0.22256220877170563 0.9396674633026123
vn 2.665733234152867e-07 0.938469409942627 -0.3453623056411743
v 9.950289726257324 5.459496974945068 42.73088836669922
vt 0.16215209662914276 0.9414007067680359
vn -5.066487460680946e-07 0.9847527742385864 -0.17395947873592377
v 9.950289726257324 -3.0199952125549316 43.70448303222656
vt 0.1521662026643753 0.890767514705658
vn -0.996828556060791 -0.07799243181943893 0.01580909825861454
v 9.950289726257324 -1.3902099132537842 48.787132263183594
vt 0.18582820892333984 0.890767514705658
vn -0.9957920908927917 -0.08874952793121338 0.02284073829650879
v 9.950289726257324 11.266820907592773 69.86173248291016
vt 0.33852681517601013 0.9114260673522949
vn -0.21713142096996307 0.9490965008735657 -0.22818826138973236
v 9.950289726257324 -4.792823314666748 23.792619705200195
vt 0.024525750428438187 0.9062213897705078
vn -0.9277834892272949 0.14227473735809326 0.3449285626411438
v 9.950289726257324 9.523233413696289 60.66944122314453
vt 0.28449490666389465 0.9262877702713013
vn 1.9202070689061657e-07 0.9982475638389587 0.05917508900165558
v 9.950289726257324 -5.4886474609375 21.44715118408203
vt 0.011143550276756287 0.9114404916763306
vn 1.124327127399738e-06 -0.986505389213562 0.163728728890419
v 9.950289726257324 -4.572046279907227 23.313251495361328
vt 0.024258960038423538 0.9094246029853821
vn -3.2374621241615387e-06 0.8637421131134033 0.5039339065551758
v 9.950289726257324 -5.559863090515137 19.97534942626953
vt 0.0032533728517591953 0.9154930114746094
vn 3.6806245162779305e-08 -0.9980396628379822 0.0625837966799736
v 9.950289726257324 -3.9072511196136475 26.55967903137207
vt 0.045529261231422424 0.9091320633888245
vn -1.523345531495579e-06 -0.8923561573028564 -0.45133188366889954
v 9.950289726257324 -4.388111114501953 27.281648635864258
vt 0.0479949489235878 0.9056218266487122
vn 1.638206867937697e-07 -0.7339966893196106 -0.6791530251502991
v 9.950289726257324 10.04518985748291 66.04019927978516
vt 0.31126609444618225 0.9184552431106567
vn 2.505626071069855e-07 0.9814395308494568 -0.19177083671092987
v 9.950289726257324 -5.2606940269470215 22.56463050842285
vt 0.017379319295287132 0.9090492725372314
vn -0.236436128616333 -0.9154040813446045 0.32578110694885254
v 9.950289726257324 -5.396728992462158 27.81245994567871
vt 0.050303369760513306 0.9002461433410645
vn 1.4280454934123554e-06 -0.1438450664281845 -0.9896001815795898
v 9.181777954101562 7.52858829498291 51.94919204711914
vt 0.2219610959291458 0.9333474040031433
vn -0.9325807690620422 0.3388650417327881 -0.12435315549373627
v 9.950289726257324 5.157470226287842 22.326698303222656
vt 0.041436150670051575 0.9725801944732666
vn 0.7991666793823242 0.5983677506446838 0.057347021996974945
v 10.517439842224121 4.620703220367432 20.02254867553711
vt 0.02660324051976204 0.9728455543518066
vn 0.904187798500061 0.4258778989315033 0.0327497236430645
v 9.950289726257324 4.607495307922363 28.977251052856445
vt 0.07876604795455933 0.9577379822731018
vn 0.7971343398094177 0.6026882529258728 0.03665513917803764
v 10.761138916015625 9.383788108825684 56.987648010253906
vt 0.256263792514801 0.9321293830871582
vn 0.874606728553772 0.48206937313079834 -0.05169356241822243
v 9.950289726257324 7.510325908660889 70.83561706542969
vt 0.3342925012111664 0.8907675743103027
vn 0.9840548038482666 -0.15867573022842407 0.0803627148270607
v 9.950289726257324 10.97404956817627 77.44911193847656
vt 0.3755066990852356 0.8907675743103027
vn 0.956551730632782 0.28544148802757263 0.05942973867058754
v 12.298929214477539 5.530102252960205 8.282491683959961
vt 0.005961226765066385 0.7351051568984985
vn 0.6847417950630188 0.5488661527633667 -0.4794521629810333
v 7.384550094604492 7.353930950164795 12.287099838256836
vt 0.06808468699455261 0.8243371844291687
vn -0.6727181673049927 0.7198415994644165 0.1711091697216034
v 8.89399242401123 11.028779983520508 5.682508945465088
vt 0.11453679949045181 0.8063802719116211
vn -0.7055186629295349 -0.11109858006238937 -0.6999289393424988
v 8.89399242401123 11.028779983520508 5.682508945465088
vt 0.11453679949045181 0.8063802719116211
vn -0.0834655612707138 0.786902904510498 0.6114059090614319
v 7.47389030456543 5.716968059539795 16.107059478759766
vt 0.04333088919520378 0.8336414098739624
vn -0.9998940229415894 -0.01456031296402216 -0.0
v 8.470224380493164 9.603931427001953 7.458493232727051
vt 0.10115980356931686 0.8121178150177002
vn -0.5839603543281555 0.725081205368042 0.3650306463241577
v 11.430319786071777 8.44265079498291 7.246747970581055
vt 0.011324389837682247 0.7632864117622375
vn 0.6552547216415405 -0.451355516910553 -0.6057387590408325
v 7.47389030456543 6.3098883628845215 12.354820251464844
vt 0.0673353374004364 0.8320555090904236
vn -0.8588650226593018 -0.4623863697052002 -0.22034017741680145
v 7.47389030456543 6.66367244720459 11.607179641723633
vt 0.07249686121940613 0.83061683177948
vn -0.7739568948745728 -0.598252534866333 -0.20756828784942627
v 8.89399242401123 11.028779983520508 5.682508945465088
vt 0.027170080691576004 0.7829005718231201
vn -0.7055186629295349 -0.11109858006238937 -0.6999289393424988
v 9.950273513793945 11.414430618286133 5.33035945892334
vt 0.02046724036335945 0.7857463955879211
vn 3.3674672295092023e-07 -0.21322785317897797 -0.9770024418830872
v 8.89399242401123 9.79150390625 5.878899574279785
vt 0.026996629312634468 0.7751606106758118
vn -0.5493132472038269 -0.2954182028770447 -0.7816540598869324
v 7.462772369384766 6.937060832977295 9.623884201049805
vt 0.08479920774698257 0.8279197216033936
vn -0.8788472414016724 -0.38372573256492615 -0.28351715207099915
v 12.171199798583984 6.709374904632568 9.514833450317383
vt 0.006749017629772425 0.7456451058387756
vn 0.8159253597259521 0.29368942975997925 -0.4980083107948303
v 12.426660537719727 4.350757122039795 7.050151824951172
vt 0.005171580705791712 0.7245641946792603
vn 0.6019184589385986 0.024047743529081345 -0.7981954216957092
v 7.47389030456543 6.66367244720459 11.607179641723633
vt 0.042844559997320175 0.7553957104682922
vn -0.7739568948745728 -0.598252534866333 -0.20756828784942627
v 7.47389030456543 4.40647029876709 9.442828178405762
vt 0.044949911534786224 0.7361862659454346
vn -0.9984624981880188 0.04629715159535408 -0.030482832342386246
v 7.47389030456543 4.350757122039795 7.050151824951172
vt 0.03577839955687523 0.7245646715164185
vn -0.605299174785614 0.3343881368637085 -0.7223554253578186
v 7.601616859436035 5.530102252960205 8.282491683959961
vt 0.034992899745702744 0.7351070046424866
vn -0.684742271900177 0.5488700270652771 -0.47944700717926025
v 9.950289726257324 -4.792823314666748 23.792619705200195
vt 0.024525750428438187 0.9062213897705078
vn 0.9277819991111755 0.14227455854415894 0.3449324071407318
v 9.950289726257324 4.870654106140137 37.92609786987305
vt 0.1322726011276245 0.9459730386734009
vn 0.7607015371322632 0.6464595198631287 -0.05850803852081299
v 9.950289726257324 -1.3902099132537842 48.787132263183594
vt 0.18582820892333984 0.890767514705658
vn 0.9957920908927917 -0.08874945342540741 0.022841118276119232
v 9.383137702941895 4.620703220367432 20.02254867553711
vt 0.02660324051976204 0.9728455543518066
vn -0.904187798500061 0.4258776903152466 0.03275081515312195
v 9.950289726257324 5.4444580078125 20.02254867553711
vt 0.028628619387745857 0.9786509275436401
vn -0.8216118216514587 0.5656763911247253 0.07045654207468033
v 10.595879554748535 -3.50656795501709 26.781658172607422
vt 0.04912152141332626 0.9125471711158752
vn 0.7957168817520142 -0.5526197552680969 -0.24788297712802887
v 10.668220520019531 -3.263427972793579 22.419719696044922
vt 0.024837840348482132 0.9215335845947266
vn 0.7178853750228882 -0.456139475107193 0.5259062647819519
v 9.950289726257324 -6.980371952056885 28.480051040649414
vt 0.05328492820262909 0.8907673954963684
vn 0.9383615851402283 -0.3329489529132843 0.09285718947649002
v 9.950289726257324 10.97404956817627 77.44911193847656
vt 0.3755066990852356 0.8907675743103027
vn -0.9565519094467163 0.2854407727718353 0.059429485350847244
v -8.757406234741211 9.69687557220459 5.6557297706604
vt 0.426053911447525 0.9629462361335754
vn 0.7073814868927002 0.45181214809417725 0.5435781478881836
v 9.950289726257324 -4.967700958251953 23.35628890991211
vt 0.021985989063978195 0.9074116349220276
vn -0.840150773525238 -0.5060717463493347 0.19503334164619446
v 9.950289726257324 -3.8655519485473633 22.56433868408203
vt 0.02527586929500103 0.915448009967804
vn 1.336317495770345e-06 0.32431378960609436 0.9459496140480042
v 9.307641983032227 4.333739757537842 22.326698303222656
vt 0.039390929043293 0.966482400894165
vn -0.9654390811920166 0.2589209973812103 0.02978745847940445
v 9.233318328857422 6.033788681030273 47.520790100097656
vt 0.1921951025724411 0.9340329766273499
vn -0.9632551074028015 0.2552541196346283 -0.0835738256573677
v 9.950289726257324 9.689525604248047 63.802528381347656
vt 0.29788050055503845 0.9223715662956238
vn -4.1662730154712335e-07 0.9944454431533813 -0.10525333136320114
v 9.950289726257324 -4.248536109924316 22.862159729003906
vt 0.02456587925553322 0.9127708673477173
vn -1.2266382043435442e-07 0.7293204069137573 0.6841722726821899
v 9.131607055664062 -2.79978084564209 22.90411949157715
vt 0.029005110263824463 0.9233002662658691
vn -0.8815426826477051 -0.433540016412735 0.186883807182312
v 9.137595176696777 -2.7236568927764893 23.79224967956543
vt 0.03456772863864899 0.922150731086731
vn -0.7725762724876404 -0.6345049142837524 0.02300454117357731
v 9.950289726257324 -6.438599109649658 27.666229248046875
vt 0.04806344956159592 0.8957751989364624
vn 1.8248423430122784e-06 0.47830548882484436 -0.8781936168670654
v 9.310739517211914 3.7412352561950684 33.030399322509766
vt 0.10075590014457703 0.9450824856758118
vn -0.9750193357467651 0.22194060683250427 0.00892733596265316
v 9.3372802734375 3.783812999725342 28.977251052856445
vt 0.07691420614719391 0.9516902565956116
vn -0.9622328281402588 0.2710850238800049 0.024914149194955826
v 9.345295906066895 -4.0783209800720215 27.61501121520996
vt 0.052173249423503876 0.907883882522583
vn -0.9033975005149841 -0.2781038284301758 -0.32639145851135254
v 10.804349899291992 -1.9591798782348633 0.4527091979980469
vt 0.34346431493759155 0.877051830291748
vn 0.5506272315979004 -0.834735631942749 0.005111516918987036
v 11.17966079711914 -1.893530011177063 8.678197860717773
vt 0.2925069034099579 0.8761965036392212
vn 0.9376847147941589 -0.347133070230484 -0.01568329893052578
v 11.226739883422852 -3.0052490234375 -7.7056450843811035
vt 0.3971075117588043 0.8838468194007874
vn 0.9614250063896179 -0.2314358502626419 0.148657888174057
v 11.17966079711914 2.166918992996216 -4.468348026275635
vt 0.3736810088157654 0.8505284786224365
vn 0.96002596616745 0.27956268191337585 0.013953002169728279
v 10.839420318603516 2.5685300827026367 -4.468348026275635
vt 0.3734894096851349 0.8472672700881958
vn 0.5020202994346619 0.8641393184661865 0.03519930690526962
v 11.17966079711914 -1.5294430255889893 0.4457198977470398
vt 0.34352099895477295 0.8735116124153137
vn 0.9599762558937073 -0.28004398941993713 0.004598309751600027
v 10.912849426269531 3.0984129905700684 -9.388690948486328
vt 0.40415751934051514 0.8417850732803345
vn 0.6120076775550842 0.7696601748466492 -0.18185126781463623
v 10.574239730834961 -4.026758193969727 -5.822160720825195
vt 0.38808169960975647 0.8941680788993835
vn 0.5752010345458984 0.2624149024486542 0.7747786641120911
v 10.912849426269531 3.0984129905700684 -9.388690948486328
vt 0.40415751934051514 0.8417850732803345
vn 0.567905068397522 -0.24732966721057892 -0.7850552201271057
v 11.093389511108398 3.004639148712158 -13.721770286560059
vt 0.43250250816345215 0.8423703908920288
vn 0.8239997029304504 0.36419060826301575 0.4340388774871826
v 10.934920310974121 2.8758790493011475 -8.202302932739258
vt 0.3964743912220001 0.8436439037322998
vn 0.25311389565467834 0.8293406367301941 0.49812400341033936
v 10.835429191589355 4.173047065734863 -13.499319076538086
vt 0.4314992129802704 0.8350505828857422
vn 0.9619735479354858 -0.17879332602024078 0.20649467408657074
v 11.6141996383667 0.3328368663787842 -7.855484962463379
vt 0.39622050523757935 0.8607578277587891
vn 0.9303743243217468 -0.2598143219947815 0.2586504817008972
v 11.179649353027344 2.0324950218200684 -11.486209869384766
vt 0.41917499899864197 0.847684919834137
vn 0.6802472472190857 0.58075350522995 -0.44720137119293213
v 10.923450469970703 4.013354301452637 -14.002289772033691
vt 0.43422359228134155 0.8365815877914429
vn 0.7735464572906494 -0.1345289647579193 0.6192961931228638
v 11.53285026550293 1.146582007408142 -7.510180950164795
vt 0.39401599764823914 0.8558328151702881
vn 0.6918125748634338 0.07372292131185532 0.7183037400245667
v 11.70698070526123 1.083886981010437 -8.219964981079102
vt 0.3984560966491699 0.8557050824165344
vn 0.9676439762115479 0.1752147376537323 0.18156249821186066
v 10.66489028930664 4.997655868530273 -13.657999992370605
vt 0.43340620398521423 0.8289034962654114
vn 0.6152598261833191 0.6907128095626831 0.37996214628219604
v 11.07190990447998 4.438500881195068 -13.538019180297852
vt 0.4327591061592102 0.8331767320632935
vn 0.9011910557746887 -0.17971785366535187 0.3944060206413269
v 11.175169944763184 2.3110108375549316 -8.950860977172852
vt 0.4025641977787018 0.8471693992614746
vn 0.9313740730285645 -0.013162998482584953 -0.3638257086277008
v 11.203960418701172 1.6407960653305054 -8.6851806640625
vt 0.4015507102012634 0.851183295249939
vn 0.7496224641799927 0.5073866248130798 0.4249999523162842
v 11.17966079711914 0.7009766101837158 -9.05446720123291
vt 0.40375709533691406 0.8604552745819092
vn 0.8754925727844238 -0.43800967931747437 -0.20410878956317902
v 11.730170249938965 1.5168700218200684 -8.778697967529297
vt 0.4027926027774811 0.8537523746490479
vn 0.6756957173347473 0.5625200271606445 0.476452112197876
v 11.490559577941895 1.9215821027755737 -7.768418312072754
vt 0.3945696949958801 0.8508204221725464
vn 0.7333509922027588 0.27048563957214355 0.6237258911132812
v 11.434530258178711 4.200316905975342 -14.300459861755371
vt 0.4377666115760803 0.8359389901161194
vn 0.906517744064331 0.181616872549057 0.3811047673225403
v 11.541799545288086 4.644360065460205 -16.245439529418945
vt 0.4498785138130188 0.8348034620285034
vn 0.8373401761054993 -0.04972608759999275 -0.5444159507751465
v 11.862659454345703 1.107226014137268 -8.884820938110352
vt 0.4028502106666565 0.8560891151428223
vn 0.9289326071739197 -0.3668646514415741 -0.04994518309831619
v 11.17966079711914 0.5195311903953552 -8.705245018005371
vt 0.40167051553726196 0.8614057898521423
vn 0.8174756765365601 -0.42672812938690186 -0.38682883977890015
v 11.175729751586914 1.6808841228485107 -8.565627098083496
vt 0.400899201631546 0.8510792851448059
vn 0.8280701637268066 -0.21506229043006897 -0.5177334547042847
v 9.194610595703125 9.022958755493164 63.804298400878906
vt 0.29616299271583557 0.9163105487823486
vn -0.9139983654022217 0.40527668595314026 -0.018913693726062775
v 9.950289726257324 2.633373975753784 59.645809173583984
vt 0.25625890493392944 0.890767514705658
vn -0.9915323257446289 -0.12676867842674255 0.028165649622678757
v 9.38669204711914 10.638519287109375 69.9892349243164
vt 0.3366650938987732 0.9065130352973938
vn -0.9612064361572266 0.27582675218582153 -0.0012637781910598278
v 11.789449691772461 0.808422863483429 -8.48017692565918
vt 0.3999932110309601 0.8575918674468994
vn 0.8529801368713379 -0.4773436188697815 -0.21111106872558594
v 9.950289726257324 5.513856887817383 66.57158660888672
vt 0.30927711725234985 0.8907675743103027
vn -0.9841815233230591 -0.16391941905021667 0.06720886379480362
v 9.280898094177246 9.420586585998535 66.42430877685547
vt 0.31146639585494995 0.9122154116630554
vn -0.9585519433021545 0.2804638147354126 -0.05018141120672226
v -8.757406234741211 5.64990234375 5.171167373657227
vt 0.4466336965560913 0.9760309457778931
vn 0.6172105669975281 -0.583488404750824 -0.5278185606002808
v -8.757406234741211 9.3223876953125 5.366635322570801
vt 0.42876189947128296 0.9634544849395752
vn 0.8115752339363098 -0.41462868452072144 -0.4116172194480896
v -8.757406234741211 6.584716796875 5.539671897888184
vt 0.44156700372695923 0.9752076864242554
vn 0.922483503818512 0.2889629602432251 0.2559776306152344
v -8.757406234741211 11.250829696655273 4.435696125030518
vt 0.4269865155220032 0.9507039785385132
vn 0.8310394883155823 0.3132576048374176 0.45961177349090576
v 9.203614234924316 -2.959789991378784 25.30360984802246
vt 0.0426405593752861 0.9180962443351746
vn -0.8686310648918152 -0.4876899719238281 -0.08739858120679855
v 10.627440452575684 -3.8733890056610107 -7.8603129386901855
vt 0.39992019534111023 0.8905134201049805
vn 0.6605262160301208 -0.720404863357544 -0.21147549152374268
v 9.304703712463379 -3.50656795501709 26.781658172607422
vt 0.04912152141332626 0.9125471711158752
vn -0.7957175970077515 -0.5526180267333984 -0.24788467586040497
v 9.950289726257324 -5.858179092407227 32.988460540771484
vt 0.085463747382164 0.8907673954963684
vn -0.9867704510688782 -0.14729848504066467 0.06772804260253906
v 11.17966079711914 -2.127808094024658 -7.306365489959717
vt 0.3927367925643921 0.8785406947135925
vn 0.9753060340881348 -0.1897636502981186 0.11299459636211395
v 10.811559677124023 -2.287769079208374 -6.810216903686523
vt 0.38922029733657837 0.880915105342865
vn 0.804702877998352 0.10446230322122574 0.5844149589538574
v 11.436680793762207 0.3719237744808197 -7.60590124130249
vt 0.39446821808815 0.8607800006866455
vn 0.5228259563446045 -0.24836325645446777 0.8154560327529907
v 11.179649353027344 1.792383074760437 -12.178230285644531
vt 0.4233039915561676 0.849078893661499
vn 0.7610936760902405 0.6409052610397339 0.09988375753164291
v 10.492149353027344 8.143213272094727 -17.3831787109375
vt 0.46020931005477905 0.8142572045326233
vn 0.4444316029548645 -0.22287654876708984 -0.8676443099975586
v 11.20897102355957 1.3344240188598633 -8.40919303894043
vt 0.40018099546432495 0.8528109192848206
vn 0.6918386816978455 -0.16890501976013184 -0.7020188570022583
v 11.17966079711914 1.121948003768921 -7.400322914123535
vt 0.3918495178222656 0.8560783863067627
vn 0.8130647540092468 -0.0036194680724292994 0.5821621417999268
v 11.17966079711914 0.32426759600639343 -7.5212931632995605
vt 0.39309149980545044 0.8615484833717346
vn 0.892013430595398 -0.1188361793756485 0.4361075460910797
v 10.811559677124023 -2.287769079208374 -6.810216903686523
vt 0.38922029733657837 0.880915105342865
vn 0.4343745708465576 -0.8993179798126221 0.05045606568455696
v 10.860400199890137 3.2245121002197266 8.641550064086914
vt 0.29250699281692505 0.843709409236908
vn 0.5048109292984009 0.8577526807785034 -0.09708862751722336
v 11.20897102355957 1.3344240188598633 -8.40919303894043
vt 0.40018099546432495 0.8528109192848206
vn 0.22016137838363647 0.7149817943572998 0.6635736227035522
v 11.17966079711914 2.7490971088409424 8.644095420837402
vt 0.2925069034099579 0.8472862839698792
vn 0.9217530488967896 0.38559818267822266 -0.04104998707771301
v 11.17966079711914 0.09819335490465164 -8.362656593322754
vt 0.3994916081428528 0.863725483417511
vn 0.8805775046348572 -0.29899176955223083 -0.36767786741256714
v 11.17966079711914 -0.6589599847793579 -4.468348026275635
vt 0.37432190775871277 0.868128776550293
vn 0.9999999403953552 0.0 -0.0
v 10.751429557800293 4.487354278564453 -12.70248031616211
vt 0.4272252023220062 0.832277774810791
vn 0.7102096080780029 0.540255606174469 0.4513603746891022
v 11.142129898071289 2.24997615814209 -13.06447982788086
vt 0.42849621176719666 0.8465734720230103
vn 0.8261964917182922 0.46428200602531433 0.3191263675689697
v 10.82394027709961 2.720996141433716 -8.075126647949219
vt 0.39507749676704407 0.8437497019767761
vn 0.24038784205913544 0.864477276802063 0.44146662950515747
v 9.550025939941406 -4.337451934814453 22.737930297851562
vt 0.02207900956273079 0.9136511087417603
vn -0.6976357698440552 0.3396055996417999 0.6308504343032837
v 11.416779518127441 2.445312023162842 -7.958859920501709
vt 0.39539241790771484 0.8475385904312134
vn 0.6152279376983643 0.5575739145278931 0.5573204159736633
v 11.966839790344238 1.4278318881988525 -9.737849235534668
vt 0.4081847071647644 0.8540371656417847
vn 0.9412100315093994 -0.3342733085155487 0.0488361120223999
v 11.966839790344238 0.9776855111122131 -12.037149429321289
vt 0.42247381806373596 0.8564590215682983
vn 0.9976669549942017 0.053985994309186935 -0.041786566376686096
v 11.17966079711914 0.4524657726287842 -11.071168899536133
vt 0.4157240092754364 0.8609347939491272
vn 0.849821150302887 -0.3546425998210907 0.38991355895996094
v 11.524959564208984 2.451464891433716 -11.14663028717041
vt 0.41616061329841614 0.8472682237625122
vn 0.6458237767219543 0.6930381655693054 -0.32032740116119385
v 11.521650314331055 0.24348139762878418 -8.189886093139648
vt 0.3980422019958496 0.8616505861282349
vn 0.7086955308914185 -0.5362731218338013 -0.4584340453147888
v 11.17966079711914 2.356567144393921 -7.811820030212402
vt 0.3937571942806244 0.847374677658081
vn 0.6754868626594543 0.5461783409118652 0.4953853189945221
v 11.17966079711914 -1.9087399244308472 -4.468348026275635
vt 0.3742031157016754 0.875791072845459
vn 0.813882052898407 -0.5799444317817688 0.03550108149647713
v 11.687959671020508 1.8049800395965576 -8.387510299682617
vt 0.3980289101600647 0.8509258031845093
vn 0.8921055793762207 -0.07566210627555847 -0.4454466700553894
v 11.568540573120117 2.417065143585205 -8.699710845947266
vt 0.39974841475486755 0.8472691774368286
vn 0.8747307658195496 0.1776607185602188 -0.4508688151836395
v 9.624364852905273 -4.970458984375 22.475339889526367
vt 0.01838614046573639 0.9116027355194092
vn -0.8502179384231567 -0.48138707876205444 0.21306344866752625
v 9.68631649017334 -6.482716083526611 27.751888275146484
vt 0.049522221088409424 0.8948171138763428
vn -0.8271241784095764 0.09253331273794174 -0.5543494820594788
v 9.232362747192383 -3.263427972793579 22.419719696044922
vt 0.024837840348482132 0.9215335845947266
vn -0.7072259187698364 -0.481836199760437 0.5173637866973877
v 10.751429557800293 4.487354278564453 -12.70248031616211
vt 0.4272252023220062 0.832277774810791
vn 0.7308868169784546 -0.6050838232040405 0.31571802496910095
v 9.376025199890137 -3.830738067626953 22.35862922668457
vt 0.022576870396733284 0.9181420207023621
vn -0.87249755859375 -0.1444268822669983 0.46678563952445984
v 9.396286964416504 -5.303515911102295 28.303220748901367
vt 0.05474529042840004 0.9013053178787231
vn -0.9661433696746826 -0.1671881377696991 -0.196507528424263
v 9.005939483642578 -3.179931879043579 20.058849334716797
vt 0.011982100084424019 0.9281221628189087
vn -0.9880943298339844 -0.14420393109321594 0.05361674726009369
v 9.950289726257324 -6.980371952056885 28.480051040649414
vt 0.05328492820262909 0.8907673954963684
vn -0.9383607506752014 -0.3329508900642395 0.09285851567983627
v 9.520825386047363 -5.274364948272705 19.915550231933594
vt 0.004600213840603828 0.9183118343353271
vn -0.8972319960594177 -0.4367828071117401 0.06477349996566772
v 11.773699760437012 2.045483112335205 -9.586256980895996
vt 0.40737760066986084 0.850396990776062
vn 0.7017765641212463 0.6569526195526123 0.27554088830947876
v 9.554523468017578 -5.183203220367432 21.40727996826172
vt 0.01255027949810028 0.9141795635223389
vn -0.8038359880447388 -0.5876580476760864 0.0922260656952858
v 11.17966079711914 -0.519238293170929 -7.86051082611084
vt 0.39592498540878296 0.8673049807548523
vn 0.9627733826637268 -0.2513589859008789 0.09942832589149475
v 11.17966079711914 1.9071780443191528 -7.636796951293945
vt 0.3927431106567383 0.8505555987358093
vn 0.7248416543006897 0.22630427777767181 0.6506848335266113
v 10.809240341186523 -2.181812047958374 -4.468348026275635
vt 0.37399691343307495 0.8785598874092102
vn 0.3279137909412384 -0.9435548782348633 0.04665561020374298
v 10.860769271850586 2.358276128768921 0.5062515139579773
vt 0.3429949879646301 0.8487793803215027
vn 0.6586996912956238 0.7520783543586731 -0.022200029343366623
v 11.17966079711914 1.883862018585205 0.5201958417892456
vt 0.342932790517807 0.8523375988006592
vn 0.9862850308418274 0.16500036418437958 -0.004074813798069954
v 11.17966079711914 1.1601810455322266 -4.468348026275635
vt 0.37393349409103394 0.8567752838134766
vn 0.9999999403953552 0.0 -0.0
v 11.966839790344238 1.486279010772705 -10.797439575195312
vt 0.4146539866924286 0.8535240888595581
vn 0.9939404129981995 -0.09931095689535141 0.04711427912116051
v 11.690730094909668 1.8744869232177734 -11.342229843139648
vt 0.417872816324234 0.8506463766098022
vn 0.7548409104347229 0.5276798009872437 -0.3895758092403412
v 9.096297264099121 2.946045160293579 -9.55148696899414
vt 0.4057658910751343 0.8418722152709961
vn -0.840672492980957 0.4653906524181366 -0.276914119720459
v 7.933714866638184 -1.5304930210113525 -11.564279556274414
vt 0.42085719108581543 0.8721274137496948
vn -0.9430764317512512 0.1251058131456375 0.30814820528030396
v 8.720897674560547 -1.199218988418579 -10.827690124511719
vt 0.41459470987319946 0.8703234195709229
vn -0.9340133666992188 0.20943495631217957 0.28940659761428833
v 9.339744567871094 5.789111137390137 -14.797710418701172
vt 0.4410580098628998 0.8244212865829468
vn -0.45638176798820496 0.7152052521705627 0.5293363332748413
v 8.696988105773926 5.458276271820068 -15.283989906311035
vt 0.4445599913597107 0.8286656141281128
vn -0.8307592868804932 0.4656077027320862 0.3050384819507599
v 8.036901473999023 -0.59423828125 -13.502420425415039
vt 0.43228721618652344 0.8658691048622131
vn -0.8460922241210938 -0.28786367177963257 -0.44862285256385803
v 9.51811408996582 -4.635936737060547 -6.469607830047607
vt 0.393350213766098 0.8974488973617554
vn -0.6009941697120667 -0.712385892868042 -0.36237043142318726
v 9.167940139770508 -4.405811309814453 -6.253573894500732
vt 0.39136409759521484 0.895423412322998
vn -0.9305051565170288 -0.36341333389282227 0.0457252562046051
v 9.122990608215332 -3.6669921875 -9.113198280334473
vt 0.4072064161300659 0.8881697058677673
vn -0.6908918619155884 -0.7215879559516907 0.04448924958705902
v 7.933714866638184 1.486279010772705 -10.797439575195312
vt 0.4146539866924286 0.8535240888595581
vn -0.9939404726028442 -0.09931010007858276 0.04711436852812767
v 8.720897674560547 0.5195311903953552 -8.705245018005371
vt 0.40167051553726196 0.8614057898521423
vn -0.8174762725830078 -0.4267274737358093 -0.3868285119533539
v 8.720897674560547 0.4524657726287842 -11.071168899536133
vt 0.4157240092754364 0.8609347939491272
vn -0.8498201966285706 -0.3546435236930847 0.38991475105285645
v 8.37890911102295 0.24348139762878418 -8.189886093139648
vt 0.3980422019958496 0.8616505861282349
vn -0.7086930274963379 -0.5362716913223267 -0.4584396481513977
v 8.11110782623291 0.808422863483429 -8.48017692565918
vt 0.3999932110309601 0.8575918674468994
vn -0.852975606918335 -0.4773501753807068 -0.21111510694026947
v 8.466026306152344 4.200316905975342 -14.300459861755371
vt 0.4377666115760803 0.8359389901161194
vn -0.9065176248550415 0.18161863088607788 0.3811042904853821
v 8.358749389648438 4.644360065460205 -16.245439529418945
vt 0.4498785138130188 0.8348034620285034
vn -0.8373414278030396 -0.04972461611032486 -0.5444141030311584
v 8.72482681274414 1.6808841228485107 -8.565627098083496
vt 0.400899201631546 0.8510792851448059
vn -0.8280785083770752 -0.21505789458751678 -0.517721951007843
v 8.987703323364258 3.0984129905700684 -9.388690948486328
vt 0.40415751934051514 0.8417850732803345
vn -0.6120087504386902 0.7696582078933716 -0.18185563385486603
v 9.950277328491211 3.0499508380889893 -8.480964660644531
vt 0.3972010016441345 0.8373768925666809
vn 5.335332886602373e-08 0.9180421233177185 0.3964826464653015
v 8.965629577636719 2.8758790493011475 -8.202302932739258
vt 0.3964743912220001 0.8436439037322998
vn -0.2531149983406067 0.8293406367301941 0.49812331795692444
v 9.950277328491211 3.6334962844848633 -11.01138973236084
vt 0.41411250829696655 0.8335075974464417
vn 5.200464556764928e-07 0.9285977482795715 0.3710879981517792
v 9.950277328491211 -4.183618068695068 -10.879940032958984
vt 0.42007991671562195 0.8931044936180115
vn 1.3835648360327468e-07 -0.9470092058181763 -0.32120659947395325
v 9.950277328491211 5.169361114501953 -13.529319763183594
vt 0.4312629997730255 0.8247665166854858
vn -2.917331016760727e-07 0.8563480377197266 0.5163991451263428
v 9.149129867553711 4.487354278564453 -12.70248031616211
vt 0.4272252023220062 0.832277774810791
vn -0.7102049589157104 0.5402624607086182 0.4513593316078186
v 9.408401489257812 8.143213272094727 -17.3831787109375
vt 0.46020931005477905 0.8142572045326233
vn -0.44442975521087646 -0.22287686169147491 -0.8676451444625854
v 8.938926696777344 2.678784132003784 -11.25623893737793
vt 0.4172441065311432 0.8436573147773743
vn -0.8735807538032532 0.4809592664241791 -0.07439673691987991
v 8.720897674560547 -2.0162601470947266 -8.667181015014648
vt 0.40159299969673157 0.87675541639328
vn -0.9959551692008972 0.08453208208084106 0.030457118526101112
v 8.090593338012695 1.823876976966858 -15.087970733642578
vt 0.4416901171207428 0.8511955738067627
vn -0.9027343988418579 -0.16570816934108734 -0.3970028758049011
v 8.399446487426758 2.935718059539795 -13.974859237670898
vt 0.4351777136325836 0.8437967896461487
vn -0.7593221664428711 0.31107738614082336 0.5715423822402954
v 8.209827423095703 1.5315430164337158 -12.152170181274414
vt 0.42334991693496704 0.8526384830474854
vn -0.7340911626815796 0.6460935473442078 -0.2089817076921463
v 7.933714866638184 0.9776855111122131 -12.037149429321289
vt 0.42247381806373596 0.8564590215682983
vn -0.9976669549942017 0.053986817598342896 -0.04178706556558609
v 7.933714866638184 1.4278318881988525 -9.737849235534668
vt 0.4081847071647644 0.8540371656417847
vn -0.9412103295326233 -0.33427268266677856 0.04883412644267082
v 8.03789234161377 1.107226014137268 -8.884820938110352
vt 0.4028502106666565 0.8560891151428223
vn -0.9289304614067078 -0.3668700158596039 -0.0499458983540535
v 8.36770248413086 1.146582007408142 -7.510180950164795
vt 0.39401599764823914 0.8558328151702881
vn -0.691807746887207 0.07372112572193146 0.7183085083961487
v 8.720897674560547 0.7009766101837158 -9.05446720123291
vt 0.40375709533691406 0.8604552745819092
vn -0.8754916787147522 -0.43801149725914 -0.20410844683647156
v 9.065123558044434 4.173047065734863 -13.499319076538086
vt 0.4314992129802704 0.8350505828857422
vn -0.9619731903076172 -0.17879079282283783 0.206498384475708
v 9.950277328491211 -4.849267959594727 -6.670016288757324
vt 0.395539790391922 0.8997535705566406
vn 3.092552844918828e-07 -0.8965297937393188 -0.44298356771469116
v 9.950277328491211 4.412915229797363 -16.7025203704834
vt 0.45968329906463623 0.8381856083869934
vn 8.233439530158648e-07 -0.2966151237487793 -0.9549970030784607
v 9.950277328491211 3.943726062774658 -11.775120735168457
vt 0.4188905954360962 0.8316552042961121
vn 5.240659106675594e-07 0.7894935011863708 0.6137589812278748
v 9.950277328491211 -4.071117877960205 -9.236827850341797
vt 0.4091404974460602 0.8937954902648926
vn 4.754956250963005e-07 -0.9994599223136902 0.032864466309547424
v 9.950277328491211 -2.479614019393921 -12.76749038696289
vt 0.4342379868030548 0.8835504055023193
vn -2.3634814994011322e-08 -0.6903010010719299 -0.7235223054885864
v 9.950277328491211 4.166918754577637 -11.763199806213379
vt 0.4194929897785187 0.8304057121276855
vn 7.649413191757048e-08 0.4127025008201599 0.9108659029006958
v 9.091315269470215 -2.181812047958374 -4.468348026275635
vt 0.37399691343307495 0.8785598874092102
vn -0.3279147744178772 -0.9435544610023499 0.04665587097406387
v 9.14913272857666 4.201587200164795 -12.706409454345703
vt 0.42649921774864197 0.8339650630950928
vn -0.9429324269294739 0.22691182792186737 0.24369922280311584
v 8.286415100097656 2.06252384185791 -13.319100379943848
vt 0.4308052957057953 0.8492860198020935
vn -0.8353328108787537 0.4671344757080078 0.28983575105667114
v 8.720897674560547 2.356567144393921 -7.811820030212402
vt 0.3937571942806244 0.847374677658081
vn -0.675487220287323 0.5461753606796265 0.49538829922676086
v 9.950277328491211 -4.245264053344727 -8.110955238342285
vt 0.4027678966522217 0.8948438167572021
vn 7.990019526005199e-07 -0.9775620698928833 -0.2106473445892334
v 9.950277328491211 -5.872778415679932 -5.101644992828369
vt 0.3864828050136566 0.9069358706474304
vn 0.3550303876399994 0.17513638734817505 0.9183030724525452
v 8.332015037536621 2.417065143585205 -8.699710845947266
vt 0.39974841475486755 0.8472691774368286
vn -0.8747302889823914 0.1776590347290039 -0.4508703947067261
v 8.6965913772583 1.6407960653305054 -8.6851806640625
vt 0.4015507102012634 0.851183295249939
vn -0.7496122717857361 0.5073898434638977 0.42501410841941833
v 8.12685775756836 2.045483112335205 -9.586256980895996
vt 0.40737760066986084 0.850396990776062
vn -0.7017765641212463 0.6569533348083496 0.2755393385887146
v 8.725384712219238 2.3110108375549316 -8.950860977172852
vt 0.4025641977787018 0.8471693992614746
vn -0.9313768744468689 -0.013157927431166172 -0.36381855607032776
v 8.170381546020508 1.5168700218200684 -8.778697967529297
vt 0.4027926027774811 0.8537523746490479
vn -0.6756955981254578 0.5625208616256714 0.47645124793052673
v 9.273111343383789 -3.8733890056610107 -7.8603129386901855
vt 0.39992019534111023 0.8905134201049805
vn -0.6605253219604492 -0.720405638217926 -0.21147577464580536
v 9.950277328491211 1.5812740325927734 -15.526679992675781
vt 0.4523008167743683 0.8566358089447021
vn 2.488485222329473e-07 -0.423325777053833 -0.9059774875640869
v 9.950277328491211 3.275952100753784 -10.101770401000977
vt 0.40833741426467896 0.8355423808097839
vn 2.3809526794593694e-08 0.9999797940254211 -0.006334095727652311
v 9.950277328491211 -0.830810546875 -14.043079376220703
vt 0.4427958130836487 0.8725066184997559
vn 1.6572522554270108e-07 -0.5603064298629761 -0.8282853960990906
v 10.732610702514648 -4.405811309814453 -6.253573894500732
vt 0.39136409759521484 0.895423412322998
vn 0.9305058121681213 -0.36341169476509094 0.04572592303156853
v 11.690730094909668 1.5315430164337158 -12.152170181274414
vt 0.42334991693496704 0.8526384830474854
vn 0.7340900897979736 0.6460947394371033 -0.20898181200027466
v 10.382440567016602 -4.635936737060547 -6.469607830047607
vt 0.393350213766098 0.8974488973617554
vn 0.6009964346885681 -0.7123844623565674 -0.3623693585395813
v 11.614140510559082 2.06252384185791 -13.319100379943848
vt 0.4308052957057953 0.8492860198020935
vn 0.8353332877159119 0.4671335816383362 0.28983524441719055
v 11.501110076904297 2.935718059539795 -13.974859237670898
vt 0.4351777136325836 0.8437967896461487
vn 0.759323000907898 0.31107792258262634 0.5715410709381104
v 11.809959411621094 1.823876976966858 -15.087970733642578
vt 0.4416901171207428 0.8511955738067627
vn 0.9027338624000549 -0.16570857167243958 -0.3970041275024414
v 10.751420021057129 4.201587200164795 -12.706409454345703
vt 0.42649921774864197 0.8339650630950928
vn 0.9429330229759216 0.22690831124782562 0.24370014667510986
v 11.86365032196045 -0.59423828125 -13.502420425415039
vt 0.43228721618652344 0.8658691048622131
vn 0.8460918068885803 -0.28786349296569824 -0.44862374663352966
v 11.814980506896973 -2.207642078399658 -12.296239852905273
vt 0.42534101009368896 0.8756830096244812
vn 0.7954168319702148 -0.495792418718338 -0.3485713303089142
v 10.777560234069824 -3.6669921875 -9.113198280334473
vt 0.4072064161300659 0.8881697058677673
vn 0.6908919811248779 -0.7215877771377563 0.04448924586176872
v 11.126509666442871 -3.773560047149658 -10.601149559020996
vt 0.4164307117462158 0.886408805847168
vn 0.5883302688598633 -0.7946194410324097 -0.1498243808746338
v 8.720897674560547 1.1601810455322266 -4.468348026275635
vt 0.37393349409103394 0.8567752838134766
vn -0.9999999403953552 0.0 -0.0
v 9.0889892578125 -2.287769079208374 -6.810216903686523
vt 0.38922029733657837 0.880915105342865
vn -0.43437865376472473 -0.8993160128593445 0.0504566989839077
v 9.950277328491211 -2.351147174835205 -4.468348026275635
vt 0.373451292514801 0.8839603662490845
vn -1.3668353915363696e-07 -0.9984169006347656 0.056247808039188385
v 9.950277328491211 -2.467113971710205 -6.526312828063965
vt 0.384779691696167 0.8849530816078186
vn 2.2460139348368102e-07 -0.998706042766571 0.050855085253715515
v 8.691588401794434 1.3344240188598633 -8.40919303894043
vt 0.40018099546432495 0.8528109192848206
vn -0.22016018629074097 0.7149803638458252 0.6635755300521851
v 10.80426025390625 2.946045160293579 -9.55148696899414
vt 0.4057658910751343 0.8418722152709961
vn 0.8406722545623779 0.4653916656970978 -0.2769128680229187
v 11.179649353027344 2.2389891147613525 -9.555359840393066
vt 0.40623950958251953 0.8468393087387085
vn 0.7037036418914795 0.6901975274085999 0.16860809922218323
v 10.961629867553711 2.678784132003784 -11.25623893737793
vt 0.4172441065311432 0.8436573147773743
vn 0.8735806345939636 0.48095938563346863 -0.07439760118722916
v 9.149129867553711 4.487354278564453 -12.70248031616211
vt 0.4272252023220062 0.832277774810791
vn -0.7308850288391113 -0.6050831079483032 0.31572356820106506
v 10.787010192871094 3.5076169967651367 -11.040390014648438
vt 0.41582611203193665 0.8384953737258911
vn 0.5037049055099487 0.8051196932792664 0.3131512701511383
v 11.17966079711914 -0.18315431475639343 -11.32964038848877
vt 0.41731250286102295 0.8643026351928711
vn 0.9154790639877319 0.08382248878479004 0.3935375511646271
v 11.966839790344238 -1.5304930210113525 -11.564279556274414
vt 0.42085719108581543 0.8721274137496948
vn 0.9430767893791199 0.12510551512241364 0.30814749002456665
v 11.17966079711914 -1.199218988418579 -10.827690124511719
vt 0.41459470987319946 0.8703234195709229
vn 0.9340139031410217 0.20943349599838257 0.28940534591674805
v 11.966839790344238 0.1244141012430191 -12.348230361938477
vt 0.4249555170536041 0.8616458177566528
vn 0.9870760440826416 0.060637325048446655 0.14833801984786987
v 8.085577011108398 -2.207642078399658 -12.296239852905273
vt 0.42534101009368896 0.8756830096244812
vn -0.7954161167144775 -0.4957929849624634 -0.3485720753669739
v 8.774043083190918 -3.773560047149658 -10.601149559020996
vt 0.4164307117462158 0.886408805847168
vn -0.5883299708366394 -0.794619619846344 -0.14982520043849945
v 9.06113052368164 2.5685300827026367 -4.468348026275635
vt 0.3734894096851349 0.8472672700881958
vn -0.5020248889923096 0.8641366362571716 0.03519923985004425
v 9.0889892578125 -2.287769079208374 -6.810216903686523
vt 0.38922029733657837 0.880915105342865
vn -0.8047043085098267 0.10446438193321228 0.5844125151634216
v 8.375597953796387 2.451464891433716 -11.14663028717041
vt 0.41616061329841614 0.8472682237625122
vn -0.6458240747451782 0.6930382251739502 -0.3203263580799103
v 8.212594985961914 1.8049800395965576 -8.387510299682617
vt 0.3980289101600647 0.8509258031845093
vn -0.8921038508415222 -0.07566209137439728 -0.4454502463340759
v 8.483771324157715 2.445312023162842 -7.958859920501709
vt 0.39539241790771484 0.8475385904312134
vn -0.6152278184890747 0.5575737357139587 0.5573204159736633
v 9.096200942993164 -1.9591798782348633 0.4527091979980469
vt 0.34346431493759155 0.877051830291748
vn -0.5506306886672974 -0.8347331881523132 0.005111468955874443
v 8.720897674560547 -1.5294430255889893 0.4457198977470398
vt 0.34352099895477295 0.8735116124153137
vn -0.9599770903587341 -0.280040442943573 0.004598252009600401
v 9.076608657836914 2.720996141433716 -8.075126647949219
vt 0.39507749676704407 0.8437497019767761
vn -0.24038946628570557 0.8644760847091675 0.4414680302143097
v 9.08840560913086 -2.3296871185302734 8.680940628051758
vt 0.29250699281692505 0.8797596096992493
vn -0.3765985667705536 -0.9253617525100708 -0.04334837570786476
v 8.720897674560547 -1.893530011177063 8.678197860717773
vt 0.2925069034099579 0.8761965036392212
vn -0.9376857876777649 -0.3471301198005676 -0.015683049336075783
v 8.758426666259766 2.24997615814209 -13.06447982788086
vt 0.42849621176719666 0.8465734720230103
vn -0.8261972665786743 0.464283287525177 0.31912243366241455
v 8.828641891479492 4.438500881195068 -13.538019180297852
vt 0.4327591061592102 0.8331767320632935
vn -0.9011905789375305 -0.17971564829349518 0.39440807700157166
v 8.807168960571289 3.004639148712158 -13.721770286560059
vt 0.43250250816345215 0.8423703908920288
vn -0.8239997029304504 0.36418816447257996 0.4340408742427826
v 9.235665321350098 4.997655868530273 -13.657999992370605
vt 0.43340620398521423 0.8289034962654114
vn -0.6152594685554504 0.6907134056091309 0.3799617290496826
v 9.950277328491211 3.44435977935791 -10.022049903869629
vt 0.40730470418930054 0.8350450992584229
vn -1.4654242264100503e-08 0.8064457178115845 -0.5913081765174866
v 8.977099418640137 4.013354301452637 -14.002289772033691
vt 0.43422359228134155 0.8365815877914429
vn -0.7735453844070435 -0.13453063368797302 0.619297206401825
v 8.691588401794434 1.3344240188598633 -8.40919303894043
vt 0.40018099546432495 0.8528109192848206
vn -0.6918444037437439 -0.16890208423137665 -0.7020136117935181
v 8.72089958190918 1.792383074760437 -12.178230285644531
vt 0.4233039915561676 0.849078893661499
vn -0.761094868183136 0.640904426574707 0.09988106787204742
v 8.72089958190918 2.0324950218200684 -11.486209869384766
vt 0.41917499899864197 0.847684919834137
vn -0.6802487969398499 0.5807544589042664 -0.4471975862979889
v 8.193571090698242 1.083886981010437 -8.219964981079102
vt 0.3984560966491699 0.8557050824165344
vn -0.9676451086997986 0.17521090805530548 0.18156014382839203
v 8.720891952514648 -0.519238293170929 -7.86051082611084
vt 0.39592498540878296 0.8673049807548523
vn -0.962773859500885 -0.2513578236103058 0.09942735731601715
v 8.673812866210938 -3.0052490234375 -7.7056450843811035
vt 0.3971075117588043 0.8838468194007874
vn -0.9614260196685791 -0.23143233358860016 0.14865657687187195
v 9.950277328491211 -5.872778415679932 -5.101644992828369
vt 0.3864828050136566 0.9069358706474304
vn -0.27765098214149475 -0.8809880018234253 -0.3831057548522949
v 8.209827423095703 1.8744869232177734 -11.342229843139648
vt 0.417872816324234 0.8506463766098022
vn -0.7548409104347229 0.5276801586151123 -0.3895750045776367
v 8.720894813537598 0.09819335490465164 -8.362656593322754
vt 0.3994916081428528 0.863725483417511
vn -0.8805788159370422 -0.2989891469478607 -0.36767691373825073
v 8.720897674560547 -1.9087399244308472 -4.468348026275635
vt 0.3742031157016754 0.875791072845459
vn -0.8138849139213562 -0.5799404978752136 0.035501036792993546
v 8.409991264343262 1.9215821027755737 -7.768418312072754
vt 0.3945696949958801 0.8508204221725464
vn -0.7333488464355469 0.2704865038394928 0.6237279772758484
v 8.720897674560547 2.166918992996216 -4.468348026275635
vt 0.3736810088157654 0.8505284786224365
vn -0.9600272178649902 0.2795584797859192 0.013952763751149178
v 9.950277328491211 -2.467113971710205 -6.526312828063965
vt 0.384779691696167 0.8849530816078186
vn 5.654467827298504e-07 0.4848477244377136 0.8745986223220825
v 8.286352157592773 0.3328368663787842 -7.855484962463379
vt 0.39622050523757935 0.8607578277587891
vn -0.9303739070892334 -0.2598187029361725 0.2586478292942047
v 9.950277328491211 -3.9189453125 -5.697771072387695
vt 0.3841747045516968 0.8944246768951416
vn 5.486711529556487e-07 0.39597418904304504 0.9182615876197815
v 9.11353874206543 3.5076169967651367 -11.040390014648438
vt 0.41582611203193665 0.8384953737258911
vn -0.5037065744400024 0.8051185011863708 0.31315141916275024
v 8.720897674560547 -0.18315431475639343 -11.32964038848877
vt 0.41731250286102295 0.8643026351928711
vn -0.915478527545929 0.08382270485162735 0.3935387134552002
v 7.933714866638184 0.1244141012430191 -12.348230361938477
vt 0.4249555170536041 0.8616458177566528
vn -0.9870756268501282 0.06063799187541008 0.14833949506282806
v 8.720897674560547 -2.033154010772705 -10.014120101928711
vt 0.41004881262779236 0.8757109045982361
vn -0.9679049849510193 0.23001228272914886 0.10126220434904099
v 10.703959465026855 8.60959529876709 6.009303092956543
vt 0.4298314154148102 0.9690612554550171
vn 0.9260417222976685 0.14608456194400787 -0.3480028808116913
v 10.703959465026855 9.254980087280273 5.299776077270508
vt 0.4300450086593628 0.9634791016578674
vn 0.85838782787323 -0.3640657663345337 -0.3614225387573242
v 10.880670547485352 8.49990177154541 6.270811080932617
vt 0.429080605506897 0.9711190462112427
vn 0.9951258897781372 0.03816575929522514 -0.0909271314740181
v 10.880670547485352 8.803149223327637 6.48702335357666
vt 0.42670801281929016 0.9708975553512573
vn 0.8006944060325623 0.4490850567817688 0.39649802446365356
v 10.880670547485352 7.3045654296875 7.5179643630981445
vt 0.43050411343574524 0.9821488857269287
vn 0.9006373286247253 -0.37499767541885376 -0.2196110486984253
v 10.88401985168457 11.686429977416992 3.781521797180176
vt 0.43826740980148315 0.9373463988304138
vn 0.7344399094581604 0.4382559359073639 -0.5181986093521118
v 10.880670547485352 8.803149223327637 6.48702335357666
vt 0.41512739658355713 0.9707802534103394
vn 0.8006944060325623 0.4490850567817688 0.39649802446365356
v 10.880670547485352 10.32919979095459 3.2924928665161133
vt 0.4447267949581146 0.9445998668670654
vn 0.7120484113693237 -0.14091023802757263 -0.6878454685211182
v 10.880670547485352 11.250829696655273 4.435689926147461
vt 0.41557109355926514 0.9494603872299194
vn 0.5996451377868652 0.45141273736953735 0.6607967019081116
v 10.880670547485352 7.911133289337158 4.041477203369141
vt 0.4526646137237549 0.959086000919342
vn 0.8008490800857544 -0.23819535970687866 -0.5494576096534729
v 10.880670547485352 5.64990234375 5.17116117477417
vt 0.4570375084877014 0.9754656553268433
vn 0.6172105669975281 -0.7532121539115906 -0.2274257093667984
v 9.196577072143555 7.910645008087158 4.952121734619141
vt 0.43787050247192383 0.9681324362754822
vn -0.8839626908302307 -0.2791062295436859 0.37511271238327026
v 9.019862174987793 6.672583103179932 6.877753257751465
vt 0.4378241002559662 0.9821494817733765
vn -0.7423463463783264 0.6698603630065918 0.01445301715284586
v 9.196577072143555 7.711743354797363 5.9810590744018555
vt 0.4344606101512909 0.9733738303184509
vn -0.9133362770080566 -0.3940596878528595 -0.10263465344905853
v 8.987703323364258 3.0984129905700684 -9.388690948486328
vt 0.40415751934051514 0.8417850732803345
vn -0.5679056644439697 -0.24733039736747742 -0.7850545048713684
v 9.950277328491211 9.00927734375 -18.035358428955078
vt 0.46515241265296936 0.8082419633865356
vn 1.0496464710740838e-06 0.7399142980575562 0.6727011203765869
v 9.950277328491211 9.00927734375 -18.035358428955078
vt 0.46515241265296936 0.8082419633865356
vn 1.499132622484467e-06 -0.2785041332244873 -0.9604350328445435
v 10.703959465026855 7.219286918640137 7.473915100097656
vt 0.4318450093269348 0.9824103713035583
vn 0.7942795753479004 -0.5538476705551147 -0.2497449517250061
v 10.703959465026855 6.683325290679932 5.595015525817871
vt 0.4403819143772125 0.975168764591217
vn 0.8333278894424438 0.5284600257873535 0.16215604543685913
v 10.880670547485352 5.64990234375 5.17116117477417
vt 0.4466336965560913 0.9760309457778931
vn 0.6172105669975281 -0.7532121539115906 -0.2274257093667984
v 10.880670547485352 10.625049591064453 4.164183139801025
vt 0.4302583932876587 0.952789843082428
vn 0.997136116027832 -0.06674761325120926 0.035551056265830994
v 10.703959465026855 10.314650535583496 4.3216962814331055
vt 0.43074050545692444 0.9552025198936462
vn 0.9490532279014587 -0.2809966802597046 0.14261437952518463
v 10.880670547485352 9.69687557220459 5.655723571777344
vt 0.4148555099964142 0.9626740217208862
vn 0.7073814868927002 0.4667947590351105 0.5307674407958984
v 10.880670547485352 6.669189453125 9.36198902130127
vt 0.41365230083465576 0.9936079978942871
vn 0.8944271802902222 0.36904269456863403 0.2526013255119324
v 10.892570495605469 10.654879570007324 3.303954839706421
vt 0.44336560368537903 0.9428306221961975
vn 0.5655070543289185 0.12881271541118622 -0.8146221041679382
v 10.880670547485352 7.645287990570068 7.935938835144043
vt 0.415188193321228 0.9826999306678772
vn 0.7073217630386353 0.5733107924461365 0.41353440284729004
v 9.019862174987793 11.800420761108398 4.109835147857666
vt 0.4273703098297119 0.9470660090446472
vn -0.38228994607925415 0.753029465675354 0.5355382561683655
v 10.880670547485352 6.480591297149658 8.636816024780273
vt 0.4314455986022949 0.990983247756958
vn 0.9970428347587585 0.027932168915867805 -0.0715920701622963
v 9.019862174987793 5.798559665679932 7.051479816436768
vt 0.4424903094768524 0.9861438274383545
vn -0.8126514554023743 -0.5779446959495544 -0.07468417286872864
v 9.019862174987793 11.250829696655273 4.435689926147461
vt 0.4269865155220032 0.9507039785385132
vn -0.8310399055480957 0.3132579028606415 0.45961108803749084
v 8.720894813537598 0.32426759600639343 -7.5212931632995605
vt 0.39309149980545044 0.8615484833717346
vn -0.8920140862464905 -0.11883533746004105 0.43610668182373047
v 9.950277328491211 5.979662895202637 -14.70304012298584
vt 0.439465194940567 0.8206486701965332
vn 1.5297310085315985e-07 0.7704243063926697 0.6375313997268677
v 8.72089958190918 2.2389891147613525 -9.555359840393066
vt 0.40623950958251953 0.8468393087387085
vn -0.7037013173103333 0.6901993155479431 0.16860976815223694
v 10.703959465026855 6.612987995147705 8.297141075134277
vt 0.4320560097694397 0.9884302020072937
vn 0.9532417058944702 0.10980361700057983 -0.28155529499053955
v 10.880670547485352 10.32919979095459 3.2924928665161133
vt 0.4352113902568817 0.9508363008499146
vn 0.7120484113693237 -0.14091023802757263 -0.6878454685211182
v 10.703959465026855 7.711743354797363 5.9810590744018555
vt 0.4344606101512909 0.9733738303184509
vn 0.9133375883102417 -0.3940564692020416 -0.10263380408287048
v 10.880670547485352 5.178515911102295 8.05604076385498
vt 0.4418126940727234 0.9936079978942871
vn 0.8944271802902222 -0.38055965304374695 -0.23489227890968323
v 10.880670547485352 11.250829696655273 4.435689926147461
vt 0.4269865155220032 0.9507039785385132
vn 0.5996451377868652 0.45141273736953735 0.6607967019081116
v 10.880670547485352 11.800420761108398 4.109835147857666
vt 0.4273703098297119 0.9470660090446472
vn 0.38272854685783386 0.9202686548233032 0.0813906341791153
v 10.880670547485352 6.669189453125 9.36198902130127
vt 0.42710191011428833 0.9936079978942871
vn 0.8944271802902222 0.36904269456863403 0.2526013255119324
v 9.326312065124512 -4.026758193969727 -5.822160720825195
vt 0.38808169960975647 0.8941680788993835
vn -0.5751997232437134 0.2624148726463318 0.7747796773910522
v 10.880670547485352 7.645287990570068 7.935938835144043
vt 0.4272231161594391 0.9829205274581909
vn 0.7073217630386353 0.5733107924461365 0.41353440284729004
v 8.720897674560547 1.121948003768921 -7.400322914123535
vt 0.3918495178222656 0.8560783863067627
vn -0.8130641579627991 -0.0036195137072354555 0.5821627974510193
v 8.720897674560547 1.9071780443191528 -7.636796951293945
vt 0.3927431106567383 0.8505555987358093
vn -0.7248385548591614 0.22630511224269867 0.650688111782074
v 8.46387767791748 0.3719237744808197 -7.60590124130249
vt 0.39446821808815 0.8607800006866455
vn -0.5228210091590881 -0.24836306273937225 0.8154594302177429
v 11.672200202941895 -2.6772217750549316 -10.290140151977539
vt 0.41324251890182495 0.8796629905700684
vn 0.968549907207489 -0.054396480321884155 0.24280063807964325
v 11.433939933776855 -2.7262699604034424 -8.828764915466309
vt 0.4039868116378784 0.8812506794929504
vn 0.9931297898292542 0.002300271997228265 0.11699521541595459
v 11.17966079711914 -2.033154010772705 -10.014120101928711
vt 0.41004881262779236 0.8757109045982361
vn 0.9679058790206909 0.23000945150852203 0.1012614369392395
v 10.560810089111328 5.789111137390137 -14.797710418701172
vt 0.4410580098628998 0.8244212865829468
vn 0.456380695104599 0.7152058482170105 0.5293366312980652
v 11.203570365905762 5.458276271820068 -15.283989906311035
vt 0.4445599913597107 0.8286656141281128
vn 0.8307601809501648 0.4656071066856384 0.3050370216369629
v 10.492149353027344 8.143213272094727 -17.3831787109375
vt 0.46020931005477905 0.8142572045326233
vn 0.6159618496894836 0.6130553483963013 0.494726300239563
v 11.17966079711914 0.9077881574630737 -9.76187515258789
vt 0.4079777002334595 0.8592208027839661
vn 0.8814383149147034 -0.4663112759590149 -0.07496803253889084
v 11.17966079711914 0.829150378704071 -10.57999038696289
vt 0.4127606153488159 0.8592150807380676
vn 0.9044777750968933 -0.4158356487751007 0.09487190842628479
v 11.17966079711914 -2.0162601470947266 -8.667181015014648
vt 0.40159299969673157 0.87675541639328
vn 0.9959553480148315 0.08452975004911423 0.0304569099098444
v 9.950277328491211 3.5926759243011475 8.641550064086914
vt 0.2925069034099579 0.8375509977340698
vn 5.780506739938573e-07 0.9923587441444397 -0.1233861893415451
v 9.950277328491211 2.5816891193389893 0.5104812979698181
vt 0.3430942893028259 0.8429663181304932
vn 4.4044557512279425e-07 0.9992898106575012 -0.03768254816532135
v 9.950277328491211 -2.073975086212158 0.4527091979980469
vt 0.3434627950191498 0.8823841214179993
vn 3.588959884837095e-08 -0.9999983906745911 0.0018135657301172614
v 9.950277328491211 -2.477123975753784 8.680940628051758
vt 0.29250699281692505 0.8852428793907166
vn -1.8896379572197475e-07 -0.9988018274307251 -0.0489371195435524
v 9.950277328491211 2.7477540969848633 -4.468348026275635
vt 0.3730233907699585 0.8416596055030823
vn 3.8178976069502824e-07 0.9993515014648438 0.03600754216313362
v 8.720897674560547 1.883862018585205 0.5201958417892456
vt 0.342932790517807 0.8523375988006592
vn -0.9862855672836304 0.1649973839521408 -0.004074739757925272
v 9.040151596069336 3.2245121002197266 8.641550064086914
vt 0.29250699281692505 0.843709409236908
vn -0.5048132538795471 0.8577513098716736 -0.09708847105503082
v 9.03978157043457 2.358276128768921 0.5062515139579773
vt 0.3429949879646301 0.8487793803215027
vn -0.6587050557136536 0.7520736455917358 -0.022199897095561028
v 8.720897674560547 2.7490971088409424 8.644095420837402
vt 0.2925069034099579 0.8472862839698792
vn -0.9217559695243835 0.3855915069580078 -0.04104924947023392
v 9.950277328491211 2.875854015350342 -8.309538841247559
vt 0.39566540718078613 0.8379486203193665
vn 7.099869492321886e-08 0.8456073999404907 0.5338053107261658
v 8.720897674560547 -2.127808094024658 -7.306365489959717
vt 0.3927367925643921 0.8785406947135925
vn -0.9753069877624512 -0.18975958228111267 0.11299300193786621
v 8.720894813537598 -0.6589599847793579 -4.468348026275635
vt 0.37432190775871277 0.868128776550293
vn -0.9999999403953552 0.0 -0.0
v 8.46661376953125 -2.7262699604034424 -8.828764915466309
vt 0.4039868116378784 0.8812506794929504
vn -0.9931296110153198 0.0023048133589327335 0.1169959306716919
v 8.228351593017578 -2.6772217750549316 -10.290140151977539
vt 0.41324251890182495 0.8796629905700684
vn -0.9685499668121338 -0.05439469590783119 0.24280084669589996
v 10.703959465026855 7.910645008087158 4.952121734619141
vt 0.43787050247192383 0.9681324362754822
vn 0.8839661478996277 -0.27910250425338745 0.37510767579078674
v 10.880670547485352 6.584716796875 5.539665699005127
vt 0.44156700372695923 0.9752076864242554
vn 0.9224852919578552 0.2889597713947296 0.25597476959228516
v 10.703959465026855 8.686841011047363 4.6410722732543945
vt 0.43549150228500366 0.9631280303001404
vn 0.9041186571121216 0.3221568465232849 0.2806851267814636
v 10.880670547485352 9.69687557220459 5.655723571777344
vt 0.426053911447525 0.9629462361335754
vn 0.7073814868927002 0.4667947590351105 0.5307674407958984
v 10.880670547485352 7.911133289337158 4.041477203369141
vt 0.4419897198677063 0.9635809063911438
vn 0.8008490800857544 -0.23819535970687866 -0.5494576096534729
v 10.88401985168457 11.686429977416992 3.781521797180176
vt 0.4287438988685608 0.9454027414321899
vn 0.7344399094581604 0.4382559359073639 -0.5181986093521118
v 10.892570495605469 10.654879570007324 3.303954839706421
vt 0.43401899933815 0.9494988322257996
vn 0.5655070543289185 0.12881271541118622 -0.8146221041679382
v 10.880670547485352 7.803637981414795 6.005000114440918
vt 0.43335220217704773 0.9728057384490967
vn 0.7417384386062622 -0.6490367650985718 -0.16904225945472717
v 10.880670547485352 9.3223876953125 5.366628646850586
vt 0.42876189947128296 0.9634544849395752
vn 0.8115799427032471 -0.4146241843700409 -0.41161268949508667
v 10.880670547485352 8.596362113952637 4.562221050262451
vt 0.436883807182312 0.9631928205490112
vn 0.9041200876235962 0.3221563696861267 0.2806815803050995
v 9.019862174987793 10.32919979095459 3.2924928665161133
vt 0.4352113902568817 0.9508363008499146
vn -0.7125621438026428 -0.0623609833419323 -0.6988321542739868
v 9.196577072143555 6.683325290679932 5.595015525817871
vt 0.4403819143772125 0.975168764591217
vn -0.8333246111869812 0.5284647941589355 0.16215750575065613
v 9.019862174987793 9.3223876953125 5.366628646850586
vt 0.42876189947128296 0.9634544849395752
vn -0.8115764260292053 -0.4146274924278259 -0.4116159677505493
v 9.019862174987793 5.64990234375 5.17116117477417
vt 0.4466336965560913 0.9760309457778931
vn -0.6172105669975281 -0.5834883451461792 -0.527818500995636
v 10.880670547485352 11.800420761108398 4.109835147857666
vt 0.4164696931838989 0.9452680349349976
vn 0.38272854685783386 0.9202686548233032 0.0813906341791153
v 10.880670547485352 5.178515911102295 8.05604076385498
vt 0.4554525911808014 0.9936079382896423
vn 0.8944271802902222 -0.38055965304374695 -0.23489227890968323
v 9.196577072143555 6.767725467681885 6.879806995391846
vt 0.4366021156311035 0.9814196228981018
vn -0.9136254191398621 0.40646225214004517 0.008770108222961426
v 9.196577072143555 7.219286918640137 7.473915100097656
vt 0.4318450093269348 0.9824103713035583
vn -0.7942759394645691 -0.5538521409034729 -0.24974696338176727
v 10.880670547485352 5.798559665679932 7.051479816436768
vt 0.45475879311561584 0.9868974685668945
vn 0.8126513361930847 -0.5482966303825378 -0.19740445911884308
v 9.196577072143555 6.612987995147705 8.297141075134277
vt 0.4320560097694397 0.9884302020072937
vn -0.953240156173706 0.10980530828237534 -0.28155970573425293
v 9.019862174987793 5.178515911102295 8.05604076385498
vt 0.4418126940727234 0.9936079978942871
vn -0.7071067094802856 -0.6017175316810608 -0.3713972866535187
v 9.019862174987793 6.584716796875 5.539665699005127
vt 0.44156700372695923 0.9752076864242554
vn -0.9224838614463806 0.2889622449874878 0.25597700476646423
v 9.408401489257812 8.143213272094727 -17.3831787109375
vt 0.46020931005477905 0.8142572045326233
vn -0.615960955619812 0.6130549311637878 0.49472782015800476
v 8.720897674560547 0.829150378704071 -10.57999038696289
vt 0.4127606153488159 0.8592150807380676
vn -0.9044772982597351 -0.41583654284477234 0.0948721244931221
v 8.720897674560547 0.9077881574630737 -9.76187515258789
vt 0.4079777002334595 0.8592208027839661
vn -0.8814375996589661 -0.4663124084472656 -0.07496873289346695
v 10.880670547485352 5.798559665679932 7.051479816436768
vt 0.4424903094768524 0.9861438274383545
vn 0.8126513361930847 -0.5482966303825378 -0.19740445911884308
v 10.880670547485352 8.041064262390137 4.776765823364258
vt 0.4382184147834778 0.9663851261138916
vn 0.988262414932251 -0.09119673073291779 0.12255825102329254
v 10.880670547485352 6.672583103179932 6.877753257751465
vt 0.4378241002559662 0.9821494817733765
vn 0.7423511147499084 0.6698551774024963 0.014452905394136906
v 10.703959465026855 6.767725467681885 6.879806995391846
vt 0.4366021156311035 0.9814196228981018
vn 0.9136269092559814 0.40645894408226013 0.00877003651112318
v 10.88401985168457 11.686429977416992 3.781521797180176
vt 0.4170288145542145 0.9431684017181396
vn 0.7344399094581604 0.4382559359073639 -0.5181986093521118
v 9.019862174987793 9.69687557220459 5.655723571777344
vt 0.426053911447525 0.9629462361335754
vn -0.7073814868927002 0.45181214809417725 0.5435781478881836
v -12.647919654846191 2.721557855606079 10.12870979309082
vt 0.33998170495033264 0.9310978651046753
vn -0.6475489735603333 -0.41814562678337097 0.6370514035224915
v -12.419830322265625 1.9601320028305054 9.163171768188477
vt 0.34303951263427734 0.9219588041305542
vn -0.7379332184791565 0.5369707942008972 0.40879935026168823
v -13.245389938354492 -2.6094970703125 9.933612823486328
vt 0.37507209181785583 0.9306429028511047
vn -0.8107117414474487 0.3294444978237152 0.4839552342891693
v -12.899489402770996 -1.0683109760284424 9.163171768188477
vt 0.3674079179763794 0.9219588041305542
vn -0.8447473049163818 -0.3099970817565918 0.4362381100654602
v -12.933469772338867 -2.3495850563049316 16.374691009521484
vt 0.3735761046409607 0.9689961671829224
vn -0.9423394203186035 0.3058055639266968 -0.13593922555446625
v -13.209990501403809 -1.8069089651107788 17.285240173339844
vt 0.3705770969390869 0.9732970595359802
vn -0.5567167401313782 -0.2910977900028229 -0.7780285477638245
v -12.08966064453125 2.2903079986572266 9.163171768188477
vt 0.33902961015701294 0.9219588041305542
vn -0.6455105543136597 0.6454995274543762 0.4082235097885132
v -13.245389938354492 -2.6094970703125 12.029809951782227
vt 0.37585651874542236 0.9433974623680115
vn -0.850267231464386 0.4521614909172058 -0.2694358229637146
v -13.476350784301758 -1.2841548919677734 16.374691009521484
vt 0.36771541833877563 0.9689699411392212
vn -0.4470815360546112 -0.8877267837524414 -0.10981441289186478
v -12.548089981079102 -2.7595949172973633 11.039409637451172
vt 0.3771902918815613 0.9372519850730896
vn -0.9903178215026855 0.04386468231678009 -0.13170607388019562
v -13.268329620361328 1.6638429164886475 12.014850616455078
vt 0.34705018997192383 0.943001389503479
vn -0.47979074716567993 0.8674046993255615 -0.13194656372070312
v -12.633999824523926 2.655223846435547 16.374691009521484
vt 0.3410063087940216 0.9689834713935852
vn -0.9923781156539917 -0.011042148806154728 -0.12273471802473068
v -12.504989624023438 1.4272220134735107 9.534510612487793
vt 0.3459410071372986 0.9247453808784485
vn -0.6596807241439819 0.7450563311576843 -0.0985511913895607
v 9.019862174987793 7.803637981414795 6.005000114440918
vt 0.43335220217704773 0.9728057384490967
vn -0.741733729839325 -0.6490418910980225 -0.16904360055923462
v -12.306159973144531 -1.8673099279403687 9.534518241882324
vt 0.37344470620155334 0.9251626133918762
vn -0.996370792388916 -0.0827990472316742 -0.019733892753720284
v -12.958829879760742 2.3462159633636475 17.285240173339844
vt 0.34315159916877747 0.9734385013580322
vn -0.8822827935218811 -0.23325787484645844 -0.40886154770851135
v -13.221579551696777 1.9192869663238525 10.125590324401855
vt 0.3462812900543213 0.9311397671699524
vn 0.1984390914440155 0.7565966248512268 0.6230435967445374
v -13.633890151977539 -0.612255871295929 11.026450157165527
vt 0.36354881525039673 0.9369514584541321
vn -0.572222888469696 -0.8108156323432922 -0.1230403259396553
v -13.042360305786133 -2.366137981414795 10.108059883117676
vt 0.37346741557121277 0.9311872124671936
vn -0.9796047210693359 0.1810704618692398 -0.0871100202202797
v -12.558670043945312 2.651294231414795 12.002849578857422
vt 0.34036150574684143 0.9429025650024414
vn -0.9640368223190308 0.18223991990089417 -0.19344675540924072
v 9.019862174987793 7.911133289337158 4.041477203369141
vt 0.4419897198677063 0.9635809063911438
vn -0.8008490800857544 -0.20795485377311707 -0.5616007447242737
v 9.019862174987793 10.625049591064453 4.164183139801025
vt 0.4302583932876587 0.952789843082428
vn -0.9971362948417664 -0.06674697250127792 0.03555044159293175
v 9.196577072143555 8.686841011047363 4.6410722732543945
vt 0.43549150228500366 0.9631280303001404
vn -0.9041169285774231 0.3221597671508789 0.28068771958351135
v 9.196577072143555 9.254980087280273 5.299776077270508
vt 0.4300450086593628 0.9634791016578674
vn -0.858385443687439 -0.36406880617141724 -0.36142557859420776
v 9.019862174987793 6.669189453125 9.36198902130127
vt 0.42710191011428833 0.9936079978942871
vn -0.7071067690849304 0.583507776260376 0.3993977904319763
v 9.019862174987793 6.480591297149658 8.636816024780273
vt 0.4314455986022949 0.990983247756958
vn -0.997042715549469 0.02793237753212452 -0.07159264385700226
v 9.196577072143555 10.314650535583496 4.3216962814331055
vt 0.43074050545692444 0.9552025198936462
vn -0.9490514993667603 -0.2810009717941284 0.1426166146993637
v 9.196577072143555 8.60959529876709 6.009303092956543
vt 0.4298314154148102 0.9690612554550171
vn -0.926039457321167 0.14608660340309143 -0.34800809621810913
v 9.019862174987793 7.645287990570068 7.935938835144043
vt 0.4272231161594391 0.9829205274581909
vn -0.7073217034339905 0.5629363656044006 0.42754945158958435
v 9.019862174987793 7.3045654296875 7.5179643630981445
vt 0.43050411343574524 0.9821488857269287
vn -0.9006356000900269 -0.3750006854534149 -0.21961286664009094
v -12.76636028289795 -0.863085925579071 9.534521102905273
vt 0.36696290969848633 0.9247772693634033
vn -0.7738586068153381 -0.5702572464942932 -0.27558931708335876
v 9.019862174987793 8.49990177154541 6.270811080932617
vt 0.429080605506897 0.9711190462112427
vn -0.9951258301734924 0.03816604986786842 -0.0909278616309166
v -12.958829879760742 2.3462159633636475 17.285240173339844
vt 0.34315159916877747 0.9734385013580322
vn 0.22947975993156433 0.7403189539909363 -0.6318756341934204
v 9.019862174987793 8.803149223327637 6.48702335357666
vt 0.42670801281929016 0.9708975553512573
vn -0.8006944060325623 0.4290413558483124 0.41810479760169983
v 9.007962226867676 10.654879570007324 3.303954839706421
vt 0.43401899933815 0.9494988322257996
vn -0.5660089254379272 0.23791779577732086 -0.7893218398094177
v 9.019862174987793 8.596362113952637 4.562221050262451
vt 0.436883807182312 0.9631928205490112
vn -0.9041182398796082 0.3221593499183655 0.2806842029094696
v 9.016517639160156 11.686429977416992 3.781521797180176
vt 0.4287438988685608 0.9454027414321899
vn -0.7336493730545044 0.5660715103149414 -0.37592777609825134
v 9.019862174987793 8.041064262390137 4.776765823364258
vt 0.4382184147834778 0.9663851261138916
vn -0.9882622957229614 -0.09119755029678345 0.1225593164563179
v -13.474630355834961 -1.3301029205322266 12.002400398254395
vt 0.3675917983055115 0.9430291652679443
vn -0.598071277141571 -0.7672171592712402 -0.23170816898345947
v -12.787829399108887 2.977490186691284 12.029809951782227
vt 0.338305801153183 0.9433019161224365
vn -0.9004709124565125 -0.32055774331092834 -0.2939300835132599
v -13.65291976928711 1.7784419059753418 12.029809951782227
vt 0.34916311502456665 0.9432364702224731
vn 0.03182815760374069 0.9770392775535583 -0.2106679081916809
v -12.867938995361328 2.977490186691284 16.374691009521484
vt 0.33900830149650574 0.9693072438240051
vn -0.9744291305541992 0.08759653568267822 -0.2069169580936432
v -13.63428020477295 1.778417944908142 16.374691009521484
vt 0.34878501296043396 0.9693149924278259
vn -0.4373926520347595 0.8530701994895935 -0.2845326066017151
v -13.610069274902344 -1.024219036102295 10.103059768676758
vt 0.3671169877052307 0.9310803413391113
vn -0.32641106843948364 -0.9431765079498291 -0.062240149825811386
v -13.24779987335205 1.667822003364563 16.374691009521484
vt 0.34679239988327026 0.9689471125602722
vn -0.2348448932170868 0.9529128074645996 -0.19184626638889313
v -12.036709785461426 2.1084229946136475 9.534504890441895
vt 0.34113389253616333 0.9245949983596802
vn -0.9098762273788452 0.4083392918109894 -0.0733768418431282
v -12.970709800720215 -2.3218510150909424 12.013130187988281
vt 0.3737929165363312 0.9431039094924927
vn -0.9853149652481079 -0.022957537323236465 -0.1691964566707611
v -13.245389938354492 2.5599610805511475 17.420530319213867
vt 0.34301409125328064 0.9753595590591431
vn -0.8038701415061951 0.5429148077964783 -0.2429736852645874
v -12.862279891967773 1.0066889524459839 19.52750015258789
vt 0.032658930867910385 0.6934896111488342
vn -0.20162607729434967 0.07748580724000931 0.9763927459716797
v -12.698430061340332 1.4133789539337158 9.163171768188477
vt 0.03529331833124161 0.6446360349655151
vn -0.15280286967754364 0.639544665813446 -0.7534149289131165
v -10.719269752502441 -3.199169874191284 19.52750015258789
vt 0.3932904899120331 0.993992030620575
vn -0.07748644053936005 -0.2016199380159378 0.9763939380645752
v -11.649750709533691 -2.7251219749450684 19.52750015258789
vt 0.38516131043434143 0.993992030620575
vn -0.13599738478660583 -0.16781684756278992 0.976392388343811
v -12.38818073272705 -1.9866700172424316 19.52750015258789
vt 0.37681740522384644 0.9939919710159302
vn -0.18119898438453674 -0.1175725981593132 0.9763931632041931
v -10.731359481811523 -3.2364261150360107 9.163171768188477
vt 0.0035213499795645475 0.658079206943512
vn -0.08203006535768509 -0.3066311776638031 -0.9482870697975159
v -11.649750709533691 -2.7251219749450684 19.52750015258789
vt 0.007156100589782 0.6852031946182251
vn -0.13599738478660583 -0.16781684756278992 0.976392388343811
v -11.649750709533691 2.675585985183716 19.52750015258789
vt 0.04406427964568138 0.6852031946182251
vn -0.11756813526153564 0.18119952082633972 0.9763935804367065
v -10.719269752502441 -3.199169874191284 19.52750015258789
vt 0.003916170913726091 0.6788443922996521
vn -0.07748644053936005 -0.2016199380159378 0.9763939380645752
v -14.085220336914062 -0.02475585974752903 19.03468894958496
vt 0.35997989773750305 0.985509991645813
vn -0.8869282603263855 -0.01133650355041027 0.46176788210868835
v -12.862279891967773 1.0066889524459839 19.52750015258789
vt 0.35141289234161377 0.9939919710159302
vn -0.20162607729434967 0.07748580724000931 0.9763927459716797
v -12.862279891967773 -1.0562260150909424 19.52750015258789
vt 0.018561450764536858 0.6934896111488342
vn -0.2502017319202423 -0.06693785637617111 0.9658770561218262
v -12.38818073272705 1.9371819496154785 19.52750015258789
vt 0.03901778906583786 0.6902495622634888
vn -0.16781334578990936 0.13599856197834015 0.9763928651809692
v -12.38818073272705 -1.9866700172424316 19.52750015258789
vt 0.012202589772641659 0.6902495622634888
vn -0.18119898438453674 -0.1175725981593132 0.9763931632041931
v -10.719269752502441 3.1496832370758057 19.52750015258789
vt 0.04730420932173729 0.6788443326950073
vn -0.055826153606176376 0.2086639404296875 0.9763926267623901
v -11.67273998260498 2.707202196121216 9.163171768188477
vt 0.044146180152893066 0.6516468524932861
vn -0.2393878847360611 0.295379638671875 -0.9249023199081421
v -13.870000839233398 -1.3836430311203003 19.03468894958496
vt 0.368415504693985 0.9855607748031616
vn -0.7856960892677307 -0.3019491732120514 0.539915144443512
v -12.862279891967773 -1.0562260150909424 19.52750015258789
vt 0.3684209883213043 0.9939919710159302
vn -0.2502017319202423 -0.06693785637617111 0.9658770561218262
v -13.870000839233398 1.3341070413589478 19.03468894958496
vt 0.351490318775177 0.9854814410209656
vn -0.829404354095459 0.3156081736087799 0.46095535159111023
v -12.08966064453125 2.2903079986572266 9.163171768188477
vt 0.041293758898973465 0.6487972736358643
vn -0.4255366325378418 -0.16341868042945862 -0.8900634050369263
v -10.731359481811523 3.1869139671325684 9.163171768188477
vt 0.0474180206656456 0.6580793857574463
vn -0.11386718600988388 0.29628878831863403 -0.9482864737510681
v -12.899489402770996 1.0187499523162842 9.163171768188477
vt 0.032592978328466415 0.6432614326477051
vn -0.34430667757987976 0.11186853051185608 -0.9321685433387756
v -12.899489402770996 -1.0683109760284424 9.163171768188477
vt 0.018335459753870964 0.6432622075080872
vn 0.0 0.0 -0.9999999403953552
v -11.67273998260498 -2.756762981414795 9.163171768188477
vt 0.0068030026741325855 0.6516464948654175
vn -0.14787909388542175 -0.22790181636810303 -0.9623890519142151
v -12.939499855041504 -0.815747082233429 9.163171768188477
vt 0.020061269402503967 0.6429888010025024
vn -0.36398831009864807 -0.5846179127693176 -0.7250754237174988
v -13.064769744873047 -0.02475585974752903 9.163171768188477
vt 0.025465279817581177 0.6421325206756592
vn -0.4694271385669708 -0.024780398234725 -0.8826234340667725
v -12.809619903564453 2.9957520961761475 9.933612823486328
vt 0.3381780982017517 0.9304366707801819
vn -0.903346836566925 0.22978439927101135 -0.36216533184051514
v -12.419830322265625 -2.0096919536590576 9.163171768188477
vt 0.01190095953643322 0.6465400457382202
vn -0.55267733335495 0.039344895631074905 -0.8324660062789917
v -12.419830322265625 1.9601320028305054 9.163171768188477
vt 0.039033979177474976 0.6465404033660889
vn 0.0 0.0 -0.9999999403953552
v -13.025640487670898 -0.02475585974752903 19.52750015258789
vt 0.025610201060771942 0.6946060061454773
vn -0.32175058126449585 0.016986915841698647 0.9466722011566162
v -12.08966064453125 2.2903079986572266 9.163171768188477
vt 0.33902961015701294 0.9219588041305542
vn -0.4255366325378418 -0.16341868042945862 -0.8900634050369263
v -13.025640487670898 -0.02475585974752903 19.52750015258789
vt 0.3600654900074005 0.9939919710159302
vn -0.32175058126449585 0.016986915841698647 0.9466722011566162
v -10.745140075683594 5.822484970092773 36.51567077636719
vt 0.17190439999103546 0.8633015155792236
vn -0.8211979866027832 -0.5695527195930481 0.03526299074292183
v -11.254940032958984 5.750391006469727 27.56097984313965
vt 0.1218440979719162 0.8650224804878235
vn -0.8971364498138428 -0.44061967730522156 0.031629107892513275
v -11.153079986572266 6.174731254577637 27.498897552490234
vt 0.12140890210866928 0.8672907948493958
vn -0.7300596833229065 0.6737346053123474 0.1144307553768158
v -13.245389938354492 -2.6094970703125 16.374691009521484
vt 0.3755851984024048 0.9693130254745483
vn -0.9570592045783997 -0.21592043340206146 -0.19343207776546478
v -9.687822341918945 -3.3625731468200684 19.52750015258789
vt 0.4013585150241852 0.993992030620575
vn -2.8646693905898246e-09 -0.2157084047794342 0.9764577746391296
v -6.513364315032959 1.0066889524459839 19.52750015258789
vt 0.032658930867910385 0.6934896111488342
vn 0.20162582397460938 0.07748576998710632 0.9763927459716797
v -5.290421485900879 -0.02475585974752903 19.03468894958496
vt 0.35997989773750305 0.985509991645813
vn 0.8869283199310303 -0.011336804367601871 0.4617677927017212
v -6.513364315032959 -1.0562260150909424 19.52750015258789
vt 0.3684209883213043 0.9939919710159302
vn 0.2502019703388214 -0.06693881750106812 0.9658769965171814
v -6.987466335296631 -1.9866700172424316 19.52750015258789
vt 0.37681740522384644 0.9939919710159302
vn 0.18119849264621735 -0.11757219582796097 0.9763933420181274
v -6.1302490234375 2.5599610805511475 19.03468894958496
vt 0.3430587947368622 0.9855865836143494
vn 0.6291903257369995 0.4376300573348999 0.6423390507698059
v -5.505645275115967 -1.3836430311203003 19.03468894958496
vt 0.368415504693985 0.9855607748031616
vn 0.7856962084770203 -0.3019487261772156 0.539915144443512
v -6.987466335296631 1.9371819496154785 19.52750015258789
vt 0.3430778980255127 0.9939919710159302
vn 0.16781216859817505 0.13599830865859985 0.9763931035995483
v -6.34999942779541 -0.02475585974752903 19.52750015258789
vt 0.025610201060771942 0.6946060061454773
vn 0.3217509984970093 0.016987306997179985 0.9466720223426819
v -6.513364315032959 -1.0562260150909424 19.52750015258789
vt 0.018561450764536858 0.6934896111488342
vn 0.2502019703388214 -0.06693881750106812 0.9658769965171814
v -10.759170532226562 5.5501708984375 27.396909713745117
vt 0.12119600176811218 0.8622137308120728
vn -0.8639646172523499 -0.5024082660675049 -0.033925581723451614
v -11.010129928588867 7.429810047149658 45.619049072265625
vt 0.22178509831428528 0.8696162104606628
vn -0.6686400771141052 0.7424905896186829 -0.04034976288676262
v -7.285981178283691 2.2903079986572266 9.163171768188477
vt 0.041293758898973465 0.6487972736358643
vn 0.42553719878196716 -0.1634179949760437 -0.8900631666183472
v -11.475379943847656 6.1724853515625 44.138214111328125
vt 0.2141629010438919 0.8609426021575928
vn -0.3841579854488373 0.8636278510093689 -0.32645002007484436
v -7.103094100952148 3.5328369140625 9.933612823486328
vt 0.33416610956192017 0.930575966835022
vn 0.4796803891658783 0.696417510509491 -0.5337690711021423
v -7.702901363372803 2.707202196121216 9.163171768188477
vt 0.33428311347961426 0.9219588041305542
vn 0.23938822746276855 0.29538002610206604 -0.9249020218849182
v -10.745140075683594 4.196753025054932 26.70549774169922
vt 0.11784250289201736 0.8549798727035522
vn -0.7579967975616455 0.5450446605682373 0.35828325152397156
v -9.687822341918945 4.372632026672363 9.933612823486328
vt 0.3190602958202362 0.9305658936500549
vn -2.2117005471500306e-07 0.9555602073669434 -0.2947959303855896
v -7.7258992195129395 2.675585985183716 19.52750015258789
vt 0.33475741744041443 0.9939919710159302
vn 0.11756782233715057 0.18119899928569794 0.9763936400413513
v -9.687822341918945 -4.422143936157227 19.03468894958496
vt 0.4013585150241852 0.9857885837554932
vn -1.67263735306733e-07 -0.9355377554893494 0.35322660207748413
v -8.328950881958008 -4.206958293914795 19.03468894958496
vt 0.39332151412963867 0.9857631921768188
vn 0.2769695520401001 -0.7945370674133301 0.5403689742088318
v -6.601047992706299 -3.0802979469299316 11.04275894165039
vt 0.37938791513442993 0.9373326301574707
vn 0.9754693508148193 -0.18962354958057404 0.111814484000206
v -8.656376838684082 3.1496832370758057 19.52750015258789
vt 0.3270971179008484 0.9939919710159302
vn 0.055826153606176376 0.208663672208786 0.9763927459716797
v -5.505645275115967 1.3341070413589478 19.03468894958496
vt 0.351490318775177 0.9854814410209656
vn 0.8294050693511963 0.31560686230659485 0.460954874753952
v -8.656376838684082 3.1496832370758057 19.52750015258789
vt 0.04730420932173729 0.6788443326950073
vn 0.055826153606176376 0.208663672208786 0.9763927459716797
v -9.687822341918945 -3.3625731468200684 19.52750015258789
vt 0.002799775917083025 0.6717956066131592
vn -2.8646693905898246e-09 -0.2157084047794342 0.9764577746391296
v -8.644287109375 -3.2364261150360107 9.163171768188477
vt 0.0035213499795645475 0.658079206943512
vn 0.08202975243330002 -0.3066309988498688 -0.9482871294021606
v -8.644287109375 3.1869139671325684 9.163171768188477
vt 0.0474180206656456 0.6580793857574463
vn 0.11386706680059433 0.2962886095046997 -0.9482865929603577
v -7.7258992195129395 2.675585985183716 19.52750015258789
vt 0.04406427964568138 0.6852031946182251
vn 0.11756782233715057 0.18119899928569794 0.9763936400413513
v -8.656376838684082 -3.199169874191284 19.52750015258789
vt 0.003916170913726091 0.6788443922996521
vn 0.07748646289110184 -0.20161950588226318 0.9763940572738647
v -7.7258992195129395 -2.7251219749450684 19.52750015258789
vt 0.007156100589782 0.6852031946182251
vn 0.1359967440366745 -0.16781647503376007 0.9763925671577454
v -11.046689987182617 4.157397270202637 19.03468894958496
vt 0.3270599842071533 0.985722005367279
vn -0.28485050797462463 0.8400183916091919 0.4617674648761749
v -14.029220581054688 -0.5973389148712158 11.042770385742188
vt 0.36133551597595215 0.9373536705970764
vn -0.7311722636222839 -0.6817835569381714 0.02363003045320511
v -12.272549629211426 3.5328369140625 19.03468894958496
vt 0.3346306085586548 0.9856012463569641
vn -0.5696811676025391 0.6790189146995544 0.4630298912525177
v -13.870000839233398 -1.3836430311203003 16.374691009521484
vt 0.3657076954841614 0.9692602157592773
vn -0.7423357963562012 -0.644153892993927 -0.18439967930316925
v -7.702901363372803 -2.756762981414795 9.163171768188477
vt 0.0068030026741325855 0.6516464948654175
vn 0.14787910878658295 -0.22790174186229706 -0.9623889923095703
v -11.649750709533691 2.675585985183716 19.52750015258789
vt 0.33475741744041443 0.9939919710159302
vn -0.11756813526153564 0.18119952082633972 0.9763935804367065
v -12.38818073272705 1.9371819496154785 19.52750015258789
vt 0.3430778980255127 0.9939919710159302
vn -0.16781334578990936 0.13599856197834015 0.9763928651809692
v -10.719269752502441 3.1496832370758057 19.52750015258789
vt 0.3270971179008484 0.9939919710159302
vn -0.055826153606176376 0.2086639404296875 0.9763926267623901
v -13.870000839233398 1.334082007408142 11.04275894165039
vt 0.3518249988555908 0.9372518658638
vn -0.7722922563552856 0.6278012990951538 0.09710943698883057
v -8.644287109375 3.1869139671325684 9.163171768188477
vt 0.3268814980983734 0.9219588041305542
vn 0.11386706680059433 0.2962886095046997 -0.9482865929603577
v -8.328949928283691 4.157397270202637 9.933612823486328
vt 0.32687461376190186 0.9305551648139954
vn 0.28728461265563965 0.8468829393386841 -0.447500616312027
v -6.987466335296631 1.9371819496154785 19.52750015258789
vt 0.03901778906583786 0.6902495622634888
vn 0.16781216859817505 0.13599830865859985 0.9763931035995483
v -9.687822341918945 3.3130619525909424 19.52750015258789
vt 0.04842060059309006 0.6717956066131592
vn 4.965436417592173e-08 0.21571624279022217 0.9764559864997864
v -6.955813407897949 -2.0096919536590576 9.163171768188477
vt 0.01190095953643322 0.6465400457382202
vn 0.5526771545410156 0.03934653848409653 -0.8324660658836365
v -12.7746000289917 -3.0802979469299316 11.04275894165039
vt 0.37938791513442993 0.9373326301574707
vn -0.9754694700241089 -0.18962380290031433 0.11181295663118362
v -13.245389938354492 -2.6094970703125 19.03468894958496
vt 0.37684890627861023 0.9856082201004028
vn -0.6910834312438965 -0.48001474142074585 0.5403605103492737
v -12.272549629211426 -3.5822999477386475 19.03468894958496
vt 0.38528361916542053 0.9856734871864319
vn -0.5089307427406311 -0.6700758337974548 0.5403589010238647
v -11.651590347290039 5.993628025054932 25.160511016845703
vt 0.1081589013338089 0.864307701587677
vn -0.8934687376022339 0.42146357893943787 0.15518410503864288
v -10.745140075683594 5.573974609375 31.847740173339844
vt 0.1458875983953476 0.8621649146080017
vn -0.9105634093284607 -0.41269630193710327 0.023579483851790428
v -13.481049537658691 1.230322003364563 11.044879913330078
vt 0.34969809651374817 0.9373158812522888
vn -0.4667504131793976 0.8843861818313599 -0.002260743174701929
v -13.870000839233398 -1.3836430311203003 12.029809951782227
vt 0.36554551124572754 0.9434278607368469
vn -0.14806073904037476 -0.9414271712303162 -0.30297356843948364
v -9.687822341918945 -3.4016849994659424 9.163171768188477
vt 0.0023912459146231413 0.665210485458374
vn 7.48180966070322e-08 -0.31701958179473877 -0.9484188556671143
v -10.745140075683594 4.594922065734863 28.559078216552734
vt 0.12754179537296295 0.8553242683410645
vn -0.8222118020057678 0.46483245491981506 -0.328479140996933
v -10.745140075683594 5.4638671875 30.05088996887207
vt 0.13587060570716858 0.8616138100624084
vn -0.848746120929718 -0.5286815762519836 0.011213823221623898
v -10.745140075683594 5.084814071655273 30.07452964782715
vt 0.13594040274620056 0.857908308506012
vn -0.6372854709625244 0.7472014427185059 -0.18856577575206757
v -9.687822341918945 3.3521971702575684 9.163171768188477
vt 0.04854628071188927 0.665210485458374
vn -1.0828968832754526e-08 0.31702545285224915 -0.9484170079231262
v -6.987466335296631 -1.9866700172424316 19.52750015258789
vt 0.012202589772641659 0.6902495622634888
vn 0.18119849264621735 -0.11757219582796097 0.9763933420181274
v -11.046689987182617 -4.206958293914795 19.03468894958496
vt 0.39332151412963867 0.9857631921768188
vn -0.27696919441223145 -0.7945372462272644 0.5403686761856079
v -12.272549629211426 -3.5822999477386475 9.933612823486328
vt 0.38351309299468994 0.9306318163871765
vn -0.5822367668151855 -0.7415722608566284 -0.33327314257621765
v -12.272549629211426 3.5328369140625 11.042770385742188
vt 0.3342721164226532 0.9372250437736511
vn -0.8297690749168396 0.5529083013534546 0.07599731534719467
v -10.745140075683594 5.013623237609863 37.20697784423828
vt 0.17601250112056732 0.8573690056800842
vn -0.8342016339302063 0.49455752968788147 0.24396838247776031
v -6.507699012756348 2.977490186691284 16.374691009521484
vt 0.33900830149650574 0.9693072438240051
vn 0.9744290113449097 0.0875915065407753 -0.2069198191165924
v -6.107308864593506 1.6638429164886475 12.014850616455078
vt 0.34705018997192383 0.943001389503479
vn 0.47978758811950684 0.86740642786026 -0.13194656372070312
v -5.7413649559021 1.778417944908142 16.374691009521484
vt 0.34878501296043396 0.9693149924278259
vn 0.4373931288719177 0.8530699014663696 -0.28453293442726135
v -10.745140075683594 3.758594036102295 27.63258934020996
vt 0.12227199971675873 0.8534435033798218
vn -0.7391747832298279 0.6699251532554626 0.06943380832672119
v -10.745140075683594 5.505419731140137 33.61882781982422
vt 0.1558251976966858 0.8602312803268433
vn -0.8035603761672974 0.5950918197631836 -0.012508517131209373
v -7.103094100952148 -3.5822999477386475 19.03468894958496
vt 0.38528361916542053 0.9856734871864319
vn 0.5089298486709595 -0.6700761914253235 0.5403593182563782
v -11.883660316467285 5.085179805755615 31.88051986694336
vt 0.14659400284290314 0.8546711802482605
vn -0.2809959053993225 0.950294554233551 -0.13409540057182312
v -5.505645275115967 -1.3836430311203003 16.374691009521484
vt 0.3657076954841614 0.9692602157592773
vn 0.7423337697982788 -0.6441561579704285 -0.1844000220298767
v -6.1302490234375 -2.6094970703125 16.374691009521484
vt 0.3755851984024048 0.9693130254745483
vn 0.9570596814155579 -0.21591776609420776 -0.19343294203281403
v -10.68971061706543 7.870482921600342 48.50531005859375
vt 0.23811030387878418 0.8735185861587524
vn -0.8130185604095459 0.5747181177139282 0.09327297657728195
v -11.691730499267578 6.243358612060547 23.987340927124023
vt 0.10111849755048752 0.8616223931312561
vn -0.8761155009269714 0.3578891158103943 0.32301223278045654
v -11.214639663696289 6.743066310882568 25.152568817138672
vt 0.10730230063199997 0.8678067922592163
vn -0.653540313243866 0.7311667799949646 0.1956527978181839
v -11.883660316467285 4.738061904907227 30.176570892333984
vt 0.13734160363674164 0.8528065085411072
vn -0.3024114668369293 0.9235972166061401 -0.23561713099479675
v -11.735719680786133 4.069287300109863 26.639129638671875
vt 0.11560410261154175 0.8505668044090271
vn -0.5262807011604309 0.7384745478630066 0.42152583599090576
v -11.627130508422852 4.595800876617432 40.14564895629883
vt 0.19261899590492249 0.8533129692077637
vn -0.377275288105011 0.8909655809402466 -0.25267311930656433
v -9.687822341918945 3.3521971702575684 9.163171768188477
vt 0.3190602958202362 0.9219588041305542
vn -1.0828968832754526e-08 0.31702545285224915 -0.9484170079231262
v -6.727723121643066 2.721557855606079 10.12870979309082
vt 0.33998170495033264 0.9310978651046753
vn 0.9703531265258789 0.10871224105358124 -0.21586178243160248
v -6.1540632247924805 1.9192869663238525 10.125590324401855
vt 0.3462812900543213 0.9311397671699524
vn 0.2657875418663025 0.9005867838859558 -0.3439481854438782
v -10.745140075683594 5.574536323547363 24.890411376953125
vt 0.1084028035402298 0.8595069646835327
vn -0.6891847252845764 0.3879789412021637 0.6119611263275146
v -10.745140075683594 5.864794731140137 25.098159790039062
vt 0.10918369889259338 0.8608306050300598
vn -0.795264482498169 -0.6044395565986633 0.046982862055301666
v -12.06149959564209 3.190062999725342 11.032309532165527
vt 0.33638209104537964 0.93709397315979
vn -0.9930055141448975 -0.027657169848680496 -0.11478273570537567
v -12.419830322265625 -2.0096919536590576 9.163171768188477
vt 0.3752492070198059 0.9219588041305542
vn -0.55267733335495 0.039344895631074905 -0.8324660062789917
v -11.046689987182617 -4.206958293914795 9.933612823486328
vt 0.3934434950351715 0.9306358695030212
vn -0.2653524875640869 -0.8540046215057373 -0.4475088119506836
v -11.67273998260498 -2.756762981414795 9.163171768188477
vt 0.38338470458984375 0.9219588041305542
vn -0.14787909388542175 -0.22790181636810303 -0.9623890519142151
v -13.245389938354492 2.5599610805511475 19.03468894958496
vt 0.3430587947368622 0.9855865836143494
vn -0.6291907429695129 0.43763092160224915 0.6423380970954895
v -6.34999942779541 -0.02475585974752903 19.52750015258789
vt 0.3600654900074005 0.9939919710159302
vn 0.3217509984970093 0.016987306997179985 0.9466720223426819
v -9.687822341918945 3.3130619525909424 19.52750015258789
vt 0.3190602958202362 0.9939919710159302
vn 4.965436417592173e-08 0.21571624279022217 0.9764559864997864
v -6.513364315032959 1.0066889524459839 19.52750015258789
vt 0.35141289234161377 0.9939919710159302
vn 0.20162582397460938 0.07748576998710632 0.9763927459716797
v -7.702901363372803 2.707202196121216 9.163171768188477
vt 0.044146180152893066 0.6516468524932861
vn 0.23938822746276855 0.29538002610206604 -0.9249020218849182
v -6.476154327392578 -1.0683109760284424 9.163171768188477
vt 0.018335459753870964 0.6432622075080872
vn 0.0 0.0 -0.9999999403953552
v -5.810425758361816 -1.9818120002746582 17.42053985595703
vt 0.370531290769577 0.9752897620201111
vn 0.8472651839256287 -0.4347054958343506 -0.3052419424057007
v -8.656376838684082 -3.199169874191284 19.52750015258789
vt 0.3932904899120331 0.993992030620575
vn 0.07748646289110184 -0.20161950588226318 0.9763940572738647
v -6.955813407897949 1.9601320028305054 9.163171768188477
vt 0.039033979177474976 0.6465404033660889
vn 0.0 0.0 -0.9999999403953552
v -6.827558994293213 -2.7595949172973633 11.039409637451172
vt 0.3771902918815613 0.9372519850730896
vn 0.9903173446655273 0.04386549070477486 -0.13170863687992096
v -10.731359481811523 -3.2364261150360107 9.163171768188477
vt 0.3934045135974884 0.9219588041305542
vn -0.08203006535768509 -0.3066311776638031 -0.9482870697975159
v -6.404933452606201 -2.3218510150909424 12.013130187988281
vt 0.3737929165363312 0.9431039094924927
vn 0.9853145480155945 -0.02295602671802044 -0.16919869184494019
v -12.939499855041504 -0.815747082233429 9.163171768188477
vt 0.36515501141548157 0.9219588041305542
vn -0.36398831009864807 -0.5846179127693176 -0.7250754237174988
v -6.416811466217041 2.3462159633636475 17.285240173339844
vt 0.34315159916877747 0.9734385013580322
vn -0.22948016226291656 0.7403193116188049 -0.6318750977516174
v -12.272549629211426 3.5328369140625 9.933612823486328
vt 0.33416610956192017 0.930575966835022
vn -0.4796794652938843 0.6964181065559387 -0.5337689518928528
v -11.67273998260498 2.707202196121216 9.163171768188477
vt 0.33428311347961426 0.9219588041305542
vn -0.2393878847360611 0.295379638671875 -0.9249023199081421
v -12.698430061340332 1.4133789539337158 9.163171768188477
vt 0.348038911819458 0.9219588041305542
vn -0.15280286967754364 0.639544665813446 -0.7534149289131165
v -13.221579551696777 1.9192869663238525 10.125590324401855
vt 0.3462812900543213 0.9311397671699524
vn -0.2657884359359741 0.9005860090255737 -0.34394970536231995
v -10.731359481811523 3.1869139671325684 9.163171768188477
vt 0.3268814980983734 0.9219588041305542
vn -0.11386718600988388 0.29628878831863403 -0.9482864737510681
v -14.085220336914062 -0.02475585974752903 9.933612823486328
vt 0.36009731888771057 0.9306670427322388
vn -0.9424894452095032 0.005481736734509468 -0.3341909945011139
v -12.899489402770996 1.0187499523162842 9.163171768188477
vt 0.35168859362602234 0.9219588041305542
vn -0.34430667757987976 0.11186853051185608 -0.9321685433387756
v -13.870000839233398 1.3341070413589478 9.933612823486328
vt 0.351901113986969 0.930670976638794
vn -0.850498378276825 0.2763379216194153 -0.4475376605987549
v -13.536640167236328 1.9883790016174316 9.933612823486328
vt 0.3480757176876068 0.9305868148803711
vn -0.48504531383514404 0.7826806306838989 -0.3900538980960846
v -13.064769744873047 -0.02475585974752903 9.163171768188477
vt 0.36011409759521484 0.9219588041305542
vn -0.4694271385669708 -0.024780398234725 -0.8826234340667725
v -7.7258992195129395 -2.7251219749450684 19.52750015258789
vt 0.38516131043434143 0.993992030620575
vn 0.1359967440366745 -0.16781647503376007 0.9763925671577454
v -5.722727298736572 1.7784419059753418 12.029809951782227
vt 0.34916311502456665 0.9432364702224731
vn -0.03183217719197273 0.9770391583442688 -0.2106683850288391
v -6.587812423706055 2.977490186691284 12.029809951782227
vt 0.338305801153183 0.9433019161224365
vn 0.9004688858985901 -0.32056212425231934 -0.2939317524433136
v -6.1540632247924805 1.9192869663238525 10.125590324401855
vt 0.3462812900543213 0.9311397671699524
vn -0.19844262301921844 0.7565950155258179 0.6230443716049194
v -6.416811466217041 2.3462159633636475 17.285240173339844
vt 0.34315159916877747 0.9734385013580322
vn 0.8822786211967468 -0.23326361179351807 -0.4088670313358307
v -6.609280109405518 -0.863085925579071 9.534521102905273
vt 0.36696290969848633 0.9247772693634033
vn 0.7738587260246277 -0.5702552199363708 -0.2755930721759796
v -13.245389938354492 -2.6094970703125 9.933612823486328
vt 0.37507209181785583 0.9306429028511047
vn -0.8620283603668213 -0.20446722209453583 -0.4637891948223114
v -11.046689987182617 4.157397270202637 9.933612823486328
vt 0.32687461376190186 0.9305551648139954
vn -0.2872840464115143 0.8468833565711975 -0.44750019907951355
v -13.929129600524902 -1.0102779865264893 9.933612823486328
vt 0.36525869369506836 0.9307050704956055
vn -0.6571701169013977 -0.6302810311317444 -0.4133681356906891
v -12.647919654846191 2.721557855606079 10.12870979309082
vt 0.33998170495033264 0.9310978651046753
vn -0.9703536629676819 0.10870930552482605 -0.21586087346076965
v -12.286709785461426 1.8635250329971313 9.534364700317383
vt 0.343133807182312 0.924593448638916
vn -0.7323601841926575 0.5328428149223328 -0.42394229769706726
v -13.56521987915039 -1.9818120002746582 17.42053985595703
vt 0.370531290769577 0.9752897620201111
vn -0.8472629189491272 -0.43470969796180725 -0.30524247884750366
v -10.745140075683594 5.404932022094727 31.864290237426758
vt 0.1459610015153885 0.8596547842025757
vn -0.7994187474250793 0.5982071161270142 -0.055478982627391815
v -10.745140075683594 4.949268341064453 40.0428466796875
vt 0.1911264955997467 0.8581864833831787
vn -0.7585158348083496 0.6177209615707397 -0.20754392445087433
v -11.653719902038574 5.496289253234863 24.797380447387695
vt 0.10516700148582458 0.8567889928817749
vn -0.6009352207183838 0.6211146116256714 0.5030840635299683
v -10.745140075683594 5.5127692222595215 35.44580841064453
vt 0.16606110334396362 0.860093891620636
vn -0.8127874732017517 0.5716171264648438 0.1123848557472229
v -10.745140075683594 5.668408393859863 33.62969970703125
vt 0.15586429834365845 0.8626934885978699
vn -0.8576654195785522 -0.513420581817627 0.028448395431041718
v -11.097869873046875 6.223462104797363 31.796310424804688
vt 0.1455661952495575 0.8673267960548401
vn -0.816490113735199 0.5772956609725952 -0.008577234111726284
v -11.128939628601074 7.235424995422363 43.96011734008789
vt 0.2124246060848236 0.8695806860923767
vn -0.7814322113990784 0.6210916638374329 -0.06007344648241997
v -11.883660316467285 4.314136028289795 28.79936981201172
vt 0.13000349700450897 0.8510385155677795
vn -0.30658143758773804 0.849189281463623 -0.42998284101486206
v -11.755160331726074 4.67543888092041 37.03009796142578
vt 0.17455559968948364 0.8534660339355469
vn -0.3213856518268585 0.9063933491706848 0.27415746450424194
v -11.883660316467285 5.163280963897705 35.3821907043457
vt 0.16554999351501465 0.8551676869392395
vn -0.29595959186553955 0.9503095746040344 0.09653840214014053
v -8.328949928283691 4.157397270202637 19.03468894958496
vt 0.3270599842071533 0.985722005367279
vn 0.28485095500946045 0.8400180339813232 0.4617677927017212
v -9.687822341918945 -4.422143936157227 9.933612823486328
vt 0.4013585150241852 0.9306381344795227
vn -5.7872775016676314e-08 -0.8090594410896301 -0.5877267718315125
v -9.687822341918945 -3.4016849994659424 9.163171768188477
vt 0.4013585150241852 0.9219588041305542
vn 7.48180966070322e-08 -0.31701958179473877 -0.9484188556671143
v -11.145278930664062 5.886303901672363 33.62969970703125
vt 0.15573710203170776 0.8652310371398926
vn -0.9024370908737183 -0.42977967858314514 0.02994275838136673
v -6.1302490234375 -2.6094970703125 9.933612823486328
vt 0.37507209181785583 0.9306429028511047
vn 0.8620287179946899 -0.2044660598039627 -0.4637889862060547
v -10.303159713745117 7.150195121765137 48.709922790527344
vt 0.24037760496139526 0.8698006868362427
vn -0.3867379426956177 -0.7404176592826843 0.5497413873672485
v -10.829349517822266 5.039453029632568 44.52381896972656
vt 0.21733909845352173 0.8546192049980164
vn -0.568405032157898 -0.7535036206245422 0.33037546277046204
v -10.68971061706543 7.870482921600342 48.50531005859375
vt 0.23811030387878418 0.8735185861587524
vn -0.8610996603965759 -0.3601789176464081 0.35885706543922424
v -10.747309684753418 5.956933975219727 46.44649887084961
vt 0.22755910456180573 0.8612685799598694
vn -0.5087171196937561 -0.739712119102478 0.4404917359352112
v -10.845990180969238 3.4880619049072266 40.319664001464844
vt 0.1940937042236328 0.8463078141212463
vn -0.44305044412612915 -0.8692211508750916 0.21945597231388092
v -11.627130508422852 4.595800876617432 40.14564895629883
vt 0.19261899590492249 0.8533129692077637
vn -0.8396314382553101 -0.5110771059989929 0.1838996410369873
v -11.129730224609375 4.134668350219727 35.12630844116211
vt 0.16495069861412048 0.8482760787010193
vn -0.4368076026439667 -0.8747925162315369 -0.20961178839206696
v -11.2081298828125 6.309863090515137 39.72896194458008
vt 0.18917250633239746 0.8667505979537964
vn -0.9484552145004272 -0.31651172041893005 0.01590777188539505
v -11.883660316467285 5.160107135772705 33.61983108520508
vt 0.15611310303211212 0.8552337884902954
vn -0.28368479013442993 0.9583619832992554 -0.03263644501566887
v -5.894588947296143 1.230322003364563 11.044879913330078
vt 0.34969809651374817 0.9373158812522888
vn 0.466747909784317 0.8843873739242554 -0.0022617343347519636
v -5.505645275115967 -1.3836430311203003 12.029809951782227
vt 0.36554551124572754 0.9434278607368469
vn 0.1480599045753479 -0.9414271712303162 -0.30297377705574036
v -5.505645275115967 1.334082007408142 11.04275894165039
vt 0.3518249988555908 0.9372518658638
vn 0.7722912430763245 0.6278024911880493 0.09710943698883057
v -6.1302490234375 -2.6094970703125 19.03468894958496
vt 0.37684890627861023 0.9856082201004028
vn 0.691084086894989 -0.4800124168395996 0.5403616428375244
v -11.691730499267578 6.243358612060547 23.987340927124023
vt 0.10111849755048752 0.8616223931312561
vn -0.15137623250484467 -0.967856228351593 -0.2008468210697174
v -11.178359985351562 5.796849727630615 31.83485984802246
vt 0.14573970437049866 0.8648889064788818
vn -0.7695345282554626 -0.6369068026542664 0.046545207500457764
v -10.745140075683594 6.516454696655273 44.0715217590332
vt 0.2126414030790329 0.8645454049110413
vn -0.33332547545433044 -0.9372206926345825 0.10252503305673599
v -11.220001220703125 6.68247127532959 44.045291900634766
vt 0.21265850961208344 0.8668913841247559
vn -0.7911780476570129 -0.609207808971405 0.053880076855421066
v -10.745140075683594 6.516454696655273 44.0715217590332
vt 0.2126414030790329 0.8645454049110413
vn -0.7141754031181335 0.6404502987861633 -0.2824483811855316
v -11.0743408203125 6.316844940185547 33.62969970703125
vt 0.15569910407066345 0.8676738142967224
vn -0.7617918252944946 0.6469306349754333 -0.033969294279813766
v -11.080379486083984 6.497973918914795 36.517478942871094
vt 0.17151759564876556 0.8683264255523682
vn -0.8182829022407532 0.5729246139526367 -0.04658900946378708
v -5.839004993438721 1.9883790016174316 9.933612823486328
vt 0.3480757176876068 0.9305868148803711
vn 0.48504409193992615 0.7826817631721497 -0.3900532126426697
v -7.103094100952148 -3.5822999477386475 9.933612823486328
vt 0.38351309299468994 0.9306318163871765
vn 0.582237184047699 -0.741571843624115 -0.33327311277389526
v -7.702901363372803 -2.756762981414795 9.163171768188477
vt 0.38338470458984375 0.9219588041305542
vn 0.14787910878658295 -0.22790174186229706 -0.9623889923095703
v -9.687822341918945 4.372632026672363 19.03468894958496
vt 0.3190602958202362 0.9857553839683533
vn -9.700642777943358e-08 0.710950493812561 0.7032421231269836
v -11.129389762878418 6.136475086212158 29.975339889526367
vt 0.13547129929065704 0.867041826248169
vn -0.8277503848075867 0.5610853433609009 0.003558739088475704
v -6.310873031616211 -0.02475585974752903 9.163171768188477
vt 0.025465279817581177 0.6421325206756592
vn 0.4694262146949768 -0.02478104643523693 -0.8826237916946411
v -5.446512222290039 -1.0102779865264893 9.933612823486328
vt 0.36525869369506836 0.9307050704956055
vn 0.6571695804595947 -0.6302822232246399 -0.4133671522140503
v -6.566026210784912 2.9957520961761475 9.933612823486328
vt 0.3381780982017517 0.9304366707801819
vn 0.9033461809158325 0.22978678345680237 -0.3621653616428375
v -6.310873031616211 -0.02475585974752903 9.163171768188477
vt 0.36011409759521484 0.9219588041305542
vn 0.4694262146949768 -0.02478104643523693 -0.8826237916946411
v -10.587559700012207 2.631885051727295 36.07307052612305
vt 0.17409460246562958 0.8412829637527466
vn -0.3815194070339203 -0.06711792945861816 -0.9219207763671875
v -11.241289138793945 6.799365043640137 46.04616165161133
vt 0.22427310049533844 0.8661575317382812
vn -0.9857519268989563 -0.02769365720450878 0.16591039299964905
v -6.476154327392578 1.0187499523162842 9.163171768188477
vt 0.35168859362602234 0.9219588041305542
vn 0.34430617094039917 0.1118697077035904 -0.93216872215271
v -6.955813407897949 -2.0096919536590576 9.163171768188477
vt 0.3752492070198059 0.9219588041305542
vn 0.5526771545410156 0.03934653848409653 -0.8324660658836365
v -11.165299415588379 6.069726467132568 36.516571044921875
vt 0.1716718077659607 0.865949273109436
vn -0.9589781165122986 -0.28322431445121765 0.012038926593959332
v -11.223800659179688 5.712964057922363 30.01947784423828
vt 0.135658398270607 0.8646243810653687
vn -0.9583050012588501 -0.2850038707256317 0.020595049485564232
v -10.745140075683594 6.048145294189453 39.83197021484375
vt 0.1899452954530716 0.8640143871307373
vn -0.8942065238952637 -0.44591662287712097 0.03940742090344429
v -6.677219390869141 1.4133789539337158 9.163171768188477
vt 0.03529331833124161 0.6446360349655151
vn 0.15280181169509888 0.6395438313484192 -0.7534158229827881
v -11.883660316467285 5.160107135772705 33.61983108520508
vt 0.15611310303211212 0.8552337884902954
vn -0.7421512603759766 -0.670121967792511 -0.01216375082731247
v -11.475379943847656 6.1724853515625 44.138214111328125
vt 0.2141629010438919 0.8609426021575928
vn -0.9534597992897034 0.2934204041957855 -0.06941685080528259
v -6.677219390869141 1.4133789539337158 9.163171768188477
vt 0.348038911819458 0.9219588041305542
vn 0.15280181169509888 0.6395438313484192 -0.7534158229827881
v -5.290421485900879 -0.02475585974752903 9.933612823486328
vt 0.36009731888771057 0.9306670427322388
vn 0.9424895644187927 0.005480355117470026 -0.33419081568717957
v -11.254509925842285 6.822021007537842 45.220279693603516
vt 0.2195408046245575 0.8658310174942017
vn -0.9734978079795837 0.22100649774074554 -0.05880601704120636
v -11.129730224609375 3.586060047149658 36.227970123291016
vt 0.171670600771904 0.8461281061172485
vn -0.6283837556838989 -0.6324020624160767 -0.4529918432235718
v -11.129730224609375 4.379345893859863 33.54978942871094
vt 0.15601180493831635 0.84935462474823
vn -0.3125046491622925 -0.949309766292572 -0.033939946442842484
v -11.883660316467285 5.163280963897705 35.3821907043457
vt 0.16554999351501465 0.8551676869392395
vn -0.8405499458312988 -0.5303720235824585 -0.11036857217550278
v -10.587559700012207 2.631885051727295 36.07307052612305
vt 0.17409460246562958 0.8412829637527466
vn -0.4059728682041168 -0.900330662727356 0.1568143367767334
v -11.651590347290039 5.993628025054932 25.160511016845703
vt 0.1081589013338089 0.864307701587677
vn -0.22962741553783417 -0.9654588103294373 -0.12312789261341095
v -6.436147212982178 -0.815747082233429 9.163171768188477
vt 0.36515501141548157 0.9219588041305542
vn 0.3639886975288391 -0.584615170955658 -0.7250774502754211
v -8.328950881958008 -4.206958293914795 9.933612823486328
vt 0.3934434950351715 0.9306358695030212
vn 0.2653523087501526 -0.8540046215057373 -0.4475089907646179
v -5.505645275115967 1.3341070413589478 9.933612823486328
vt 0.351901113986969 0.930670976638794
vn 0.8504982590675354 0.2763391435146332 -0.4475371241569519
v -7.285981178283691 2.2903079986572266 9.163171768188477
vt 0.33902961015701294 0.9219588041305542
vn 0.42553719878196716 -0.1634179949760437 -0.8900631666183472
v -10.745140075683594 4.489184856414795 38.16987991333008
vt 0.1815142035484314 0.8564026951789856
vn -0.7768905758857727 0.6296351552009583 -0.0007351731765083969
v -11.65779972076416 4.078906059265137 37.963600158691406
vt 0.18053029477596283 0.8512871265411377
vn -0.9852263927459717 0.08149375766515732 0.15062369406223297
v -7.088930130004883 1.8635250329971313 9.534364700317383
vt 0.343133807182312 0.924593448638916
vn 0.732357382774353 0.5328450202941895 -0.4239442050457001
v -8.644287109375 -3.2364261150360107 9.163171768188477
vt 0.3934045135974884 0.9219588041305542
vn 0.08202975243330002 -0.3066309988498688 -0.9482871294021606
v -5.901012897491455 -1.3301029205322266 12.002400398254395
vt 0.3675917983055115 0.9430291652679443
vn 0.5980704426765442 -0.767217218875885 -0.23171010613441467
v -5.741754531860352 -0.612255871295929 11.026450157165527
vt 0.36354881525039673 0.9369514584541321
vn 0.5722222328186035 -0.8108161091804504 -0.12303990870714188
v -6.816971778869629 2.651294231414795 12.002849578857422
vt 0.34036150574684143 0.9429025650024414
vn 0.9640362858772278 0.18224161863327026 -0.1934475153684616
v -6.476154327392578 1.0187499523162842 9.163171768188477
vt 0.032592978328466415 0.6432614326477051
vn 0.34430617094039917 0.1118697077035904 -0.93216872215271
v -6.436147212982178 -0.815747082233429 9.163171768188477
vt 0.020061269402503967 0.6429888010025024
vn 0.3639886975288391 -0.584615170955658 -0.7250774502754211
v -7.103095054626465 3.5328369140625 11.042770385742188
vt 0.3342721164226532 0.9372250437736511
vn 0.8297686576843262 0.5529090166091919 0.07599679380655289
v -7.314147472381592 3.190062999725342 11.032309532165527
vt 0.33638209104537964 0.93709397315979
vn 0.9930055141448975 -0.027656804770231247 -0.11478380858898163
v -5.346426963806152 -0.5973389148712158 11.042770385742188
vt 0.36133551597595215 0.9373536705970764
vn 0.7311705350875854 -0.6817852854728699 0.023630769923329353
v -7.103094100952148 3.5328369140625 19.03468894958496
vt 0.3346306085586548 0.9856012463569641
vn 0.5696797966957092 0.6790196895599365 0.4630304276943207
v -6.1302490234375 2.5599610805511475 17.420530319213867
vt 0.34301409125328064 0.9753595590591431
vn 0.8038709163665771 0.5429136157035828 -0.24297377467155457
v -6.8706488609313965 1.4272220134735107 9.534510612487793
vt 0.3459410071372986 0.9247453808784485
vn 0.6596819162368774 0.7450546026229858 -0.09855716675519943
v -6.127841949462891 1.667822003364563 16.374691009521484
vt 0.34679239988327026 0.9689471125602722
vn 0.2348412573337555 0.9529135823249817 -0.19184723496437073
v -6.741648197174072 2.655223846435547 16.374691009521484
vt 0.3410063087940216 0.9689834713935852
vn 0.992377758026123 -0.011046206578612328 -0.12273699790239334
v -5.899291038513184 -1.2841548919677734 16.374691009521484
vt 0.36771541833877563 0.9689699411392212
vn 0.4470791518688202 -0.8877279758453369 -0.10981445014476776
v -7.285981178283691 2.2903079986572266 9.163171768188477
vt 0.33902961015701294 0.9219588041305542
vn 0.6455119252204895 0.6454962491989136 0.40822622179985046
v -6.442177772521973 -2.3495850563049316 16.374691009521484
vt 0.3735761046409607 0.9689961671829224
vn 0.9423373937606812 0.30581119656562805 -0.13594019412994385
v -6.727723121643066 2.721557855606079 10.12870979309082
vt 0.33998170495033264 0.9310978651046753
vn 0.6475460529327393 -0.4181472659111023 0.637053370475769
v -6.955813407897949 1.9601320028305054 9.163171768188477
vt 0.34303951263427734 0.9219588041305542
vn 0.7379361987113953 0.5369719862937927 0.4087923467159271
v -6.1302490234375 -2.6094970703125 9.933612823486328
vt 0.37507209181785583 0.9306429028511047
vn 0.8107040524482727 0.329452782869339 0.48396244645118713
v -7.338933944702148 2.1084229946136475 9.534504890441895
vt 0.34113389253616333 0.9245949983596802
vn 0.909875214099884 0.40834155678749084 -0.07337721437215805
v -7.069485187530518 -1.8673099279403687 9.534518241882324
vt 0.37344470620155334 0.9251626133918762
vn 0.9963706731796265 -0.08280080556869507 -0.01973452791571617
v -6.1302490234375 -2.6094970703125 12.029809951782227
vt 0.37585651874542236 0.9433974623680115
vn 0.8502631783485413 0.45216718316078186 -0.26943910121917725
v -5.765573978424072 -1.024219036102295 10.103059768676758
vt 0.3671169877052307 0.9310803413391113
vn 0.32641100883483887 -0.9431765079498291 -0.062239211052656174
v -6.165656089782715 -1.8069089651107788 17.285240173339844
vt 0.3705770969390869 0.9732970595359802
vn 0.5567132830619812 -0.29109659790992737 -0.7780315279960632
v -6.3332839012146 -2.366137981414795 10.108059883117676
vt 0.37346741557121277 0.9311872124671936
vn 0.9796044826507568 0.1810733526945114 -0.08710623532533646
v -6.476154327392578 -1.0683109760284424 9.163171768188477
vt 0.3674079179763794 0.9219588041305542
vn 0.8447503447532654 -0.3099953830242157 0.43623363971710205
v -11.116540908813477 6.735010147094727 39.69950866699219
vt 0.18891260027885437 0.8689683079719543
vn -0.6647608280181885 0.7435055375099182 -0.07274928689002991
v -11.755160331726074 4.67543888092041 37.03009796142578
vt 0.17455559968948364 0.8534660339355469
vn -0.9893941879272461 -0.04016299173235893 0.1395922154188156
v -8.630531311035156 6.048145294189453 39.83197021484375
vt 0.1899452954530716 0.8640143871307373
vn 0.8942067623138428 -0.44591623544692993 0.0394073985517025
v -7.721949100494385 5.496289253234863 24.797380447387695
vt 0.10516700148582458 0.8567889928817749
vn 0.6009340882301331 0.6211156249046326 0.5030840635299683
v -8.630531311035156 5.822484970092773 36.51567077636719
vt 0.17190439999103546 0.8633015155792236
vn 0.8211965560913086 -0.56955486536026 0.0352632962167263
v -10.68080997467041 1.2458500862121582 28.852970123291016
vt 0.1254187971353531 0.8359953761100769
vn -0.4096123278141022 -0.9076066613197327 -0.09202136099338531
v -10.433889389038086 6.433691024780273 19.852970123291016
vt 0.07436695694923401 0.8582653999328613
vn -0.43160465359687805 -0.7881497740745544 -0.438790887594223
v -12.03158950805664 2.581372022628784 27.738300323486328
vt 0.12116160243749619 0.844240665435791
vn -0.9361318349838257 -0.2990903854370117 0.1849382072687149
v -10.815361022949219 2.3825929164886475 25.521759033203125
vt 0.10948269814252853 0.8395472764968872
vn -0.44642746448516846 -0.8083983659744263 -0.38365915417671204
v -12.03158950805664 3.436084032058716 26.32284927368164
vt 0.11327549815177917 0.8468037843704224
vn -0.9994523525238037 0.03207482770085335 0.008125157095491886
v -11.331080436706543 7.695996284484863 20.048038482666016
vt 0.07744750380516052 0.8662806749343872
vn -0.789858341217041 -0.5070587396621704 -0.3449857831001282
v -11.331080436706543 7.695996284484863 20.048038482666016
vt 0.07744750380516052 0.8662806749343872
vn -0.5902602076530457 0.8029517531394958 0.08283374458551407
v -11.883660316467285 4.738061904907227 30.176570892333984
vt 0.13734160363674164 0.8528065085411072
vn -0.7128205299377441 -0.6693719029426575 0.20935159921646118
v -11.129730224609375 3.6229000091552734 29.458940505981445
vt 0.13312649726867676 0.8450219035148621
vn -0.519145667552948 -0.6419517993927002 0.5642566680908203
v -11.129730224609375 3.6229000091552734 29.458940505981445
vt 0.13844330608844757 0.8296658992767334
vn -0.519145667552948 -0.6419517993927002 0.5642566680908203
v -8.630531311035156 6.516454696655273 44.0715217590332
vt 0.2126414030790329 0.8645454049110413
vn 0.7141733765602112 0.6404525637626648 -0.282448410987854
v -8.155672073364258 6.68247127532959 44.045291900634766
vt 0.21265850961208344 0.8668913841247559
vn 0.7911781072616577 -0.609207808971405 0.05387979745864868
v -10.68080997467041 1.2458500862121582 28.852970123291016
vt 0.12655450403690338 0.8261348009109497
vn 0.0 -0.05414414778351784 0.9985330700874329
v -7.492008686065674 5.085179805755615 31.88051986694336
vt 0.14659400284290314 0.8546711802482605
vn 0.28099602460861206 0.9502944946289062 -0.13409548997879028
v -7.492010116577148 4.738061904907227 30.176570892333984
vt 0.13734160363674164 0.8528065085411072
vn 0.3024117946624756 0.9235971570014954 -0.2356172353029251
v -7.492010116577148 4.314136028289795 28.79936981201172
vt 0.13000349700450897 0.8510385155677795
vn 0.3065817356109619 0.8491894006729126 -0.42998266220092773
v -8.259132385253906 6.735010147094727 39.69950866699219
vt 0.18891260027885437 0.8689683079719543
vn 0.6647610068321228 0.7435054779052734 -0.07274888455867767
v -10.159859657287598 7.188158988952637 17.92868995666504
vt 0.05928206071257591 0.8619921207427979
vn -0.3289426565170288 -0.8837120532989502 -0.33294081687927246
v -10.653189659118652 4.96201229095459 21.865680694580078
vt 0.0818653404712677 0.8411853909492493
vn -0.5322814583778381 -0.5498660802841187 -0.6436799168586731
v -7.492008209228516 5.160107135772705 33.61983108520508
vt 0.15611310303211212 0.8552337884902954
vn 0.2836846709251404 0.9583620429039001 -0.0326363779604435
v -8.167542457580566 6.309863090515137 39.72896194458008
vt 0.18917250633239746 0.8667505979537964
vn 0.948455274105072 -0.3165116608142853 0.01590866968035698
v -9.687834739685059 7.218945026397705 39.69200897216797
vt 0.18834300339221954 0.8766832947731018
vn 3.4892011058218486e-07 0.9951985478401184 -0.09787726402282715
v -11.129730224609375 4.08505916595459 30.5184383392334
vt 0.14314140379428864 0.8318508863449097
vn -0.38061457872390747 -0.8842040300369263 0.27076858282089233
v -8.630531311035156 6.516454696655273 44.0715217590332
vt 0.2126414030790329 0.8645454049110413
vn 0.3333265781402588 -0.9372203350067139 0.10252480953931808
v -11.129730224609375 4.3204827308654785 32.0193977355957
vt 0.14752860367298126 0.8488602042198181
vn -0.3895333409309387 -0.9163087010383606 0.09296228736639023
v -11.129730224609375 4.379345893859863 33.54978942871094
vt 0.15585419535636902 0.8341107964515686
vn -0.3125046491622925 -0.949309766292572 -0.033939946442842484
v -11.883660316467285 5.085179805755615 31.88051986694336
vt 0.14659400284290314 0.8546711802482605
vn -0.706530749797821 -0.7013266086578369 0.09463188797235489
v -11.129730224609375 4.3204827308654785 32.0193977355957
vt 0.14941899478435516 0.8335636854171753
vn -0.3895333409309387 -0.9163087010383606 0.09296228736639023
v -9.687834739685059 8.220409393310547 48.37788009643555
vt 0.2371131032705307 0.8790485858917236
vn 5.875353963347152e-07 0.9824973940849304 -0.18627649545669556
v -8.685961723327637 7.870482921600342 48.50531005859375
vt 0.23811030387878418 0.8735185861587524
vn 0.26146531105041504 0.9580649733543396 -0.1172495186328888
v -9.687834739685059 7.801074504852295 45.70399856567383
vt 0.22184839844703674 0.877112865447998
vn 0.0 0.9919774532318115 -0.12641450762748718
v -8.277793884277344 6.223462104797363 31.796310424804688
vt 0.1455661952495575 0.8673267960548401
vn 0.8164912462234497 0.5772942304611206 -0.0085778022184968
v -8.151870727539062 5.712964057922363 30.01947784423828
vt 0.135658398270607 0.8646243810653687
vn 0.9583045244216919 -0.28500595688819885 0.020594650879502296
v -8.246280670166016 6.136475086212158 29.975339889526367
vt 0.13547129929065704 0.867041826248169
vn 0.8277491927146912 0.5610869526863098 0.003558502299711108
v -8.2952880859375 6.497973918914795 36.517478942871094
vt 0.17151759564876556 0.8683264255523682
vn 0.8182812333106995 0.5729269981384277 -0.04658837243914604
v -8.630529403686523 5.5127692222595215 35.44580841064453
vt 0.16606110334396362 0.860093891620636
vn 0.8127872943878174 0.5716173052787781 0.11238473653793335
v -8.630529403686523 5.505419731140137 33.61882781982422
vt 0.1558251976966858 0.8602312803268433
vn 0.8035603165626526 0.5950918197631836 -0.012508459389209747
v -8.630531311035156 5.668408393859863 33.62969970703125
vt 0.15586429834365845 0.8626934885978699
vn 0.8576643466949463 -0.5134224891662598 0.02844838611781597
v -8.121162414550781 6.822021007537842 45.220279693603516
vt 0.2195408046245575 0.8658310174942017
vn 0.9734973311424255 0.22100786864757538 -0.05880850926041603
v -10.587559700012207 2.631885051727295 36.07307052612305
vt 0.17281070351600647 0.8326026201248169
vn -0.4059728682041168 -0.900330662727356 0.1568143367767334
v -10.845990180969238 3.4880619049072266 40.319664001464844
vt 0.1972195953130722 0.834030032157898
vn -0.44305044412612915 -0.8692211508750916 0.21945597231388092
v -11.303520202636719 7.338647365570068 22.948930740356445
vt 0.09598173946142197 0.8843408823013306
vn -0.5900585651397705 0.7816494703292847 0.2021261304616928
v -11.763059616088867 3.4267091751098633 27.884580612182617
vt 0.12343510240316391 0.848149299621582
vn -0.9055906534194946 0.3990771174430847 0.14367671310901642
v -11.883660316467285 4.314136028289795 28.79936981201172
vt 0.13000349700450897 0.8510385155677795
vn -0.7716854810714722 -0.5672762393951416 0.28757452964782715
v -11.129730224609375 4.08505916595459 30.5184383392334
vt 0.13923169672489166 0.8472372889518738
vn -0.38061457872390747 -0.8842040300369263 0.27076858282089233
v -11.080379486083984 6.497973918914795 36.517478942871094
vt 0.17002470791339874 0.8843408823013306
vn -0.8182829022407532 0.5729246139526367 -0.04658900946378708
v -10.159859657287598 7.188158988952637 17.92868995666504
vt 0.06289885938167572 0.8655481338500977
vn -0.3289426565170288 -0.8837120532989502 -0.33294081687927246
v -11.129730224609375 2.6516852378845215 28.92919921875
vt 0.1282435953617096 0.8417310118675232
vn -0.4747604429721832 -0.1790182888507843 0.8617163300514221
v -11.128939628601074 7.235424995422363 43.96011734008789
vt 0.21114040911197662 0.8843408823013306
vn -0.7814322113990784 0.6210916638374329 -0.06007344648241997
v -11.116540908813477 6.735010147094727 39.69950866699219
vt 0.1873341053724289 0.8843408823013306
vn -0.6647608280181885 0.7435055375099182 -0.07274928689002991
v -11.129389762878418 6.136475086212158 29.975339889526367
vt 0.13612109422683716 0.8843408823013306
vn -0.8277503848075867 0.5610853433609009 0.003558739088475704
v -10.433889389038086 6.433691024780273 19.852970123291016
vt 0.0693657323718071 0.8517541885375977
vn -0.43160465359687805 -0.7881497740745544 -0.438790887594223
v -10.561100006103516 5.795093059539795 20.932239532470703
vt 0.07557430118322372 0.8462588787078857
vn -0.4384172260761261 -0.6972863078117371 -0.5670819878578186
v -9.687834739685059 6.955370903015137 36.518768310546875
vt 0.1709057092666626 0.8763166069984436
vn 4.3266329186053554e-08 0.9976829886436462 -0.06803261488676071
v -7.620506286621094 4.67543888092041 37.03009796142578
vt 0.17455559968948364 0.8534660339355469
vn 0.32138529419898987 0.9063934683799744 0.2741571366786957
v -11.303520202636719 7.338647365570068 22.948930740356445
vt 0.09422480314970016 0.8664442896842957
vn -0.5900585651397705 0.7816494703292847 0.2021261304616928
v -12.03158950805664 5.084130764007568 24.00436782836914
vt 0.10082830488681793 0.8546493053436279
vn -0.9765835404396057 -0.1429380178451538 -0.16078989207744598
v -9.687834739685059 6.749072074890137 29.904769897460938
vt 0.1351936012506485 0.8756610751152039
vn 1.6217335030432878e-08 0.9999865889549255 0.005179794505238533
v -8.230386734008789 5.886303901672363 33.62969970703125
vt 0.15573710203170776 0.8652310371398926
vn 0.9024361371994019 -0.42978161573410034 0.02994297258555889
v -8.197308540344238 5.796849727630615 31.83485984802246
vt 0.14573970437049866 0.8648889064788818
vn 0.7695316672325134 -0.6369102001190186 0.04654456675052643
v -11.790980339050293 6.644799709320068 22.355789184570312
vt 0.09103180468082428 0.8614773750305176
vn -0.9697486758232117 -0.11583975702524185 -0.21486926078796387
v -10.561100006103516 5.795093059539795 20.932239532470703
vt 0.08102504163980484 0.8543645143508911
vn -0.4384172260761261 -0.6972863078117371 -0.5670819878578186
v -7.6839399337768555 6.243358612060547 23.987340927124023
vt 0.10111849755048752 0.8616223931312561
vn 0.15137632191181183 -0.967856228351593 -0.2008468210697174
v -7.7240800857543945 5.993628025054932 25.160511016845703
vt 0.1081589013338089 0.864307701587677
vn 0.2296275496482849 -0.9654587507247925 -0.12312830239534378
v -11.129730224609375 2.6516852378845215 28.92919921875
vt 0.13370899856090546 0.8268563747406006
vn -0.4747604429721832 -0.1790182888507843 0.8617163300514221
v -8.630529403686523 5.404932022094727 31.864290237426758
vt 0.1459610015153885 0.8596547842025757
vn 0.7994187474250793 0.5982071161270142 -0.05547900125384331
v -8.630531311035156 5.4638671875 30.05088996887207
vt 0.13587060570716858 0.8616138100624084
vn 0.8487457036972046 -0.5286821722984314 0.011214455589652061
v -8.630531311035156 5.573974609375 31.847740173339844
vt 0.1458875983953476 0.8621649146080017
vn 0.9105629920959473 -0.4126972258090973 0.023579536005854607
v -10.771320343017578 3.695189952850342 22.841289520263672
vt 0.09427548944950104 0.8452184796333313
vn -0.3708552420139313 -0.67399001121521 -0.6389082074165344
v -11.730220794677734 6.946654796600342 22.56818962097168
vt 0.09214385598897934 0.8632407784461975
vn -0.8988606333732605 0.42543524503707886 0.10513967275619507
v -10.303159713745117 7.150195121765137 48.709922790527344
vt 0.24557490646839142 0.8656477928161621
vn -0.3867379426956177 -0.7404176592826843 0.5497413873672485
v -10.653189659118652 4.96201229095459 21.865680694580078
vt 0.08708188682794571 0.8503643274307251
vn -0.5322814583778381 -0.5498660802841187 -0.6436799168586731
v -10.956369400024414 8.063770294189453 18.195690155029297
vt 0.06710217148065567 0.8700531721115112
vn -0.7693772912025452 -0.5751457810401917 -0.2779674828052521
v -11.0743408203125 6.316844940185547 33.62969970703125
vt 0.1549057960510254 0.8843408823013306
vn -0.7617918252944946 0.6469306349754333 -0.033969294279813766
v -11.097869873046875 6.223462104797363 31.796310424804688
vt 0.14558720588684082 0.8843408823013306
vn -0.816490113735199 0.5772956609725952 -0.008577234111726284
v -9.687834739685059 8.452661514282227 18.13677978515625
vt 0.06741351634263992 0.8773640990257263
vn 7.031943027868692e-08 0.9998645186424255 -0.016457634046673775
v -8.419300079345703 8.063770294189453 18.195690155029297
vt 0.06710217148065567 0.8700531721115112
vn 0.31865566968917847 0.9475105404853821 0.02612096257507801
v -11.129730224609375 3.586060047149658 36.227970123291016
vt 0.16791030764579773 0.8319165706634521
vn -0.6283837556838989 -0.6324020624160767 -0.4529918432235718
v -8.120723724365234 5.750391006469727 27.56097984313965
vt 0.1218440979719162 0.8650224804878235
vn 0.8971379995346069 -0.4406164884567261 0.031629983335733414
v -8.222588539123535 6.174731254577637 27.498897552490234
vt 0.12140890210866928 0.8672907948493958
vn 0.7300576567649841 0.673737108707428 0.11443038284778595
v -7.639944076538086 4.069287300109863 26.639129638671875
vt 0.11560410261154175 0.8505668044090271
vn 0.5262807011604309 0.7384743094444275 0.4215260148048401
v -7.9002838134765625 6.1724853515625 44.138214111328125
vt 0.2141629010438919 0.8609426021575928
vn 0.384156733751297 0.8636281490325928 -0.32645049691200256
v -7.492010116577148 5.163280963897705 35.3821907043457
vt 0.16554999351501465 0.8551676869392395
vn 0.2959597110748291 0.9503094553947449 0.0965382531285286
v -7.74853515625 4.595800876617432 40.14564895629883
vt 0.19261899590492249 0.8533129692077637
vn 0.3772743046283722 0.8909658789634705 -0.25267353653907776
v -8.301328659057617 6.316844940185547 33.62969970703125
vt 0.15569910407066345 0.8676738142967224
vn 0.7617896199226379 0.6469333171844482 -0.033968981355428696
v -10.815361022949219 2.3825929164886475 25.521759033203125
vt 0.1069445013999939 0.8278964757919312
vn -0.44642746448516846 -0.8083983659744263 -0.38365915417671204
v -10.771320343017578 3.695189952850342 22.841289520263672
vt 0.08974412083625793 0.8350691795349121
vn -0.3708552420139313 -0.67399001121521 -0.6389082074165344
v -10.68080997467041 1.2458500862121582 28.852970123291016
vt 0.12655450403690338 0.8261348009109497
vn -0.4096123278141022 -0.9076066613197327 -0.09202136099338531
v -9.687834739685059 6.771997451782227 32.69532775878906
vt 0.15041090548038483 0.8758782744407654
vn -2.3290286321753229e-07 0.9994148015975952 -0.03420393541455269
v -8.210365295410156 6.069726467132568 36.516571044921875
vt 0.1716718077659607 0.865949273109436
vn 0.9589786529541016 -0.283222496509552 0.012039311230182648
v -9.687834739685059 8.08449649810791 14.017790794372559
vt 0.04407433792948723 0.8843408823013306
vn -0.4876573383808136 0.8333920836448669 -0.2600923776626587
v -11.129730224609375 4.134668350219727 35.12630844116211
vt 0.16263020038604736 0.833440899848938
vn -0.4368076026439667 -0.8747925162315369 -0.20961178839206696
v -10.587559700012207 2.631885051727295 36.07307052612305
vt 0.17281070351600647 0.8326026201248169
vn -0.3815194070339203 -0.06711792945861816 -0.9219207763671875
v -10.829349517822266 5.039453029632568 44.52381896972656
vt 0.22277399897575378 0.8436840176582336
vn -0.568405032157898 -0.7535036206245422 0.33037546277046204
v -10.747309684753418 5.956933975219727 46.44649887084961
vt 0.23436680436134338 0.8519687652587891
vn -0.5087171196937561 -0.739712119102478 0.4404917359352112
v -10.68971061706543 7.870482921600342 48.50531005859375
vt 0.2363882064819336 0.8843410015106201
vn -0.8130185604095459 0.5747181177139282 0.09327297657728195
v -9.687834739685059 6.875609874725342 27.415769577026367
vt 0.12105699628591537 0.8758329749107361
vn 3.81012235095568e-08 0.9856837391853333 0.1686052531003952
v -9.687834739685059 8.34389591217041 20.073299407958984
vt 0.07809238135814667 0.8756389021873474
vn -2.1693905694064597e-07 0.9940880537033081 0.10857683420181274
v -9.687834739685059 7.612280368804932 43.88969802856445
vt 0.21174579858779907 0.8769059181213379
vn 9.255228405891103e-08 0.9951726794242859 -0.09814047813415527
v -10.956369400024414 8.063770294189453 18.195690155029297
vt 0.0683717131614685 0.8843408823013306
vn -0.3186558187007904 0.9475104808807373 0.026121163740754128
v -11.331080436706543 7.695996284484863 20.048038482666016
vt 0.07942268252372742 0.8843408823013306
vn -0.5902602076530457 0.8029517531394958 0.08283374458551407
v -9.687834739685059 8.750585556030273 50.75746154785156
vt 0.25208109617233276 0.8843410015106201
vn -0.8660991191864014 0.4547312557697296 0.20758548378944397
v -8.694854736328125 1.2458500862121582 28.852970123291016
vt 0.1254187971353531 0.8359953761100769
vn 0.0 -0.05414414778351784 0.9985330700874329
v -8.246732711791992 7.235424995422363 43.96011734008789
vt 0.2124246060848236 0.8695806860923767
vn 0.7814334034919739 0.6210900545120239 -0.060074105858802795
v -9.687834739685059 7.890356063842773 22.997779846191406
vt 0.09482920914888382 0.8754152059555054
vn 2.6415321485728782e-08 0.9847134947776794 0.17418184876441956
v -9.687834739685059 7.338037014007568 25.205150604248047
vt 0.10778730362653732 0.8759211897850037
vn 1.748974227666622e-07 0.9705084562301636 0.2410668581724167
v -11.153079986572266 6.174731254577637 27.498897552490234
vt 0.12273740023374557 0.8843408823013306
vn -0.7300596833229065 0.6737346053123474 0.1144307553768158
v -11.010129928588867 7.429810047149658 45.619049072265625
vt 0.22040170431137085 0.8843408823013306
vn -0.6686400771141052 0.7424905896186829 -0.04034976288676262
v -11.214639663696289 6.743066310882568 25.152568817138672
vt 0.10907090455293655 0.8843408823013306
vn -0.653540313243866 0.7311667799949646 0.1956527978181839
v -8.630529403686523 5.084814071655273 30.07452964782715
vt 0.13594040274620056 0.857908308506012
vn 0.6372857093811035 0.7472014427185059 -0.18856580555438995
v -8.630529403686523 5.013623237609863 37.20697784423828
vt 0.17601250112056732 0.8573690056800842
vn 0.8342013955116272 0.4945577085018158 0.2439686357975006
v -8.630529403686523 4.489184856414795 38.16987991333008
vt 0.1815142035484314 0.8564026951789856
vn 0.7768902778625488 0.6296355128288269 -0.0007352930260822177
v -8.630529403686523 4.949268341064453 40.0428466796875
vt 0.1911264955997467 0.8581864833831787
vn 0.7585148811340332 0.6177219748497009 -0.20754429697990417
v -8.814565658569336 5.795093059539795 20.932239532470703
vt 0.08102504163980484 0.8543645143508911
vn 0.4388607144355774 -0.7193121910095215 -0.538508415222168
v -8.722477912902832 4.96201229095459 21.865680694580078
vt 0.08708188682794571 0.8503643274307251
vn 0.3813718557357788 -0.6105834245681763 -0.6940773725509644
v -7.344074726104736 5.084130764007568 24.00436782836914
vt 0.10082830488681793 0.8546493053436279
vn 0.9765839576721191 -0.1429363489151001 -0.16078901290893555
v -7.344074726104736 2.581372022628784 27.738300323486328
vt 0.12116160243749619 0.844240665435791
vn 0.9361319541931152 -0.2990891933441162 0.18493929505348206
v -11.90291976928711 1.4974119663238525 7.934765338897705
vt 0.05288638919591904 0.7174457311630249
vn -0.6096042394638062 -0.7731239199638367 -0.17510589957237244
v -8.24593734741211 2.6516852378845215 28.92919921875
vt 0.1282435953617096 0.8417310118675232
vn 0.4755931496620178 -0.2618197500705719 0.8397985100746155
v -8.694854736328125 1.2458500862121582 28.852970123291016
vt 0.1254187971353531 0.8359953761100769
vn 0.5534254908561707 -0.8328394889831543 0.009922908619046211
v -7.612607955932617 3.4267091751098633 27.884580612182617
vt 0.12343510240316391 0.848149299621582
vn 0.9055901169776917 0.3990779519081116 0.14367760717868805
v -8.24593734741211 3.6229000091552734 29.458940505981445
vt 0.13312649726867676 0.8450219035148621
vn 0.5152189135551453 -0.7091818451881409 0.48125919699668884
v -9.687834739685059 8.08449649810791 14.017790794372559
vt 0.04407433792948723 0.8843408823013306
vn 0.41476085782051086 -0.8747576475143433 -0.25054457783699036
v -8.941783905029297 6.433691024780273 19.852970123291016
vt 0.07436695694923401 0.8582653999328613
vn 0.4320378005504608 -0.8019939064979553 -0.4124913215637207
v -8.419300079345703 8.063770294189453 18.195690155029297
vt 0.06710217148065567 0.8700531721115112
vn 0.7693758010864258 -0.5751476287841797 -0.2779678702354431
v -7.492010116577148 4.314136028289795 28.79936981201172
vt 0.13000349700450897 0.8510385155677795
vn 0.7716867923736572 -0.5672745108604431 0.2875743508338928
v -7.584686279296875 6.644799709320068 22.355789184570312
vt 0.09103180468082428 0.8614773750305176
vn 0.9697485566139221 -0.11584111303091049 -0.21486890316009521
v -8.546318054199219 5.039453029632568 44.52381896972656
vt 0.21733909845352173 0.8546192049980164
vn 0.5682424306869507 -0.7474208474159241 0.34418410062789917
v -7.9002838134765625 6.1724853515625 44.138214111328125
vt 0.2141629010438919 0.8609426021575928
vn 0.9534581303596497 0.29342591762542725 -0.0694173276424408
v -7.717869281768799 4.078906059265137 37.963600158691406
vt 0.18053029477596283 0.8512871265411377
vn 0.9852264523506165 0.08149426430463791 0.15062353014945984
v -8.134378433227539 6.799365043640137 46.04616165161133
vt 0.22427310049533844 0.8661575317382812
vn 0.9857521057128906 -0.027691185474395752 0.16590949892997742
v -8.3655366897583 7.429810047149658 45.619049072265625
vt 0.22178509831428528 0.8696162104606628
vn 0.6686418056488037 0.7424890995025635 -0.04035080224275589
v -7.7240800857543945 5.993628025054932 25.160511016845703
vt 0.1081589013338089 0.864307701587677
vn 0.893467366695404 0.4214666485786438 0.15518330037593842
v -12.205710411071777 7.141552925109863 19.833620071411133
vt 0.020190419629216194 0.8247634768486023
vn -0.7544830441474915 0.6266295909881592 0.1951686143875122
v -7.645444393157959 6.946654796600342 22.56818962097168
vt 0.09214385598897934 0.8632407784461975
vn 0.8988602161407471 0.42543551325798035 0.10514134168624878
v -12.205719947814941 5.565624713897705 20.947410583496094
vt 0.013217689469456673 0.8343576192855835
vn -0.8085305690765381 -0.5784571766853333 -0.10800684988498688
v -7.492010116577148 5.163280963897705 35.3821907043457
vt 0.16554999351501465 0.8551676869392395
vn 0.8405506014823914 -0.5303708910942078 -0.11036878079175949
v -7.74853515625 4.595800876617432 40.14564895629883
vt 0.19261899590492249 0.8533129692077637
vn 0.8396314382553101 -0.511077344417572 0.1838994324207306
v -8.52967357635498 3.4880619049072266 40.319664001464844
vt 0.1940937042236328 0.8463078141212463
vn 0.4431982636451721 -0.8616542220115662 0.24723950028419495
v -8.630529403686523 3.758594036102295 27.63258934020996
vt 0.12227199971675873 0.8534435033798218
vn 0.7391752600669861 0.6699244379997253 0.06943429261445999
v -8.161029815673828 6.743066310882568 25.152568817138672
vt 0.10730230063199997 0.8678067922592163
vn 0.653540313243866 0.7311668992042542 0.19565260410308838
v -7.6839399337768555 6.243358612060547 23.987340927124023
vt 0.10111849755048752 0.8616223931312561
vn 0.8761141300201416 0.3578908443450928 0.32301396131515503
v -11.729129791259766 5.013086318969727 20.338951110839844
vt 0.01711731031537056 0.8387327194213867
vn -0.7538579106330872 -0.2976791560649872 0.5857349038124084
v -11.902910232543945 1.621093988418579 8.49550724029541
vt 0.05452699959278107 0.7205923795700073
vn -0.7909387946128845 -0.5736616253852844 -0.21290408074855804
v -8.044585227966309 7.695996284484863 20.048038482666016
vt 0.07744750380516052 0.8662806749343872
vn 0.9117801785469055 0.3939589560031891 -0.11598827689886093
v -8.630524635314941 5.574536323547363 24.890411376953125
vt 0.1084028035402298 0.8595069646835327
vn 0.6891840100288391 0.3879808187484741 0.6119610071182251
v -12.164199829101562 5.715551853179932 19.833620071411133
vt 0.020109860226511955 0.8335530161857605
vn -0.9898735284805298 -0.09587671607732773 0.1046806201338768
v -8.630529403686523 5.864794731140137 25.098159790039062
vt 0.10918369889259338 0.8608306050300598
vn 0.7952653169631958 -0.6044382452964783 0.04698306694626808
v -8.630529403686523 4.594922065734863 28.559078216552734
vt 0.12754179537296295 0.8553242683410645
vn 0.8222123384475708 0.4648319184780121 -0.32847827672958374
v -8.616494178771973 5.5501708984375 27.396909713745117
vt 0.12119600176811218 0.8622137308120728
vn 0.863963782787323 -0.5024097561836243 -0.03392544016242027
v -8.757406234741211 8.041064262390137 4.7767720222473145
vt 0.4382184147834778 0.9663851261138916
vn 0.9882621169090271 -0.09119774401187897 0.12255959212779999
v -8.757406234741211 8.596362113952637 4.562227249145508
vt 0.436883807182312 0.9631928205490112
vn 0.9041176438331604 0.32216012477874756 0.2806848883628845
v -8.757406234741211 7.803637981414795 6.005005836486816
vt 0.43335220217704773 0.9728057384490967
vn 0.7417320609092712 -0.6490436792373657 -0.16904406249523163
v -8.24593734741211 4.134668350219727 35.12630844116211
vt 0.16495069861412048 0.8482760787010193
vn 0.4377327561378479 -0.8592029809951782 -0.2648780047893524
v -8.788105010986328 2.631885051727295 36.07307052612305
vt 0.17409460246562958 0.8412829637527466
vn 0.4727325141429901 -0.8614243865013123 -0.18566587567329407
v -8.24593734741211 3.586060047149658 36.227970123291016
vt 0.171670600771904 0.8461281061172485
vn 0.66490238904953 -0.4667765200138092 -0.583116352558136
v -7.620506286621094 4.67543888092041 37.03009796142578
vt 0.17455559968948364 0.8534660339355469
vn 0.9893941283226013 -0.04016362130641937 0.1395922303199768
v -7.492008209228516 5.160107135772705 33.61983108520508
vt 0.15611310303211212 0.8552337884902954
vn 0.7421520948410034 -0.6701211333274841 -0.012163608334958553
v -8.685961723327637 7.870482921600342 48.50531005859375
vt 0.23811030387878418 0.8735185861587524
vn 0.9412662982940674 0.2721116840839386 0.1999322772026062
v -8.24593734741211 4.379345893859863 33.54978942871094
vt 0.15601180493831635 0.84935462474823
vn 0.3125055432319641 -0.9469009637832642 -0.07562389969825745
v -9.072504043579102 7.150195121765137 48.709922790527344
vt 0.24037760496139526 0.8698006868362427
vn 0.48578351736068726 -0.6745707392692566 0.5558494925498962
v -9.687834739685059 8.750585556030273 50.75746154785156
vt 0.25208109617233276 0.8843410015106201
vn 0.7877402901649475 -0.11830288916826248 0.6045408844947815
v -8.24593734741211 4.3204827308654785 32.0193977355957
vt 0.14752860367298126 0.8488602042198181
vn 0.3894774913787842 -0.9182298183441162 0.07184172421693802
v -8.24593734741211 4.08505916595459 30.5184383392334
vt 0.13923169672489166 0.8472372889518738
vn 0.3804319500923157 -0.8966968655586243 0.2262876033782959
v -7.344074726104736 3.436084032058716 26.32284927368164
vt 0.11327549815177917 0.8468037843704224
vn 0.9994523525238037 0.03207537904381752 0.008125705644488335
v -8.604344367980957 3.695189952850342 22.841289520263672
vt 0.09427548944950104 0.8452184796333313
vn 0.371488094329834 -0.7411311864852905 -0.5592146515846252
v -8.072151184082031 7.338647365570068 22.948930740356445
vt 0.09422480314970016 0.8664442896842957
vn 0.5900567173957825 0.7816506028175354 0.20212720334529877
v -8.628355026245117 5.956933975219727 46.44649887084961
vt 0.22755910456180573 0.8612685799598694
vn 0.5084594488143921 -0.7358522415161133 0.44720301032066345
v -8.630529403686523 4.196753025054932 26.70549774169922
vt 0.11784250289201736 0.8549798727035522
vn 0.757997453212738 0.5450441241264343 0.35828274488449097
v -7.492010116577148 4.738061904907227 30.176570892333984
vt 0.13734160363674164 0.8528065085411072
vn 0.712821900844574 -0.6693705320358276 0.20935103297233582
v -7.492008686065674 5.085179805755615 31.88051986694336
vt 0.14659400284290314 0.8546711802482605
vn 0.7065317630767822 -0.7013256549835205 0.09463151544332504
v -8.560306549072266 2.3825929164886475 25.521759033203125
vt 0.10948269814252853 0.8395472764968872
vn 0.4467426538467407 -0.8165239691734314 -0.36566299200057983
v -9.215811729431152 7.188158988952637 17.92868995666504
vt 0.06289885938167572 0.8655481338500977
vn 0.41316288709640503 -0.853472888469696 -0.3176165819168091
v -12.205719947814941 5.565624713897705 20.947410583496094
vt 0.013217689469456673 0.8343576192855835
vn -0.31988725066185 -0.11382421106100082 0.9405935406684875
v -10.720560073852539 -4.644433975219727 21.634220123291016
vt 0.2623707056045532 0.8411087989807129
vn -0.48890796303749084 -0.5990626215934753 0.6341078877449036
v -11.389280319213867 -1.3016599416732788 23.51913070678711
vt 0.22898560762405396 0.8410159349441528
vn -0.3922213613986969 -0.9191117882728577 -0.03736225143074989
v -12.164210319519043 -4.398462295532227 20.03144073486328
vt 0.2695516049861908 0.8313038349151611
vn -0.8873992562294006 -0.2930821180343628 0.35584479570388794
v -11.479389190673828 -1.5583990812301636 22.445430755615234
vt 0.23471060395240784 0.8437750935554504
vn -0.4062284827232361 -0.8425108790397644 0.3537709712982178
v -7.791586875915527 1.379883050918579 20.868289947509766
vt 0.25613269209861755 0.7965357303619385
vn 0.8242550492286682 -0.43717312812805176 -0.35983777046203613
v -7.21143913269043 1.621093988418579 20.00351905822754
vt 0.2641051113605499 0.7967432737350464
vn 0.8078747391700745 0.24167762696743011 0.5375224947929382
v -7.21143913269043 0.983813464641571 24.93808937072754
vt 0.2294335961341858 0.7989276051521301
vn 0.675396740436554 0.7366178035736084 0.03512130305171013
v -11.019760131835938 -3.9248290061950684 20.97734832763672
vt 0.2602139115333557 0.8356645107269287
vn -0.3984971344470978 0.27704286575317383 0.8743267059326172
v -11.085790634155273 -0.8444580435752869 27.617109298706055
vt 0.20342910289764404 0.8299025297164917
vn -0.33017832040786743 -0.8803671598434448 0.34049397706985474
v -11.584060668945312 1.738916039466858 20.099260330200195
vt 0.260805606842041 0.7951217889785767
vn -0.807614803314209 0.24096687138080597 0.5382314920425415
v -11.085779190063477 1.9269781112670898 25.029918670654297
vt 0.2266843020915985 0.7917572855949402
vn -0.29042091965675354 0.9542484879493713 -0.07117079943418503
v -11.584060668945312 -0.02468261867761612 24.78028106689453
vt 0.23143939673900604 0.8066321015357971
vn -0.9999999403953552 0.0 -0.0
v -11.584060668945312 -0.7724365592002869 24.940959930419922
vt 0.2301512062549591 0.8107562065124512
vn -0.77109295129776 0.6293207406997681 0.09680479019880295
v -12.164210319519043 1.621093988418579 20.00351905822754
vt 0.2641051113605499 0.7967432737350464
vn -0.8078745007514954 0.24167774617671967 0.5375226736068726
v -11.085790634155273 0.7951171398162842 27.617109298706055
vt 0.2110673040151596 0.7988772988319397
vn -0.3301830291748047 0.8803694844245911 0.34048283100128174
v -12.164210319519043 -0.02468261867761612 27.42091941833496
vt 0.2145276963710785 0.8065378665924072
vn -0.432734876871109 0.8983079791069031 -0.07604657858610153
v -11.584060668945312 0.11354979872703552 23.441560745239258
vt 0.23971650004386902 0.8055995106697083
vn -0.9405589699745178 -0.33952397108078003 0.008501630276441574
v -11.085779190063477 -0.02468261867761612 30.320411682128906
vt 0.19521139562129974 0.8064166903495789
vn -0.21543428301811218 0.9344923496246338 0.2833937704563141
v -12.164210319519043 0.8485596179962158 20.929229736328125
vt 0.2581354081630707 0.8015742301940918
vn -0.8751903176307678 0.3602398931980133 0.3229074478149414
v -11.584060668945312 0.6122803092002869 22.01667022705078
vt 0.24903210997581482 0.8019245862960815
vn -0.8329426646232605 -0.5049800276756287 -0.2262779027223587
v -11.584060668945312 0.993408203125 20.992538452148438
vt 0.2554478049278259 0.7989168167114258
vn -0.7200536131858826 0.5173761248588562 0.462433397769928
v -12.164210319519043 -0.4238280951976776 23.43906021118164
vt 0.23929589986801147 0.8124517202377319
vn -0.4101206660270691 0.9117457866668701 0.022817080840468407
v -11.584060668945312 -1.042822003364563 20.992538452148438
vt 0.2553020119667053 0.8146274089813232
vn -0.7200694680213928 -0.51735919713974 0.46242761611938477
v -12.164210319519043 -1.0332280397415161 24.93808937072754
vt 0.22934089601039886 0.8143160343170166
vn -0.340864896774292 0.9332531690597534 -0.11335651576519012
v -11.584060668945312 0.7230713367462158 24.940959930419922
vt 0.2302009016275406 0.8024930953979492
vn -0.7710882425308228 -0.6293274164199829 0.096798837184906
v -12.164210319519043 -0.02468261867761612 20.924169540405273
vt 0.2583281993865967 0.8067981004714966
vn -0.9999999403953552 0.0 -0.0
v -11.584060668945312 -0.661694347858429 22.01667022705078
vt 0.24895310401916504 0.8115172982215881
vn -0.8329383134841919 0.5049815773963928 -0.22629041969776154
v -12.164210319519043 -0.02468261867761612 21.83681869506836
vt 0.25284260511398315 0.8067513108253479
vn -0.7478772401809692 5.69489338886342e-06 0.6638370752334595
v -11.584060668945312 -0.02468261867761612 23.403099060058594
vt 0.23996269702911377 0.8066748976707458
vn -0.9999999403953552 0.0 -0.0
v -12.164210319519043 0.3744873106479645 23.43906021118164
vt 0.23937229812145233 0.8008908033370972
vn -0.7491005659103394 0.659794807434082 0.05932275205850601
v -11.43591022491455 2.9174070358276367 20.98741912841797
vt 0.25682729482650757 0.7836956977844238
vn -0.4384963810443878 0.27839401364326477 0.8545278310775757
v -11.584060668945312 -0.02468261867761612 27.127899169921875
vt 0.2185249924659729 0.8065608739852905
vn -0.9208682179450989 -9.64189621299738e-06 -0.3898742198944092
v -12.164210319519043 2.722095012664795 20.02315902709961
vt 0.2626461982727051 0.7888864278793335
vn -0.9216206669807434 -0.013603489845991135 0.3878534436225891
v -12.164210319519043 0.983813464641571 24.93808937072754
vt 0.2294335961341858 0.7989276051521301
vn -0.6753944754600525 0.7366198897361755 0.03512123227119446
v -11.389280319213867 1.252271056175232 23.51913070678711
vt 0.23765790462493896 0.792586088180542
vn -0.3922131359577179 0.9191152453422546 -0.03736356645822525
v -11.584060668945312 2.303539991378784 20.112579345703125
vt 0.26104021072387695 0.7925447821617126
vn -0.8257955312728882 -0.5221128463745117 0.2132127434015274
v -12.164210319519043 -2.7714109420776367 20.02315902709961
vt 0.2621462047100067 0.8247718811035156
vn -0.6024304628372192 -0.17347484827041626 0.7790916562080383
v -11.301779747009277 -2.9668209552764893 20.98741912841797
vt 0.25623181462287903 0.830481767654419
vn -0.41284364461898804 -0.31315240263938904 0.8552752733230591
v -7.21143913269043 1.6103999614715576 20.932720184326172
vt 0.2545022964477539 0.7927674055099487
vn 0.3378692865371704 -0.6638405919075012 -0.6672031879425049
v -7.21143913269043 0.8485596179962158 20.929229736328125
vt 0.2581354081630707 0.8015742301940918
vn 0.8751903772354126 0.360239714384079 0.32290732860565186
v -7.791586875915527 0.993408203125 20.992538452148438
vt 0.25544941425323486 0.7989197969436646
vn 0.7200539708137512 0.5173759460449219 0.46243318915367126
v -11.512099266052246 -2.0374269485473633 21.532390594482422
vt 0.2399785965681076 0.846591591835022
vn -0.4048417806625366 -0.6567373871803284 0.6362384557723999
v -11.085779190063477 -0.02468261867761612 30.320411682128906
vt 0.18748299777507782 0.8220748901367188
vn -0.21543024480342865 -0.9344955086708069 0.28338631987571716
v -12.164210319519043 0.3744873106479645 23.43906021118164
vt 0.23937229812145233 0.8008908033370972
vn -0.4101434350013733 -0.9117352962493896 0.022829284891486168
v -7.791586875915527 -1.042822003364563 20.992538452148438
vt 0.2553020119667053 0.8146274089813232
vn 0.7200697660446167 -0.5173589587211609 0.4624274671077728
v -7.21143913269043 -1.0332280397415161 24.93808937072754
vt 0.22934089601039886 0.8143160343170166
vn 0.34086570143699646 0.9332529306411743 -0.11335642635822296
v -11.301779747009277 -2.9668209552764893 20.98741912841797
vt 0.24600809812545776 0.8486731052398682
vn -0.41284364461898804 -0.31315240263938904 0.8552752733230591
v -10.720560073852539 -4.644433975219727 21.634220123291016
vt 0.2578183114528656 0.8520755171775818
vn 0.0 0.6741803288459778 0.7385666370391846
v -11.271469116210938 3.8754639625549316 20.97734832763672
vt 0.25104910135269165 0.7614690065383911
vn -0.44962581992149353 -0.2987385392189026 0.8417788743972778
v -11.101310729980469 4.595067977905273 21.634220123291016
vt 0.2569648027420044 0.7591463327407837
vn -0.6350929141044617 -0.2802938222885132 0.7197862863540649
v -11.43591022491455 2.9174070358276367 20.98741912841797
vt 0.24578219652175903 0.7638487815856934
vn -0.4384963810443878 0.27839401364326477 0.8545278310775757
v -11.512099266052246 1.9880619049072266 21.532390594482422
vt 0.24018479883670807 0.7667251825332642
vn -0.4067535996437073 0.6444306373596191 0.6475034356117249
v -11.479389190673828 1.5089839696884155 22.445430755615234
vt 0.23496709764003754 0.769534707069397
vn -0.40622955560684204 0.8425083756446838 0.35377565026283264
v -7.21143913269043 -2.7714109420776367 20.02315902709961
vt 0.2621462047100067 0.8247718811035156
vn 0.31980499625205994 0.600002646446228 -0.7332949638366699
v -7.21143913269043 0.8573729991912842 22.059341430664062
vt 0.24762609601020813 0.797515869140625
vn 0.3755281865596771 -0.8107467889785767 -0.44907474517822266
v -7.21143913269043 0.3744873106479645 23.43906021118164
vt 0.23937229812145233 0.8008908033370972
vn 0.41014450788497925 -0.9117347598075867 0.022829275578260422
v -11.085779190063477 -1.9763920307159424 25.029918670654297
vt 0.2201395034790039 0.8367868661880493
vn -0.29042139649391174 -0.9542484879493713 -0.0711708515882492
v -7.21143913269043 -0.4238280951976776 23.43906021118164
vt 0.23929589986801147 0.8124517202377319
vn 0.41012173891067505 0.9117453098297119 0.022817080840468407
v -11.085779190063477 -0.02468261867761612 30.320411682128906
vt 0.18768049776554108 0.7906650304794312
vn -0.21543428301811218 0.9344923496246338 0.2833937704563141
v -11.085790634155273 0.7951171398162842 27.617109298706055
vt 0.2037065029144287 0.7830508947372437
vn -0.3301830291748047 0.8803694844245911 0.34048283100128174
v -11.389280319213867 1.252271056175232 23.51913070678711
vt 0.22927530109882355 0.7722501158714294
vn -0.3922131359577179 0.9191152453422546 -0.03736356645822525
v -11.085779190063477 1.9269781112670898 25.029918670654297
vt 0.2204466015100479 0.776376485824585
vn -0.29042091965675354 0.9542484879493713 -0.07117079943418503
v -10.720560073852539 -4.644433975219727 21.634220123291016
vt 0.2578183114528656 0.8520755171775818
vn -0.48890796303749084 -0.5990626215934753 0.6341078877449036
v -11.019760131835938 -3.9248290061950684 20.97734832763672
vt 0.25158700346946716 0.8503885865211487
vn -0.3984971344470978 0.27704286575317383 0.8743267059326172
v -8.65507984161377 -4.644433975219727 21.634220123291016
vt 0.2623707056045532 0.8411087989807129
vn 0.0 0.6741803288459778 0.7385666966438293
v -11.729129791259766 5.013086318969727 20.338951110839844
vt 0.2636238932609558 0.7525299191474915
vn 0.0 0.9516680240631104 0.307128369808197
v -8.274335861206055 4.595067977905273 21.634220123291016
vt 0.2635408043861389 0.7745063304901123
vn 0.0 0.9516680240631104 0.30712834000587463
v -11.101310729980469 4.595067977905273 21.634220123291016
vt 0.2569648027420044 0.7591463327407837
vn 0.0 0.9516680240631104 0.30712834000587463
v -7.646511077880859 5.013086318969727 20.338951110839844
vt 0.2717738151550293 0.7762423157691956
vn 0.0 0.9516680240631104 0.30712834000587463
v -11.167869567871094 8.442676544189453 7.246747970581055
vt 0.10141199827194214 0.8194869160652161
vn -0.6552549600601196 -0.45135536789894104 -0.6057386994361877
v -11.167869567871094 9.603955268859863 7.458493232727051
vt 0.10115980356931686 0.8121178150177002
vn -0.4684264361858368 0.7803512215614319 0.4142807126045227
v -11.908750534057617 6.709399223327637 9.514833450317383
vt 0.08598777651786804 0.8298491835594177
vn -0.8159255385398865 0.2936893403530121 -0.4980081021785736
v -10.744099617004395 11.028809547424316 5.682508945465088
vt 0.11453679949045181 0.8063802719116211
vn -0.7055190205574036 -0.11109799146652222 -0.6999285221099854
v -12.164210319519043 5.716991901397705 13.590420722961426
vt 0.059048980474472046 0.8337627649307251
vn -0.992958664894104 -0.11741192638874054 -0.015726009383797646
v -12.164210319519043 6.6636962890625 11.607179641723633
vt 0.07249686121940613 0.83061683177948
vn -0.7739593386650085 -0.5982494950294495 -0.20756778120994568
v -11.908750534057617 6.709399223327637 9.514833450317383
vt 0.08598777651786804 0.8298491835594177
vn -0.3689711093902588 -0.8442526459693909 -0.38871273398399353
v -12.164210319519043 6.309912204742432 12.354820251464844
vt 0.0673353374004364 0.8320555090904236
vn -0.8588680624961853 -0.4623817503452301 -0.22033797204494476
v -12.205710411071777 7.141552925109863 13.590420722961426
vt 0.05947253108024597 0.8248710036277771
vn -0.7885984182357788 0.5995257496833801 0.13668003678321838
v -12.505550384521484 6.483179092407227 12.419879913330078
vt 0.06683424860239029 0.829728901386261
vn -0.9095426201820374 -0.3943086266517639 -0.13134989142417908
v -12.527480125427246 6.842114448547363 11.653709411621094
vt 0.07186442613601685 0.8281592130661011
vn -0.9745945334434509 -0.18925392627716064 -0.11978430300951004
v -12.25355052947998 7.353954792022705 12.287099838256836
vt 0.06808468699455261 0.8243371844291687
vn -0.4823506474494934 0.8532413840293884 0.1982850730419159
v -12.164210319519043 6.309912204742432 12.354820251464844
vt 0.047486528754234314 0.7575358152389526
vn -0.8588680624961853 -0.4623817503452301 -0.22033797204494476
v -12.175320625305176 6.937084674835205 9.623884201049805
vt 0.08479920774698257 0.8279197216033936
vn -0.8788470029830933 -0.38372501730918884 -0.28351855278015137
v -12.164210319519043 5.716991901397705 13.590420722961426
vt 0.05519704893231392 0.7610399723052979
vn -0.992958664894104 -0.11741192638874054 -0.015726009383797646
v -11.999239921569824 7.97556209564209 10.122529983520508
vt 0.08242937177419662 0.8211756944656372
vn -0.7990207076072693 0.6002248525619507 0.03599974513053894
v -12.164210319519043 6.6636962890625 11.607179641723633
vt 0.042844559997320175 0.7553957104682922
vn -0.7739593386650085 -0.5982494950294495 -0.20756778120994568
v -12.164210319519043 5.716991901397705 10.657910346984863
vt 0.04356636852025986 0.7471420764923096
vn -0.9984467029571533 0.03867355361580849 -0.04010632261633873
v -11.167869567871094 9.603955268859863 7.458493232727051
vt 0.10115980356931686 0.8121178150177002
vn -0.9637469053268433 -0.0418277233839035 -0.2635188698768616
v -10.744099617004395 9.79152774810791 5.878899574279785
vt 0.11147599667310715 0.8133071660995483
vn -0.45725253224372864 -0.3944108486175537 -0.7970947623252869
v -12.205710411071777 7.141552925109863 16.001850128173828
vt 0.04411355033516884 0.824852466583252
vn -0.7173283100128174 0.6967353820800781 -0.0
v -12.164210319519043 5.716991901397705 16.107059478759766
vt 0.04333088919520378 0.8336414098739624
vn -0.9998940229415894 -0.014557725749909878 -0.0
v -12.164210319519043 4.406494140625 9.442828178405762
vt 0.044949911534786224 0.7361862659454346
vn -0.998462438583374 0.04629809036850929 -0.03048362210392952
v -11.908750534057617 6.709399223327637 9.514833450317383
vt 0.034198131412267685 0.7456488013267517
vn -0.8159255385398865 0.2936893403530121 -0.4980081021785736
v -12.164210319519043 0.983813464641571 24.93808937072754
vt 0.2294335961341858 0.7989276051521301
vn -0.3408171236515045 -0.933269739151001 -0.11336296051740646
v -12.164210319519043 4.350780963897705 7.050151824951172
vt 0.03577839955687523 0.7245646715164185
vn -0.6019183397293091 0.024047676473855972 -0.7981954216957092
v -12.036479949951172 5.53012752532959 8.282491683959961
vt 0.034992899745702744 0.7351070046424866
vn -0.6847417950630188 0.5488659143447876 -0.4794524312019348
v -12.164210319519043 3.384766101837158 8.49550724029541
vt 0.04606698825955391 0.7276511192321777
vn -0.994587779045105 -0.032118409872055054 -0.09881004691123962
v -7.791586875915527 1.738916039466858 20.099260330200195
vt 0.260805606842041 0.7951217889785767
vn 0.8076149821281433 0.2409667670726776 0.5382313132286072
v -7.791586875915527 2.303539991378784 20.112579345703125
vt 0.26104021072387695 0.7925447821617126
vn 0.8257960081100464 -0.5221123695373535 0.21321260929107666
v -7.791586875915527 0.7230713367462158 24.940959930419922
vt 0.2302009016275406 0.8024930953979492
vn 0.7710886001586914 -0.6293267011642456 0.09679881483316422
v -7.791586875915527 0.6122803092002869 22.01667022705078
vt 0.24903210997581482 0.8019245862960815
vn 0.8329429030418396 -0.5049796104431152 -0.22627772390842438
v -7.791586875915527 0.11354979872703552 23.441560745239258
vt 0.23971650004386902 0.8055995106697083
vn 0.9405590295791626 -0.33952367305755615 0.008501626551151276
v -7.986364841461182 1.252271056175232 23.51913070678711
vt 0.23765790462493896 0.792586088180542
vn 0.391619473695755 0.9065539240837097 -0.15746138989925385
v -7.896252155303955 1.5089839696884155 22.445430755615234
vt 0.24466289579868317 0.7908415794372559
vn 0.40646323561668396 0.858941912651062 0.3114582598209381
v -7.21143913269043 -1.6597900390625 20.932720184326172
vt 0.25423911213874817 0.8207467198371887
vn 0.33784615993499756 0.6638661623001099 -0.6671894788742065
v -7.21143913269043 0.983813464641571 24.93808937072754
vt 0.2294335961341858 0.7989276051521301
vn 0.3408178985118866 -0.9332695007324219 -0.11336284130811691
v -7.21143913269043 -0.9068114757537842 22.059341430664062
vt 0.2474845051765442 0.8159099817276001
vn 0.37553727626800537 0.8107384443283081 -0.4490821957588196
v -12.164210319519043 -1.6597900390625 20.932720184326172
vt 0.25423911213874817 0.8207467198371887
vn -0.718020498752594 -0.5010290145874023 0.48313188552856445
v -11.512099266052246 -2.0374269485473633 21.532390594482422
vt 0.25063851475715637 0.8254885077476501
vn -0.4048417806625366 -0.6567373871803284 0.6362384557723999
v -8.289859771728516 1.9269781112670898 25.029918670654297
vt 0.2266843020915985 0.7917572855949402
vn 0.2891201376914978 0.9506661891937256 0.11244145780801773
v -7.21143913269043 0.8573729991912842 22.059341430664062
vt 0.24762609601020813 0.797515869140625
vn 0.7292338609695435 0.6059803366661072 0.31781384348869324
v -12.164199829101562 5.715551853179932 19.833620071411133
vt 0.2779119908809662 0.7766095995903015
vn -0.9898735284805298 -0.09587671607732773 0.1046806201338768
v -11.729129791259766 5.013086318969727 20.338951110839844
vt 0.2717738151550293 0.7762423157691956
vn -0.7538579106330872 -0.2976791560649872 0.5857349038124084
v -11.584060668945312 -0.02468261867761612 22.062641143798828
vt 0.24890629947185516 0.806722104549408
vn -0.9797678589820862 2.55338022725482e-06 0.2001371681690216
v -11.101310729980469 4.595067977905273 21.634220123291016
vt 0.2635408043861389 0.7745063304901123
vn -0.6350929141044617 -0.2802938222885132 0.7197862863540649
v -11.479389190673828 1.5089839696884155 22.445430755615234
vt 0.24466289579868317 0.7908415794372559
vn -0.40622955560684204 0.8425083756446838 0.35377565026283264
v -12.164210319519043 0.8573729991912842 22.059341430664062
vt 0.24762609601020813 0.797515869140625
vn -0.7292312383651733 0.6059823632240295 0.3178161084651947
v -12.164210319519043 -2.7714109420776367 20.02315902709961
vt 0.2621462047100067 0.8247718811035156
vn -0.3198041021823883 0.6000028252601624 -0.7332951426506042
v -11.584060668945312 1.379883050918579 20.868289947509766
vt 0.25613269209861755 0.7965357303619385
vn -0.8242548704147339 -0.43717339634895325 -0.35983800888061523
v -12.164210319519043 -1.6597900390625 20.932720184326172
vt 0.25423911213874817 0.8207467198371887
vn -0.33784517645835876 0.663866400718689 -0.6671896576881409
v -12.164210319519043 -0.9068114757537842 22.059341430664062
vt 0.2474845051765442 0.8159099817276001
vn -0.3755362629890442 0.8107388615608215 -0.4490824043750763
v -12.164210319519043 -0.897900402545929 20.929229736328125
vt 0.258032888174057 0.8120144009590149
vn -0.8752044439315796 -0.3602154552936554 0.32289615273475647
v -11.584060668945312 -0.1629638969898224 23.441560745239258
vt 0.23969940841197968 0.8077542185783386
vn -0.9405497908592224 0.3395494818687439 0.008497343398630619
v -12.164210319519043 1.6103999614715576 20.932720184326172
vt 0.2545022964477539 0.7927674055099487
vn -0.7406024932861328 0.46419256925582886 0.4858323335647583
v -12.164210319519043 4.34909725189209 20.03144073486328
vt 0.27010101079940796 0.7816417217254639
vn -0.9245544075965881 0.01232980564236641 0.380850613117218
v -11.512099266052246 1.9880619049072266 21.532390594482422
vt 0.25087541341781616 0.787946879863739
vn -0.4067535996437073 0.6444306373596191 0.6475034356117249
v -11.271469116210938 3.8754639625549316 20.97734832763672
vt 0.2610742151737213 0.7791410088539124
vn -0.44962581992149353 -0.2987385392189026 0.8417788743972778
v -8.289859771728516 -0.02468261867761612 30.320411682128906
vt 0.19521139562129974 0.8064166903495789
vn 0.32526907324790955 0.9049253463745117 0.27442672848701477
v -7.21143913269043 -0.02468261867761612 27.42091941833496
vt 0.2145276963710785 0.8065378665924072
vn 0.43273523449897766 0.8983078598976135 -0.07604755461215973
v -8.289856910705566 0.7951171398162842 27.617109298706055
vt 0.2110673040151596 0.7988772988319397
vn 0.33021366596221924 0.8876621127128601 0.32095927000045776
v -12.164210319519043 -0.9068114757537842 22.059341430664062
vt 0.2474845051765442 0.8159099817276001
vn -0.7292193174362183 -0.605994462966919 0.3178199827671051
v -12.164210319519043 0.8573729991912842 22.059341430664062
vt 0.24762609601020813 0.797515869140625
vn -0.3755272328853607 -0.8107472062110901 -0.449074923992157
v -7.21143913269043 1.6103999614715576 20.932720184326172
vt 0.2545022964477539 0.7927674055099487
vn 0.740604817867279 0.4641897678375244 0.485831618309021
v -7.8635478019714355 1.9880619049072266 21.532390594482422
vt 0.25087541341781616 0.787946879863739
vn 0.40560975670814514 0.7132005095481873 0.5716865062713623
v -11.479389190673828 -1.5583990812301636 22.445430755615234
vt 0.24446530640125275 0.8225483894348145
vn -0.4062284827232361 -0.8425108790397644 0.3537709712982178
v -12.164210319519043 -0.4238280951976776 23.43906021118164
vt 0.23929589986801147 0.8124517202377319
vn -0.7491123080253601 -0.6597803235054016 0.05933373421430588
v -7.791586875915527 -0.02468261867761612 23.403099060058594
vt 0.23996269702911377 0.8066748976707458
vn 0.9999999403953552 0.0 -0.0
v -7.791586875915527 -0.1629638969898224 23.441560745239258
vt 0.23969940841197968 0.8077542185783386
vn 0.9405498504638672 0.3395492434501648 0.008497335016727448
v -7.791586875915527 -0.02468261867761612 22.062641143798828
vt 0.24890629947185516 0.806722104549408
vn 0.9797679781913757 2.5623392048146343e-06 0.20013710856437683
v -7.791586875915527 -0.661694347858429 22.01667022705078
vt 0.24895310401916504 0.8115172982215881
vn 0.832938551902771 0.5049811005592346 -0.2262902408838272
v -7.791586875915527 -0.02468261867761612 24.78028106689453
vt 0.23143939673900604 0.8066321015357971
vn 0.9999999403953552 0.0 -0.0
v -7.21143913269043 -0.897900402545929 20.929229736328125
vt 0.258032888174057 0.8120144009590149
vn 0.8752045631408691 -0.36021533608436584 0.3228960335254669
v -7.21143913269043 -0.02468261867761612 21.83681869506836
vt 0.25284260511398315 0.8067513108253479
vn 0.7478776574134827 5.7540582929505035e-06 0.663836658000946
v -7.21143913269043 -0.02468261867761612 20.01333999633789
vt 0.2640194892883301 0.8068535923957825
vn 0.9999999403953552 0.0 -0.0
v -7.21143913269043 0.3744873106479645 23.43906021118164
vt 0.23937229812145233 0.8008908033370972
vn 0.7491027116775513 0.6597922444343567 0.05932321026921272
v -8.104175567626953 3.8754639625549316 20.97734832763672
vt 0.2610742151737213 0.7791410088539124
vn 0.4437471628189087 -0.16244757175445557 0.881305456161499
v -12.164210319519043 -0.02468261867761612 20.01333999633789
vt 0.2640194892883301 0.8068535923957825
vn -0.9999999403953552 0.0 -0.0
v -11.584060668945312 -1.7883061170578003 20.099260330200195
vt 0.2605490982532501 0.8185197114944458
vn -0.8076115846633911 -0.24097353219985962 0.53823322057724
v -12.164210319519043 -1.6705081462860107 20.00351905822754
vt 0.26389169692993164 0.8169785141944885
vn -0.8078778386116028 -0.24167044460773468 0.5375209450721741
v -11.584060668945312 -1.4292969703674316 20.868289947509766
vt 0.25592800974845886 0.8169993162155151
vn -0.8242533802986145 0.437181681394577 -0.35983148217201233
v -11.389280319213867 -1.3016599416732788 23.51913070678711
vt 0.23749010264873505 0.8207427263259888
vn -0.3922213613986969 -0.9191117882728577 -0.03736225143074989
v -12.164210319519043 -1.0332280397415161 24.93808937072754
vt 0.22934089601039886 0.8143160343170166
vn -0.6753970980644226 -0.7366175055503845 0.03512100130319595
v -11.085779190063477 -1.9763920307159424 25.029918670654297
vt 0.22651509940624237 0.8214588165283203
vn -0.29042139649391174 -0.9542484879493713 -0.0711708515882492
v -12.164210319519043 -0.02468261867761612 27.42091941833496
vt 0.2145276963710785 0.8065378665924072
vn -0.7610923051834106 -0.6257250905036926 0.17089949548244476
v -11.085790634155273 -0.8444580435752869 27.617109298706055
vt 0.21097730100154877 0.8141610026359558
vn -0.33017832040786743 -0.8803671598434448 0.34049397706985474
v -11.584060668945312 -2.352905035018921 20.112579345703125
vt 0.2606944143772125 0.8210861086845398
vn -0.825778067111969 0.5221366286277771 0.21322275698184967
v -11.085779190063477 -0.02468261867761612 30.320411682128906
vt 0.19521139562129974 0.8064166903495789
vn -0.21543024480342865 -0.9344955086708069 0.28338631987571716
v -7.9397292137146 2.9174070358276367 20.98741912841797
vt 0.25682729482650757 0.7836956977844238
vn 0.4347381889820099 0.3693982660770416 0.821308434009552
v -7.211444854736328 5.715551853179932 19.833620071411133
vt 0.2779119908809662 0.7766095995903015
vn 0.989873468875885 -0.09587729722261429 0.10468105971813202
v -7.21143913269043 2.722095012664795 20.02315902709961
vt 0.2626461982727051 0.7888864278793335
vn 0.9216218590736389 -0.013603052124381065 0.387850821018219
v -7.21143913269043 4.34909725189209 20.03144073486328
vt 0.27010101079940796 0.7816417217254639
vn 0.9245548844337463 0.012328248471021652 0.38084927201271057
v -8.274335861206055 4.595067977905273 21.634220123291016
vt 0.2635408043861389 0.7745063304901123
vn 0.48118942975997925 -0.41794881224632263 0.7705684304237366
v -7.791586875915527 -0.7724365592002869 24.940959930419922
vt 0.2301512062549591 0.8107562065124512
vn 0.7710933685302734 0.6293201446533203 0.09680476784706116
v -7.791588306427002 -0.02468261867761612 27.127899169921875
vt 0.2185249924659729 0.8065608739852905
vn 0.9208682775497437 -9.607080755813513e-06 -0.3898736834526062
v -7.646511077880859 5.013086318969727 20.338951110839844
vt 0.2717738151550293 0.7762423157691956
vn 0.6134445667266846 -0.43973761796951294 0.6559851169586182
v -12.164210319519043 1.6103999614715576 20.932720184326172
vt 0.2545022964477539 0.7927674055099487
vn -0.3378683626651764 -0.6638407707214355 -0.667203426361084
v -7.21143913269043 -0.02468261867761612 20.924169540405273
vt 0.2583281993865967 0.8067981004714966
vn 0.9999999403953552 0.0 -0.0
v -11.376179695129395 -8.389673233032227 10.204549789428711
vt 0.1431812047958374 0.7855383157730103
vn -0.9856088161468506 -0.03620895743370056 -0.16511860489845276
v -11.516929626464844 -7.582373142242432 10.834139823913574
vt 0.1390666961669922 0.7799403667449951
vn -0.938459038734436 -0.13265486061573029 0.31890028715133667
v -12.164199829101562 4.388158798217773 19.50126075744629
vt 0.08796999603509903 0.9636780023574829
vn -0.8728715777397156 -0.2182178944349289 -0.4364358186721802
v -7.21143913269043 -4.148828029632568 8.682887077331543
vt 0.14834070205688477 0.7541517019271851
vn 0.952178418636322 -0.11944052577018738 -0.28122952580451965
v -7.21143913269043 -2.923412799835205 9.1260347366333
vt 0.14643220603466034 0.7475380897521973
vn 0.7198228240013123 0.25857457518577576 0.6442005634307861
v -7.211440086364746 -0.02468261867761612 8.718937873840332
vt 0.15008370578289032 0.7301998138427734
vn 0.9238736033439636 0.006988362409174442 -0.3826340138912201
v -12.164199829101562 -4.398462295532227 16.011280059814453
vt 0.10424680262804031 0.7577353715896606
vn -0.5877066850662231 -0.8084127902984619 0.03270662948489189
v -9.687822341918945 -0.02468261867761612 8.457611083984375
vt 0.16596290469169617 0.732318639755249
vn 0.0 0.015837738290429115 -0.9998745322227478
v -12.164199829101562 -4.398462295532227 19.265840530395508
vt 0.08414041250944138 0.7585892081260681
vn -0.8368006944656372 -0.5414252877235413 -0.08138348907232285
v -10.4314603805542 -4.68408203125 9.167949676513672
vt 0.15370799601078033 0.7626888751983643
vn -0.1538376808166504 -0.8267456293106079 -0.5411336421966553
v -7.211440086364746 1.621093988418579 9.126032829284668
vt 0.14783529937267303 0.7197607755661011
vn 0.5547001361846924 0.0 0.8320503234863281
v -12.164210319519043 -4.533886909484863 12.960840225219727
vt 0.12358060479164124 0.7587746977806091
vn -0.8730326294898987 -0.45476987957954407 0.17606408894062042
v -11.195709228515625 -9.431567192077637 9.475764274597168
vt 0.14694060385227203 0.7928614020347595
vn -0.8496583104133606 -0.5123184323310852 0.12494257092475891
v -11.23563003540039 -9.20551872253418 9.221427917480469
vt 0.148695707321167 0.791769802570343
vn -0.9890794157981873 -0.006647811271250248 -0.1472337692975998
v -11.76848030090332 -6.10595703125 11.392450332641602
vt 0.1350007951259613 0.7697625160217285
vn -0.8164778351783752 -0.3567066788673401 0.45400917530059814
v -9.687822341918945 -10.875849723815918 2.771829128265381
vt 0.18379230797290802 0.815594494342804
vn -0.8504204750061035 -0.5057086944580078 -0.14506414532661438
v -10.777239799499512 -8.746850967407227 11.908910751342773
vt 0.13233859837055206 0.7897490859031677
vn -0.8477984666824341 -0.24621321260929108 0.4696986675262451
v -7.21143913269043 -1.0332280397415161 24.93808937072754
vt 0.22934089601039886 0.8143160343170166
vn 0.6753994822502136 -0.7366153001785278 0.035121094435453415
v -8.289859771728516 -1.9763920307159424 25.029918670654297
vt 0.22651509940624237 0.8214588165283203
vn 0.28912055492401123 -0.9506651163101196 0.11245033144950867
v -7.21143913269043 -0.4238280951976776 23.43906021118164
vt 0.23929589986801147 0.8124517202377319
vn 0.7491145730018616 -0.6597778797149658 0.05933420732617378
v -8.289856910705566 -0.8444580435752869 27.617109298706055
vt 0.21097730100154877 0.8141610026359558
vn 0.3302088677883148 -0.8876616358757019 0.3209652006626129
v -7.791586875915527 -1.7883061170578003 20.099260330200195
vt 0.2605490982532501 0.8185197114944458
vn 0.8076117634773254 -0.24097344279289246 0.5382330417633057
v -7.21143913269043 -0.02468261867761612 27.42091941833496
vt 0.2145276963710785 0.8065378665924072
vn 0.7610927820205688 -0.625724732875824 0.17089860141277313
v -8.289859771728516 -0.02468261867761612 30.320411682128906
vt 0.19521139562129974 0.8064166903495789
vn 0.32526278495788574 -0.9049296379089355 0.274419903755188
v -7.21143913269043 -1.6597900390625 20.932720184326172
vt 0.25423911213874817 0.8207467198371887
vn 0.7180227637290955 -0.5010262727737427 0.4831314980983734
v -12.164210319519043 -2.923412799835205 9.1260347366333
vt 0.14643220603466034 0.7475380897521973
vn -0.7198228240013123 0.12928728759288788 0.6820117235183716
v -8.35588264465332 -3.9248290061950684 20.97734832763672
vt 0.2602139115333557 0.8356645107269287
vn 0.39170515537261963 0.14244957268238068 0.9089968800544739
v -9.687822341918945 -7.975537300109863 13.597830772399902
vt 0.1194486990571022 0.7897163033485413
vn -0.6666173934936523 -0.41470688581466675 0.6193863153457642
v -7.21143913269043 -2.7714109420776367 20.02315902709961
vt 0.2621462047100067 0.8247718811035156
vn 0.6024335622787476 -0.1734752207994461 0.7790892720222473
v -12.164199829101562 1.621093988418579 9.126032829284668
vt 0.14783529937267303 0.7197607755661011
vn -0.5547001361846924 0.0 0.8320503234863281
v -8.65507984161377 -4.644433975219727 21.634220123291016
vt 0.2623707056045532 0.8411087989807129
vn 0.48890936374664307 -0.5990629196166992 0.6341065168380737
v -12.164210319519043 4.34909725189209 20.03144073486328
vt 0.07949447631835938 0.7005785703659058
vn -0.9245544075965881 0.01232980564236641 0.380850613117218
v -12.164210319519043 -4.398462295532227 20.03144073486328
vt 0.07949450612068176 0.7589688301086426
vn -0.8873992562294006 -0.2930821180343628 0.35584479570388794
v -12.170120239257812 -4.48947811126709 11.682889938354492
vt 0.13159030675888062 0.7584012150764465
vn -0.9889256954193115 -0.1479637324810028 -0.011518841609358788
v -12.164210319519043 -4.497754096984863 10.903789520263672
vt 0.13661310076713562 0.7585234045982361
vn -0.861262857913971 -0.4541104733943939 -0.22805683314800262
v -11.98992919921875 -5.254175186157227 11.942299842834473
vt 0.13070160150527954 0.7638368010520935
vn -0.8594009876251221 -0.45418381690979004 0.23483406007289886
v -10.575360298156738 -5.358080863952637 9.717303276062012
vt 0.14973250031471252 0.7665271162986755
vn -0.4461970925331116 -0.2875855565071106 -0.8474683165550232
v -12.164199829101562 3.9888429641723633 9.823077201843262
vt 0.14361770451068878 0.704871416091919
vn -0.7199304699897766 -0.5782742500305176 0.38379544019699097
v -12.164199829101562 -3.769335985183716 19.50126075744629
vt 0.08271514624357224 0.7545812129974365
vn -0.9128708243370056 0.3651483654975891 -0.18257418274879456
v -12.164210319519043 5.716991901397705 10.657910346984863
vt 0.1385297030210495 0.6939662098884583
vn -0.9984467029571533 0.03867355361580849 -0.04010632261633873
v -12.164199829101562 4.388158798217773 10.773309707641602
vt 0.13765449821949005 0.7022240161895752
vn -0.8050452470779419 -0.5880666971206665 0.07797118276357651
v -12.164210319519043 3.384766101837158 8.49550724029541
vt 0.15188829600811005 0.7088483572006226
vn -0.994587779045105 -0.032118409872055054 -0.09881004691123962
v -12.164210319519043 1.621093988418579 8.756868362426758
vt 0.15026089549064636 0.7199094891548157
vn -0.967555046081543 -0.01572222076356411 -0.25217077136039734
v -12.164210319519043 -3.769335985183716 9.667108535766602
vt 0.1431594043970108 0.753111720085144
vn -0.8812083601951599 0.3680984675884247 0.2966058850288391
v -12.164199829101562 -3.769335985183716 16.016929626464844
vt 0.10430359840393066 0.7538374066352844
vn -0.7999999523162842 0.5999999642372131 -0.0
v -12.164210319519043 5.716991901397705 16.107059478759766
vt 0.10392569750547409 0.6929749250411987
vn -0.9998940229415894 -0.014557725749909878 -0.0
v -12.164199829101562 4.388158798217773 19.50126075744629
vt 0.082557313144207 0.7004461884498596
vn -0.8728715777397156 -0.2182178944349289 -0.4364358186721802
v -12.164199829101562 -0.02468261867761612 19.50126075744629
vt 0.08261744678020477 0.7298442125320435
vn -0.7999999523162842 0.0 -0.5999999642372131
v -12.164210319519043 1.621093988418579 20.00351905822754
vt 0.07949447631835938 0.7187052965164185
vn -0.8078745007514954 0.24167774617671967 0.5375226736068726
v -12.164210319519043 -0.02468261867761612 20.01333999633789
vt 0.07949447631835938 0.7296684980392456
vn -0.9999999403953552 0.0 -0.0
v -9.687822341918945 -5.763452053070068 19.833620071411133
vt 0.27365028858184814 0.8496571183204651
vn 1.4936506431695307e-07 -0.9989887475967407 0.04496051371097565
v -11.902910232543945 1.621093988418579 8.49550724029541
vt 0.15279610455036163 0.7201648950576782
vn -0.5054094791412354 0.019862409681081772 -0.8626509308815002
v -7.21143913269043 -4.398462295532227 20.03144073486328
vt 0.2695516049861908 0.8313038349151611
vn 0.8873997330665588 -0.29308196902275085 0.3558434844017029
v -7.21143913269043 -1.6705081462860107 20.00351905822754
vt 0.26389169692993164 0.8169785141944885
vn 0.8078780174255371 -0.24167035520076752 0.5375207662582397
v -7.791586875915527 -2.352905035018921 20.112579345703125
vt 0.2606944143772125 0.8210861086845398
vn 0.8257784843444824 0.5221360325813293 0.21322262287139893
v -12.164210319519043 -4.148828029632568 8.682887077331543
vt 0.14834070205688477 0.7541517019271851
vn -0.9521777033805847 -0.11944254487752914 -0.2812310457229614
v -11.90287971496582 -0.02468261867761612 8.457611083984375
vt 0.15245360136032104 0.7303258180618286
vn -0.32670700550079346 0.013996402733027935 -0.94502192735672
v -12.164210319519043 2.722095012664795 20.02315902709961
vt 0.07949447631835938 0.7119722366333008
vn -0.9216206669807434 -0.013603489845991135 0.3878534436225891
v -8.073859214782715 -2.9668209552764893 20.98741912841797
vt 0.25623181462287903 0.830481767654419
vn 0.40805700421333313 -0.401854008436203 0.8197576403617859
v -11.902910232543945 1.621093988418579 8.49550724029541
vt 0.15279610455036163 0.7201648950576782
vn -0.7909387946128845 -0.5736616253852844 -0.21290408074855804
v -7.791586875915527 -1.4292969703674316 20.868289947509766
vt 0.25592800974845886 0.8169993162155151
vn 0.8242536187171936 0.437181293964386 -0.3598312437534332
v -7.986364841461182 -1.3016599416732788 23.51913070678711
vt 0.23749010264873505 0.8207427263259888
vn 0.39162734150886536 -0.9065493941307068 -0.15746760368347168
v -7.896252155303955 -1.5583990812301636 22.445430755615234
vt 0.24446530640125275 0.8225483894348145
vn 0.40646228194236755 -0.8589400053024292 0.31146493554115295
v -7.21143913269043 -0.9068114757537842 22.059341430664062
vt 0.2474845051765442 0.8159099817276001
vn 0.7292219996452332 -0.6059924960136414 0.31781771779060364
v -7.8635478019714355 -2.0374269485473633 21.532390594482422
vt 0.25063851475715637 0.8254885077476501
vn 0.4030289649963379 -0.7241020798683167 0.5596818327903748
v -12.164199829101562 -0.02468261867761612 9.126032829284668
vt 0.14743070304393768 0.7300565242767334
vn -0.7071067094802856 0.0 0.7071067094802856
v -11.902420043945312 -4.404369831085205 8.422685623168945
vt 0.15017129480838776 0.7555918097496033
vn -0.4283912479877472 -0.6833264827728271 -0.5912238955497742
v -12.164199829101562 -0.02468261867761612 8.718937873840332
vt 0.15008370578289032 0.7301998138427734
vn -0.9238736629486084 0.006988204084336758 -0.38263368606567383
v -12.164199829101562 2.722095012664795 19.50126075744629
vt 0.08268024772405624 0.7117525339126587
vn -0.800000011920929 0.0 -0.5999999642372131
v -9.687822341918945 -7.884082317352295 12.619580268859863
vt 0.12431339919567108 0.7858710289001465
vn -0.7034414410591125 -0.10258124768733978 0.7033114433288574
v -11.96774959564209 -5.204174041748047 11.227849960327148
vt 0.13555480539798737 0.7635433077812195
vn -0.9381524920463562 -0.24089041352272034 -0.24868035316467285
v -12.164199829101562 -2.611937999725342 20.02315902709961
vt 0.07949450612068176 0.747191309928894
vn -0.9999999403953552 0.0 -0.0
v -12.164210319519043 4.406494140625 9.442828178405762
vt 0.1460312008857727 0.7023245096206665
vn -0.998462438583374 0.04629809036850929 -0.03048362210392952
v -12.164210319519043 5.716991901397705 13.590420722961426
vt 0.11998210102319717 0.6934560537338257
vn -0.992958664894104 -0.11741192638874054 -0.015726009383797646
v -12.164199829101562 5.715551853179932 19.833620071411133
vt 0.07949446141719818 0.6914430856704712
vn -0.9898735284805298 -0.09587671607732773 0.1046806201338768
v -12.164199829101562 2.9732909202575684 9.126032829284668
vt 0.14793220162391663 0.7113386988639832
vn -0.7213141918182373 -0.27212581038475037 0.6369092464447021
v -12.164199829101562 4.388158798217773 16.09440040588379
vt 0.10398640483617783 0.7013460397720337
vn -0.7071067094802856 -0.7071067094802856 -0.0
v -12.164210319519043 -1.6705081462860107 20.00351905822754
vt 0.07949450612068176 0.7408456802368164
vn -0.8078778386116028 -0.24167044460773468 0.5375209450721741
v -10.935230255126953 -8.6275634765625 8.551337242126465
vt 0.1538739949464798 0.7891244888305664
vn -0.6874110698699951 0.5145571827888489 -0.5125397443771362
v -10.971098899841309 -7.455102920532227 9.52835464477539
vt 0.14853110909461975 0.7802658081054688
vn -0.6286196708679199 0.31879922747612 -0.7093689441680908
v -11.750079154968262 -6.089038372039795 10.919229507446289
vt 0.13810500502586365 0.7697849273681641
vn -0.9171415567398071 -0.0653059110045433 -0.3931749165058136
v -10.719260215759277 -6.032227516174316 9.858949661254883
vt 0.14797909557819366 0.7706558704376221
vn -0.4271579086780548 0.11465917527675629 -0.8968775868415833
v -11.512889862060547 -7.524609088897705 10.466790199279785
vt 0.14143040776252747 0.7796857953071594
vn -0.9308393597602844 0.015637997537851334 -0.3650939464569092
v -12.164199829101562 2.722095012664795 19.50126075744629
vt 0.09822671115398407 0.9636780023574829
vn -0.800000011920929 0.0 -0.5999999642372131
v -7.211440086364746 2.722095012664795 19.50126075744629
vt 0.09822659194469452 0.9941684603691101
vn 0.800000011920929 0.0 -0.5999999642372131
v -7.4732208251953125 -4.404369831085205 8.422685623168945
vt 0.15017129480838776 0.7555918097496033
vn 0.4283972978591919 -0.6833246350288391 -0.5912216901779175
v -7.47276496887207 -0.02468261867761612 8.457611083984375
vt 0.15245360136032104 0.7303258180618286
vn 0.32670658826828003 0.013996003195643425 -0.9450221657752991
v -7.4727301597595215 1.621093988418579 8.49550724029541
vt 0.15279610455036163 0.7201648950576782
vn 0.7079078555107117 -0.26701951026916504 -0.6538859009742737
v -9.687822341918945 1.621093988418579 8.49550724029541
vt 0.16698810458183289 0.7218635082244873
vn 0.0 0.023020131513476372 -0.9997349381446838
v -11.342879295349121 -8.667162895202637 10.850000381469727
vt 0.13924939930438995 0.7871186137199402
vn -0.9095932245254517 -0.24992364645004272 0.33193090558052063
v -7.211440086364746 -0.02468261867761612 9.126032829284668
vt 0.14743070304393768 0.7300565242767334
vn 0.7071067094802856 0.0 0.7071067094802856
v -10.959049224853516 -10.098580360412598 7.514599800109863
vt 0.15723749995231628 0.8000633716583252
vn -0.9088026285171509 -0.41373807191848755 -0.05383838340640068
v -10.840929985046387 -9.229053497314453 7.151174068450928
vt 0.16112589836120605 0.7959161996841431
vn -0.5147477388381958 0.759722888469696 -0.3973107635974884
v -12.164199829101562 -0.02468261867761612 19.50126075744629
vt 0.11513650417327881 0.9636780619621277
vn -0.7999999523162842 0.0 -0.5999999642372131
v -7.211440086364746 4.388158798217773 19.50126075744629
vt 0.08796990662813187 0.9941684007644653
vn 0.8728715777397156 -0.4364357888698578 -0.2182179093360901
v -7.211440086364746 -0.02468261867761612 19.50126075744629
vt 0.11513639986515045 0.9941685199737549
vn 0.7999999523162842 0.0 -0.5999999642372131
v -7.21143913269043 1.621093988418579 20.00351905822754
vt 0.07949447631835938 0.7187052965164185
vn 0.8078747391700745 0.24167762696743011 0.5375224947929382
v -12.164199829101562 4.388158798217773 19.50126075744629
vt 0.30887430906295776 0.9636787176132202
vn -0.8728715777397156 -0.2182178944349289 -0.4364358186721802
v -7.211440086364746 4.388158798217773 19.50126075744629
vt 0.3088741898536682 0.9941691756248474
vn 0.8728715777397156 -0.4364357888698578 -0.2182179093360901
v -12.164199829101562 4.388158798217773 16.09440040588379
vt 0.28790080547332764 0.9636786580085754
vn -0.7071067094802856 -0.7071067094802856 -0.0
v -7.211440086364746 4.388158798217773 16.09440040588379
vt 0.2879007160663605 0.9941691160202026
vn 0.7071067094802856 -0.7071067094802856 -0.0
v -12.164199829101562 -3.769335985183716 19.50126075744629
vt 0.13818959891796112 0.9636781811714172
vn -0.9128708243370056 0.3651483654975891 -0.18257418274879456
v -7.211440086364746 -3.769335985183716 19.50126075744629
vt 0.13818949460983276 0.9941686391830444
vn 0.9128708243370056 0.18257418274879456 -0.3651483654975891
v -12.164210319519043 -3.769335985183716 9.667108535766602
vt 0.19873100519180298 0.9636783599853516
vn -0.8812083601951599 0.3680984675884247 0.2966058850288391
v -12.164199829101562 -3.769335985183716 16.016929626464844
vt 0.15963999927043915 0.963678240776062
vn -0.7999999523162842 0.5999999642372131 -0.0
v -7.21143913269043 -3.769335985183716 9.667108535766602
vt 0.19873090088367462 0.9941688179969788
vn 0.8810258507728577 0.44928982853889465 0.14809471368789673
v -12.164210319519043 -2.923412799835205 9.1260347366333
vt 0.20491300523281097 0.9636783599853516
vn -0.7198228240013123 0.12928728759288788 0.6820117235183716
v -8.656387329101562 -6.032227516174316 9.858949661254883
vt 0.14797909557819366 0.7706558704376221
vn 0.427156537771225 0.11465965211391449 -0.8968782424926758
v -7.211440086364746 -3.769335985183716 16.016929626464844
vt 0.1596398949623108 0.9941686987876892
vn 0.7999999523162842 0.6000000834465027 -0.0
v -7.21143913269043 1.621093988418579 8.756868362426758
vt 0.15026089549064636 0.7199094891548157
vn 0.9675562381744385 -0.015721192583441734 -0.2521660029888153
v -7.205526828765869 -4.48947811126709 11.682889938354492
vt 0.13159030675888062 0.7584012150764465
vn 0.9889259934425354 -0.1479615420103073 -0.01151957269757986
v -7.21143913269043 5.716991901397705 13.590420722961426
vt 0.11998210102319717 0.6934560537338257
vn 0.9929583668708801 -0.1174151599407196 -0.015725914388895035
v -7.21143913269043 -0.02468261867761612 20.01333999633789
vt 0.07949447631835938 0.7296684980392456
vn 0.9999999403953552 0.0 -0.0
v -7.211444854736328 5.715551853179932 19.833620071411133
vt 0.07949446141719818 0.6914430856704712
vn 0.989873468875885 -0.09587729722261429 0.10468105971813202
v -7.211440086364746 -0.02468261867761612 19.50126075744629
vt 0.08261744678020477 0.7298442125320435
vn 0.7999999523162842 0.0 -0.5999999642372131
v -7.21143913269043 5.716991901397705 16.107059478759766
vt 0.10392569750547409 0.6929749250411987
vn 0.9998940229415894 -0.014560305513441563 -0.0
v -7.211440086364746 4.388158798217773 10.773309707641602
vt 0.13765449821949005 0.7022240161895752
vn 0.8050451874732971 -0.5723494291305542 0.15594235062599182
v -9.687822341918945 -7.975537300109863 13.597830772399902
vt 0.1194486990571022 0.7897163033485413
vn 0.44531843066215515 0.7369226813316345 0.5085629820823669
v -9.687822341918945 -5.358080863952637 9.717303276062012
vt 0.15534880757331848 0.7681031823158264
vn 0.0 -0.5023401975631714 -0.8646699786186218
v -8.59839916229248 -8.746850967407227 11.908910751342773
vt 0.13233859837055206 0.7897490859031677
vn 0.6473090052604675 0.7589183449745178 0.070949986577034
v -8.800286293029785 -5.358080863952637 9.717303276062012
vt 0.14973250031471252 0.7665271162986755
vn 0.4461967945098877 -0.2875845730304718 -0.8474690318107605
v -9.687822341918945 -8.6275634765625 8.551337242126465
vt 0.16049420833587646 0.7849155068397522
vn 0.0 0.8466089963912964 -0.532215416431427
v -9.687822341918945 -9.229053497314453 7.151174068450928
vt 0.16684800386428833 0.7917463183403015
vn 0.0 0.9276544451713562 -0.3734394907951355
v -9.687822341918945 -6.032227516174316 9.858949661254883
vt 0.1545345038175583 0.7709395885467529
vn 0.0 -0.06296264380216599 -0.998015820980072
v -12.164199829101562 2.9732909202575684 9.126032829284668
vt 0.2412146031856537 0.9636785387992859
vn -0.7213141918182373 -0.27212581038475037 0.6369092464447021
v -12.164199829101562 -0.02468261867761612 9.126032829284668
vt 0.22275839745998383 0.9636784195899963
vn -0.7071067094802856 0.0 0.7071067094802856
v -7.21143913269043 -2.923412799835205 9.1260347366333
vt 0.20491300523281097 0.9941688776016235
vn 0.7198228240013123 0.25857457518577576 0.6442005634307861
v -7.211440086364746 2.9732909202575684 9.126032829284668
vt 0.24121449887752533 0.9941689968109131
vn 0.7213141918182373 -0.13606290519237518 0.6791117191314697
v -7.211440086364746 -0.02468261867761612 9.126032829284668
vt 0.2227582037448883 0.9941688776016235
vn 0.7071067094802856 0.0 0.7071067094802856
v -7.21143913269043 -1.6705081462860107 20.00351905822754
vt 0.07949450612068176 0.7408456802368164
vn 0.8078780174255371 -0.24167035520076752 0.5375207662582397
v -12.164199829101562 1.621093988418579 9.126032829284668
vt 0.23288999497890472 0.9636784791946411
vn -0.5547001361846924 0.0 0.8320503234863281
v -7.211440086364746 1.621093988418579 9.126032829284668
vt 0.23288990557193756 0.9941689372062683
vn 0.5547001361846924 0.0 0.8320503234863281
v -12.164199829101562 4.388158798217773 10.773309707641602
vt 0.2551428973674774 0.9636785387992859
vn -0.8050452470779419 -0.5880666971206665 0.07797118276357651
v -7.211440086364746 4.388158798217773 10.773309707641602
vt 0.25514280796051025 0.9941689968109131
vn 0.8050451874732971 -0.5723494291305542 0.15594235062599182
v -7.211440086364746 3.9888429641723633 9.823077201843262
vt 0.24879740178585052 0.9941689968109131
vn 0.7199305295944214 -0.4928399920463562 0.4886806905269623
v -12.164199829101562 3.9888429641723633 9.823077201843262
vt 0.24879740178585052 0.9636785387992859
vn -0.7199304699897766 -0.5782742500305176 0.38379544019699097
v -7.21143913269043 2.722095012664795 20.02315902709961
vt 0.07949447631835938 0.7119722366333008
vn 0.9216218590736389 -0.013603052124381065 0.387850821018219
v -7.211440086364746 2.722095012664795 19.50126075744629
vt 0.08268024772405624 0.7117525339126587
vn 0.800000011920929 0.0 -0.5999999642372131
v -7.21143913269043 4.34909725189209 20.03144073486328
vt 0.07949447631835938 0.7005785703659058
vn 0.9245548844337463 0.012328248471021652 0.38084927201271057
v -8.757406234741211 7.911133289337158 4.041482925415039
vt 0.4419897198677063 0.9635809063911438
vn 0.8008490800857544 -0.20795483887195587 -0.5616008043289185
v -8.754060745239258 11.686429977416992 3.7815282344818115
vt 0.4287438988685608 0.9454027414321899
vn 0.7336496710777283 0.5660717487335205 -0.3759269118309021
v -8.745506286621094 10.654879570007324 3.303961992263794
vt 0.43401899933815 0.9494988322257996
vn 0.5660090446472168 0.23791766166687012 -0.7893218398094177
v -7.211440086364746 -3.769335985183716 16.016929626464844
vt 0.10430359840393066 0.7538374066352844
vn 0.7999999523162842 0.6000000834465027 -0.0
v -7.21143913269043 -3.769335985183716 9.667108535766602
vt 0.1431594043970108 0.753111720085144
vn 0.8810258507728577 0.44928982853889465 0.14809471368789673
v -7.21143913269043 5.716991901397705 10.657910346984863
vt 0.1385297030210495 0.6939662098884583
vn 0.9984468221664429 0.03867284581065178 -0.04010558873414993
v -7.211440086364746 4.388158798217773 16.09440040588379
vt 0.10398640483617783 0.7013460397720337
vn 0.7071067094802856 -0.7071067094802856 -0.0
v -7.211440086364746 4.388158798217773 19.50126075744629
vt 0.082557313144207 0.7004461884498596
vn 0.8728715777397156 -0.4364357888698578 -0.2182179093360901
v -7.407896995544434 -5.204174041748047 11.227849960327148
vt 0.13555480539798737 0.7635433077812195
vn 0.9381534457206726 -0.2408878356218338 -0.2486787736415863
v -9.687822341918945 -5.763452053070068 19.833620071411133
vt 0.07949450612068176 0.7765843868255615
vn 1.4936506431695307e-07 -0.9989887475967407 0.04496051371097565
v -8.440407752990723 -8.6275634765625 8.551337242126465
vt 0.1538739949464798 0.7891244888305664
vn 0.6874133348464966 0.5145549774169922 -0.5125389695167542
v -7.211440086364746 3.9888429641723633 9.823077201843262
vt 0.14361770451068878 0.704871416091919
vn 0.7199305295944214 -0.4928399920463562 0.4886806905269623
v -7.21143913269043 4.406494140625 9.442828178405762
vt 0.1460312008857727 0.7023245096206665
vn 0.9984624981880188 0.04629715159535408 -0.030482808127999306
v -7.211440086364746 2.9732909202575684 9.126032829284668
vt 0.14793220162391663 0.7113386988639832
vn 0.7213141918182373 -0.13606290519237518 0.6791117191314697
v -7.211440086364746 -2.611937999725342 20.02315902709961
vt 0.07949450612068176 0.747191309928894
vn 0.9999999403953552 0.0 -0.0
v -7.21143913269043 -4.497754096984863 10.903789520263672
vt 0.13661310076713562 0.7585234045982361
vn 0.8612639904022217 -0.45410826802253723 -0.22805704176425934
v -7.21143913269043 -4.398462295532227 20.03144073486328
vt 0.07949450612068176 0.7589688301086426
vn 0.8873997330665588 -0.29308196902275085 0.3558434844017029
v -7.385715484619141 -5.254175186157227 11.942299842834473
vt 0.13070160150527954 0.7638368010520935
vn 0.8594016432762146 -0.45418283343315125 0.23483353853225708
v -7.21143913269043 3.384766101837158 8.49550724029541
vt 0.15188829600811005 0.7088483572006226
vn 0.9945877194404602 -0.03211791068315506 -0.0988100990653038
v -7.211440086364746 -3.769335985183716 19.50126075744629
vt 0.08271514624357224 0.7545812129974365
vn 0.9128708243370056 0.18257418274879456 -0.3651483654975891
v -9.687822341918945 -5.947924613952637 12.983829498291016
vt 0.12061069905757904 0.7760252952575684
vn 2.2211530392723944e-07 -0.7317405343055725 0.6815832853317261
v -9.687822341918945 -7.455102920532227 9.52835464477539
vt 0.15572039783000946 0.7779732942581177
vn 0.0 0.44529783725738525 -0.8953824639320374
v -7.21143913269043 -4.533886909484863 12.960840225219727
vt 0.12358060479164124 0.7587746977806091
vn 0.8730332255363464 -0.4547680616378784 0.17606467008590698
v -9.687822341918945 -4.68408203125 9.167949676513672
vt 0.15811839699745178 0.7643665075302124
vn 0.0 -0.8121408224105835 -0.5834614038467407
v -9.687822341918945 -4.714354991912842 15.850410461425781
vt 0.10433690249919891 0.7733801603317261
vn -9.97753275555624e-08 -0.9982902407646179 0.0584513358771801
v -9.687822341918945 -4.403271198272705 8.41971492767334
vt 0.16174060106277466 0.7597646713256836
vn -2.663150255877156e-10 -0.5660642981529236 -0.8243610858917236
v -9.687822341918945 -5.220752239227295 14.010729789733887
vt 0.11470770090818405 0.7735916972160339
vn 1.3393427877872455e-07 -0.9545294642448425 0.2981167435646057
v -7.8627495765686035 -7.524609088897705 10.466790199279785
vt 0.14143040776252747 0.7796857953071594
vn 0.9308409690856934 0.015635933727025986 -0.3650895953178406
v -7.999463081359863 -8.389673233032227 10.204549789428711
vt 0.1431812047958374 0.7855383157730103
vn 0.985609233379364 -0.03621023893356323 -0.16511614620685577
v -7.858715057373047 -7.582373142242432 10.834139823913574
vt 0.1390666961669922 0.7799403667449951
vn 0.9384562969207764 -0.13265766203403473 0.3189071714878082
v -8.032767295837402 -8.667162895202637 10.850000381469727
vt 0.13924939930438995 0.7871186137199402
vn 0.9095932245254517 -0.24992290139198303 0.3319317400455475
v -9.687822341918945 -8.978174209594727 12.926520347595215
vt 0.1244674026966095 0.7947263717651367
vn -1.0548081945671584e-06 -0.6736348867416382 0.7390642762184143
v -9.687822341918945 -9.681909561157227 12.077589988708496
vt 0.12978999316692352 0.7982987761497498
vn -1.088571707441588e-06 -0.8637808561325073 0.5038678050041199
v -7.607166290283203 -6.10595703125 11.392450332641602
vt 0.1350007951259613 0.7697625160217285
vn 0.816476047039032 -0.3567061424255371 0.4540129005908966
v -9.687822341918945 -6.439795017242432 12.646880149841309
vt 0.12251719832420349 0.7782993912696838
vn 3.1950253287504893e-07 -0.398062527179718 0.9173583388328552
v -9.687822341918945 -10.875849723815918 2.771829128265381
vt 0.18379230797290802 0.815594494342804
vn 0.719912588596344 0.5066990852355957 -0.47432243824005127
v -9.687822341918945 -10.509719848632812 9.46757698059082
vt 0.14412419497966766 0.8042696118354797
vn -5.200119517212443e-07 -0.9753459095954895 0.22068126499652863
v -9.687822341918945 -10.78727912902832 7.576189041137695
vt 0.1547425091266632 0.8086265921592712
vn -1.9537647233391908e-07 -0.9966346025466919 0.08197257667779922
v -9.687822341918945 -7.884082317352295 12.619580268859863
vt 0.12431339919567108 0.7858710289001465
vn 0.15985175967216492 0.6868436932563782 0.7090086340904236
v -8.59839916229248 -8.746850967407227 11.908910751342773
vt 0.13233859837055206 0.7897490859031677
vn 0.7564533352851868 -0.4382612407207489 0.4854949712753296
v -9.687822341918945 -10.038180351257324 11.118830680847168
vt 0.13522979617118835 0.8003442883491516
vn -2.57795051084031e-07 -0.9357567429542542 0.35264626145362854
v -9.687822341918945 -7.376172065734863 12.44225025177002
vt 0.12466970086097717 0.7828060984611511
vn 3.005995949934004e-07 -0.1332579255104065 0.9910814166069031
v -7.625558853149414 -6.089038372039795 10.919229507446289
vt 0.13810500502586365 0.7697849273681641
vn 0.9171440601348877 -0.06530657410621643 -0.3931688666343689
v -8.404540061950684 -7.455102920532227 9.52835464477539
vt 0.14853110909461975 0.7802658081054688
vn 0.6286201477050781 0.31879937648773193 -0.7093685269355774
v -8.934122085571289 9.254980087280273 5.299783229827881
vt 0.4300450086593628 0.9634791016578674
vn 0.8583841323852539 -0.3640701472759247 -0.3614269196987152
v -8.934122085571289 10.314650535583496 4.321702003479004
vt 0.43074050545692444 0.9552025198936462
vn 0.949051022529602 -0.2810027301311493 0.14261728525161743
v -8.757406234741211 10.625049591064453 4.164189338684082
vt 0.4302583932876587 0.952789843082428
vn 0.9971362352371216 -0.06674748659133911 0.035550810396671295
v -8.534709930419922 -9.229053497314453 7.151174068450928
vt 0.16112589836120605 0.7959161996841431
vn 0.5147485733032227 0.7597221732139587 -0.39731115102767944
v -8.416593551635742 -10.098580360412598 7.514599800109863
vt 0.15723749995231628 0.8000633716583252
vn 0.9088030457496643 -0.41373708844184875 -0.053839027881622314
v -8.179929733276367 -9.431567192077637 9.475764274597168
vt 0.14694060385227203 0.7928614020347595
vn 0.8496610522270203 -0.5123143792152405 0.12494038045406342
v -8.934122085571289 8.686841011047363 4.641077995300293
vt 0.43549150228500366 0.9631280303001404
vn 0.9041164517402649 0.32216066122055054 0.28068846464157104
v -8.1400146484375 -9.20551872253418 9.221427917480469
vt 0.148695707321167 0.791769802570343
vn 0.989078938961029 -0.006643191445618868 -0.14723718166351318
v -8.757406234741211 8.803149223327637 6.487029075622559
vt 0.42670801281929016 0.9708975553512573
vn 0.8006945848464966 0.42904138565063477 0.4181048274040222
v -8.934122085571289 8.60959529876709 6.0093092918396
vt 0.4298314154148102 0.9690612554550171
vn 0.9260386228561401 0.1460874080657959 -0.34801000356674194
v -9.687822341918945 -5.120214939117432 18.492700576782227
vt 0.08861591666936874 0.7744736075401306
vn -2.104971770222619e-07 -0.9807926416397095 -0.19505305588245392
v -8.944186210632324 -4.68408203125 9.167949676513672
vt 0.15370799601078033 0.7626888751983643
vn 0.15383778512477875 -0.8267456889152527 -0.5411335825920105
v -8.63154125213623 9.79152774810791 5.878899574279785
vt 0.11147599667310715 0.8133071660995483
vn 0.5493135452270508 -0.2954181432723999 -0.7816537618637085
v -8.63154125213623 11.028809547424316 5.682508945465088
vt 0.11453679949045181 0.8063802719116211
vn 0.7055191397666931 -0.11109797656536102 -0.6999284625053406
v -8.207773208618164 9.603955268859863 7.458493232727051
vt 0.10115980356931686 0.8121178150177002
vn 0.9637472033500671 -0.04182755947113037 -0.2635178565979004
v -12.205710411071777 7.141552925109863 19.833620071411133
vt 0.019759800285100937 0.7936508655548096
vn -0.7544830441474915 0.6266295909881592 0.1951686143875122
v -7.169929504394531 7.141552925109863 19.833620071411133
vt 0.020190419629216194 0.8247634768486023
vn 0.7543256878852844 0.5201005339622498 0.4006096422672272
v -7.211444854736328 5.715551853179932 19.833620071411133
vt 0.020109860226511955 0.8335530161857605
vn 0.989873468875885 -0.09587729722261429 0.10468105971813202
v -8.207773208618164 8.442676544189453 7.246747970581055
vt 0.029617270454764366 0.7632890939712524
vn 0.6526159048080444 -0.4342229664325714 -0.6209209561347961
v -8.63154125213623 11.028809547424316 5.682508945465088
vt 0.11453679949045181 0.8063802719116211
vn 0.08345671743154526 0.7869011759757996 0.6114093065261841
v -12.205710411071777 7.141552925109863 13.590420722961426
vt 0.057290177792310715 0.7936509847640991
vn -0.7885984182357788 0.5995257496833801 0.13668003678321838
v -8.63154125213623 9.79152774810791 5.878899574279785
vt 0.026996629312634468 0.7751606106758118
vn 0.5493135452270508 -0.2954181432723999 -0.7816537618637085
v -7.21143913269043 6.309912204742432 12.354820251464844
vt 0.0673353374004364 0.8320555090904236
vn 0.8588652610778809 -0.46238598227500916 -0.22033999860286713
v -7.21143913269043 6.6636962890625 11.607179641723633
vt 0.07249686121940613 0.83061683177948
vn 0.7739569544792175 -0.5982524156570435 -0.20756812393665314
v -11.90291976928711 1.4974119663238525 7.934765338897705
vt 0.00678615178912878 0.7061029672622681
vn -0.6096042394638062 -0.7731239199638367 -0.17510589957237244
v -9.687822341918945 11.414450645446777 5.33035945892334
vt 0.02046724036335945 0.7857463955879211
vn -2.3470235532840888e-07 -0.21322761476039886 -0.9770025014877319
v -7.4727277755737305 1.4974119663238525 7.934765338897705
vt 0.03416397050023079 0.7061030864715576
vn 0.5268281102180481 -0.7469651699066162 -0.4055800139904022
v -6.848167419433594 6.842114448547363 11.653709411621094
vt 0.07186442613601685 0.8281592130661011
vn 0.9745950698852539 -0.18925045430660248 -0.11978551000356674
v -7.21143913269043 6.309912204742432 12.354820251464844
vt 0.047486528754234314 0.7575358152389526
vn 0.8588652610778809 -0.46238598227500916 -0.22033999860286713
v -12.164210319519043 4.350780963897705 7.050151824951172
vt 0.005171580705791712 0.7245641946792603
vn -0.6019183397293091 0.024047676473855972 -0.7981954216957092
v -7.21143913269043 6.6636962890625 11.607179641723633
vt 0.042844559997320175 0.7553957104682922
vn 0.7739569544792175 -0.5982524156570435 -0.20756812393665314
v -7.21143913269043 5.716991901397705 10.657910346984863
vt 0.04356636852025986 0.7471420764923096
vn 0.9984468221664429 0.03867284581065178 -0.04010558873414993
v -7.339165687561035 5.53012752532959 8.282491683959961
vt 0.034992899745702744 0.7351070046424866
vn 0.684742271900177 0.5488700270652771 -0.47944700717926025
v -7.21143913269043 4.406494140625 9.442828178405762
vt 0.044949911534786224 0.7361862659454346
vn 0.9984624981880188 0.04629715159535408 -0.030482808127999306
v -9.687837600708008 -4.5363287925720215 38.40346145629883
vt 0.12077750265598297 0.8907673954963684
vn -0.9975247383117676 -0.06850697100162506 0.015852872282266617
v -10.300840377807617 4.202611923217773 38.137351989746094
vt 0.13225460052490234 0.9402647614479065
vn -0.9420008063316345 0.3333815634250641 -0.038615357130765915
v -9.687837600708008 11.266820907592773 69.86173248291016
vt 0.33852681517601013 0.9114260673522949
vn -0.7501981258392334 0.6557794213294983 -0.08459369093179703
v -9.687837600708008 4.870654106140137 37.92609786987305
vt 0.1322726011276245 0.9459730386734009
vn -0.7607005834579468 0.6464606523513794 -0.058508142828941345
v -10.456350326538086 7.52858829498291 51.94919204711914
vt 0.2219610959291458 0.9333474040031433
vn -0.9325807094573975 0.3388649523258209 -0.1243533045053482
v -10.49867057800293 -2.6463379859924316 23.77618980407715
vt 0.03456772863864899 0.922150731086731
vn -0.8032695055007935 -0.5954704880714417 0.013152155093848705
v -10.504590034484863 -2.7216310501098633 22.897789001464844
vt 0.029005110263824463 0.9233002662658691
vn -0.8981261849403381 -0.39469820261001587 0.1938624083995819
v -9.859986305236816 -4.706006050109863 23.29376983642578
vt 0.02293943054974079 0.9091660976409912
vn -0.8945615887641907 0.040910281240940094 0.44506847858428955
v -9.687837600708008 -4.792823314666748 23.792619705200195
vt 0.024525750428438187 0.9062213897705078
vn 0.9277834892272949 0.14227473735809326 0.3449285626411438
v -9.687837600708008 -4.967700958251953 23.35628890991211
vt 0.021985989063978195 0.9074116349220276
vn 0.840150773525238 -0.5060717463493347 0.19503334164619446
v -9.687837600708008 -3.0199952125549316 43.70448303222656
vt 0.1521662026643753 0.890767514705658
vn 0.996828556060791 -0.0779924988746643 0.015809116885066032
v -9.687837600708008 0.28837850689888 53.7894287109375
vt 0.21772439777851105 0.890767514705658
vn 0.994959831237793 -0.09557108581066132 0.03034866601228714
v -9.687837600708008 10.04518985748291 66.04019927978516
vt 0.31126609444618225 0.9184552431106567
vn 3.7584351275654626e-07 0.9814396500587463 -0.1917710155248642
v -9.687837600708008 11.266820907592773 69.86173248291016
vt 0.33852681517601013 0.9114260673522949
vn 0.48711827397346497 0.8521458506584167 -0.19121530652046204
v -9.687837600708008 -5.559863090515137 19.97534942626953
vt 0.0032533728517591953 0.9154930114746094
vn -1.858717723735026e-06 -0.9980397820472717 0.0625826045870781
v -9.687837600708008 -5.2606940269470215 22.56463050842285
vt 0.017379319295287132 0.9090492725372314
vn 0.2364320158958435 -0.9154052138328552 0.32578107714653015
v -8.875143051147461 -2.7236568927764893 23.79224967956543
vt 0.03456772863864899 0.922150731086731
vn 0.7725762724876404 -0.6345050930976868 0.02300446480512619
v -9.687837600708008 -5.4886474609375 21.44715118408203
vt 0.011143550276756287 0.9114404916763306
vn -2.352043338760268e-06 -0.9865051507949829 0.1637296974658966
v -9.687837600708008 -3.093506097793579 23.751049041748047
vt 0.032895058393478394 0.916870653629303
vn -0.0257310438901186 -0.9955480098724365 -0.09067478775978088
v -7.169929504394531 7.141552925109863 16.001850128173828
vt 0.04411355033516884 0.824852466583252
vn 0.7173303961753845 0.6967331171035767 -0.0
v -11.167869567871094 8.442676544189453 7.246747970581055
vt 0.011324389837682247 0.7632864117622375
vn -0.6552549600601196 -0.45135536789894104 -0.6057386994361877
v -7.21143913269043 5.716991901397705 16.107059478759766
vt 0.04333088919520378 0.8336414098739624
vn 0.9998940229415894 -0.014560305513441563 -0.0
v -9.515689849853516 -4.706006050109863 23.29376983642578
vt 0.02293943054974079 0.9091660976409912
vn 0.8945609331130981 0.04090993106365204 0.445069819688797
v -8.207773208618164 8.442676544189453 7.246747970581055
vt 0.10141199827194214 0.8194869160652161
vn 0.6526159048080444 -0.4342229664325714 -0.6209209561347961
v -11.908750534057617 6.709399223327637 9.514833450317383
vt 0.006749017629772425 0.7456451058387756
vn -0.3689711093902588 -0.8442526459693909 -0.38871273398399353
v -7.169929504394531 7.141552925109863 13.590420722961426
vt 0.05947253108024597 0.8248710036277771
vn 0.5653029680252075 0.8147119283676147 0.1291397511959076
v -12.036479949951172 5.53012752532959 8.282491683959961
vt 0.005961226765066385 0.7351051568984985
vn -0.6847417950630188 0.5488659143447876 -0.4794524312019348
v -7.21143913269043 5.716991901397705 13.590420722961426
vt 0.059048980474472046 0.8337627649307251
vn 0.9929583668708801 -0.1174151599407196 -0.015725914388895035
v -7.122098922729492 7.353954792022705 12.287099838256836
vt 0.06808468699455261 0.8243371844291687
vn 0.6727174520492554 0.719842255115509 0.17110902070999146
v -7.4727301597595215 1.621093988418579 8.49550724029541
vt 0.0341639406979084 0.70255446434021
vn 0.7079078555107117 -0.26701951026916504 -0.6538859009742737
v -10.529199600219727 8.80458927154541 60.5064811706543
vt 0.28085950016975403 0.9204056859016418
vn -0.9355717301368713 0.35224929451942444 0.02501455321907997
v -10.498689651489258 9.383788108825684 56.987648010253906
vt 0.256263792514801 0.9321293830871582
vn -0.8746063709259033 0.4820699393749237 -0.0516936220228672
v -10.349860191345215 4.8785400390625 43.00739669799805
vt 0.1626473069190979 0.9357293248176575
vn -0.9328378438949585 0.35086560249328613 -0.08189630508422852
v -9.687837600708008 5.513856887817383 66.57158660888672
vt 0.30927711725234985 0.8907675743103027
vn -0.9841815233230591 -0.1639195680618286 0.06720931082963943
v -9.687837600708008 7.510325908660889 70.83561706542969
vt 0.3342925012111664 0.8907675743103027
vn -0.9840547442436218 -0.1586761772632599 0.08036290109157562
v -10.292830467224121 -4.0783209800720215 27.61501121520996
vt 0.052173249423503876 0.907883882522583
vn -0.9033979773521423 -0.2781045138835907 -0.32638946175575256
v -9.687837600708008 10.97404956817627 77.44911193847656
vt 0.3755066990852356 0.8907675743103027
vn -0.9565516114234924 0.2854419946670532 0.05942993611097336
v -8.63154125213623 11.028809547424316 5.682508945465088
vt 0.027170080691576004 0.7829005718231201
vn 0.7055191397666931 -0.11109797656536102 -0.6999284625053406
v -11.908750534057617 6.709399223327637 9.514833450317383
vt 0.006749017629772425 0.7456451058387756
vn -0.8159255385398865 0.2936893403530121 -0.4980081021785736
v -9.687837600708008 4.607495307922363 28.977251052856445
vt 0.07876604795455933 0.9577379822731018
vn -0.7971335053443909 0.602689266204834 0.036655206233263016
v -9.687837600708008 4.564940929412842 33.03416061401367
vt 0.10241170227527618 0.9512842893600464
vn -0.7939515709877014 0.6078943610191345 -0.010259819217026234
v -9.687837600708008 9.523233413696289 60.66944122314453
vt 0.28449490666389465 0.9262877702713013
vn 2.425522893645393e-07 0.9982476234436035 0.05917505919933319
v -9.687837600708008 -1.3902099132537842 48.787132263183594
vt 0.18582820892333984 0.890767514705658
vn -0.9957920908927917 -0.08874940127134323 0.022840386256575584
v -9.687837600708008 0.28837850689888 53.7894287109375
vt 0.21772439777851105 0.890767514705658
vn -0.994959831237793 -0.0955711081624031 0.03034866973757744
v -10.300849914550781 3.783812999725342 28.977251052856445
vt 0.07691420614719391 0.9516902565956116
vn -0.9622328281402588 0.2710855305194855 0.024915480986237526
v -10.404809951782227 6.033788681030273 47.520790100097656
vt 0.1921951025724411 0.9340329766273499
vn -0.9632551074028015 0.25525403022766113 -0.08357415348291397
v -9.687837600708008 5.4444580078125 20.02254867553711
vt 0.028628619387745857 0.9786509275436401
vn -0.8216118216514587 0.5656763911247253 0.07045654207468033
v -9.687837600708008 10.207469940185547 57.08753204345703
vt 0.25903770327568054 0.9387125372886658
vn 7.953316867315152e-07 0.9954822063446045 -0.09494822472333908
v -7.646511077880859 5.013086318969727 20.338951110839844
vt 0.003126739989966154 0.8217809200286865
vn 0.6134445667266846 -0.43973761796951294 0.6559851169586182
v -10.744099617004395 11.028809547424316 5.682508945465088
vt 0.11197789758443832 0.7936509847640991
vn -0.08345700800418854 0.7869012355804443 0.6114091873168945
v -7.4727301597595215 1.621093988418579 8.49550724029541
vt 0.05452699959278107 0.7205923795700073
vn 0.7079078555107117 -0.26701951026916504 -0.6538859009742737
v -7.646511077880859 5.013086318969727 20.338951110839844
vt 0.01711731031537056 0.8387327194213867
vn 0.6134445667266846 -0.43973761796951294 0.6559851169586182
v -9.687837600708008 -6.438599109649658 27.666229248046875
vt 0.04806344956159592 0.8957751989364624
vn 3.7001399277869496e-07 0.4783054292201996 -0.8781934976577759
v -7.169929027557373 5.565624713897705 20.947410583496094
vt 0.008219718933105469 0.8247383832931519
vn 0.7599789500236511 -0.3240809440612793 0.5633857846260071
v -12.205719947814941 5.565624713897705 20.947410583496094
vt 0.008081018924713135 0.7936508655548096
vn -0.31988725066185 -0.11382421106100082 0.9405935406684875
v -9.687837600708008 -5.396728992462158 27.81245994567871
vt 0.050303369760513306 0.9002461433410645
vn -2.1227690183422965e-07 -0.14384499192237854 -0.9896001815795898
v -9.687837600708008 -3.4790289402008057 22.671289443969727
vt 0.02669866941869259 0.916987419128418
vn -1.1560529173948453e-06 -0.41907232999801636 0.9079528450965881
v -10.744099617004395 11.028809547424316 5.682508945465088
vt 0.013765349984169006 0.782898485660553
vn -0.7055190205574036 -0.11109799146652222 -0.6999285221099854
v -7.211440086364746 -4.398462295532227 16.011280059814453
vt 0.10424680262804031 0.7577353715896606
vn 0.5877065062522888 -0.8084128499031067 0.03270643949508667
v -10.357229232788086 9.420587539672852 66.42430877685547
vt 0.31146639585494995 0.9122154116630554
vn -0.9585517644882202 0.28046444058418274 -0.050181593745946884
v -10.434520721435547 -2.959789991378784 25.30360984802246
vt 0.0426405593752861 0.9180962443351746
vn -0.8742240071296692 -0.476468026638031 -0.09333064407110214
v -9.687837600708008 9.689525604248047 63.802528381347656
vt 0.29788050055503845 0.9223715662956238
vn 9.919688181980746e-07 0.9944453835487366 -0.10525330156087875
v -9.687837600708008 -3.4029297828674316 25.175090789794922
vt 0.03985556960105896 0.9136053919792175
vn 2.0248717191861942e-06 -0.9576880931854248 -0.28780820965766907
v -10.251440048217773 10.638519287109375 69.9892349243164
vt 0.3366650938987732 0.9065130352973938
vn -0.9612062573432922 0.2758278250694275 -0.0012642176588997245
v -9.687837600708008 2.633373975753784 59.645809173583984
vt 0.25625890493392944 0.890767514705658
vn -0.9915322065353394 -0.12676888704299927 0.028165601193904877
v -10.083600044250488 -5.183203220367432 21.40727996826172
vt 0.01255027949810028 0.9141795635223389
vn -0.8038372993469238 -0.5876561403274536 0.09222584962844849
v -10.443520545959473 9.022958755493164 63.804298400878906
vt 0.29616299271583557 0.9163105487823486
vn -0.9139980673789978 0.4052773714065552 -0.0189137514680624
v -10.117300033569336 -5.274364948272705 19.915550231933594
vt 0.004600213840603828 0.9183118343353271
vn -0.897231936454773 -0.43678274750709534 0.06477406620979309
v -9.687837600708008 -5.858179092407227 32.988460540771484
vt 0.085463747382164 0.8907673954963684
vn -0.9867704510688782 -0.14729849994182587 0.06772798299789429
v -10.632189750671387 -3.179931879043579 20.058849334716797
vt 0.011982100084424019 0.9281221628189087
vn -0.9892947673797607 -0.13554055988788605 0.0540815033018589
v -10.327390670776367 3.7412352561950684 33.030399322509766
vt 0.10075590014457703 0.9450824856758118
vn -0.9750192165374756 0.221940815448761 0.008927363902330399
v -9.687837600708008 4.870654106140137 37.92609786987305
vt 0.1322726011276245 0.9459730386734009
vn 0.7607002854347229 0.6464609503746033 -0.05850836634635925
v -10.262099266052246 -3.830738067626953 22.35862922668457
vt 0.022576870396733284 0.9181420207023621
vn -0.8724977374076843 -0.14442674815654755 0.46678540110588074
v -10.013760566711426 -4.970458984375 22.475339889526367
vt 0.01838614046573639 0.9116027355194092
vn -0.8502194285392761 -0.4813852906227112 0.21306145191192627
v -9.951809883117676 -6.482716083526611 27.751888275146484
vt 0.049522221088409424 0.8948171138763428
vn -0.8271242380142212 0.09253337979316711 -0.5543490648269653
v -9.687837600708008 -4.5363287925720215 38.40346145629883
vt 0.12077750265598297 0.8907673954963684
vn 0.9975247383117676 -0.06850705295801163 0.01585264876484871
v -8.869154930114746 -2.79978084564209 22.90411949157715
vt 0.029005110263824463 0.9233002662658691
vn 0.8815426826477051 -0.4335399270057678 0.18688349425792694
v -12.25355052947998 7.353954792022705 12.287099838256836
vt 0.06518659740686417 0.7936509847640991
vn -0.4823506474494934 0.8532413840293884 0.1982850730419159
v -7.211440086364746 -4.398462295532227 19.265840530395508
vt 0.08414041250944138 0.7585892081260681
vn 0.8368005752563477 -0.5414252877235413 -0.08138350397348404
v -11.902910232543945 1.621093988418579 8.49550724029541
vt 0.006786214653402567 0.7025544047355652
vn -0.7909387946128845 -0.5736616253852844 -0.21290408074855804
v -10.330490112304688 4.333739757537842 22.326698303222656
vt 0.039390929043293 0.966482400894165
vn -0.9654390215873718 0.2589215934276581 0.02978643588721752
v -10.254989624023438 4.620703220367432 20.02254867553711
vt 0.02660324051976204 0.9728455543518066
vn -0.9041873216629028 0.4258786737918854 0.032749831676483154
v -9.687837600708008 5.157470226287842 22.326698303222656
vt 0.041436150670051575 0.9725801944732666
vn -0.7991658449172974 0.5983688831329346 0.057347167283296585
v -9.687837600708008 -3.0199952125549316 43.70448303222656
vt 0.1521662026643753 0.890767514705658
vn -0.9968286156654358 -0.0779920220375061 0.015809208154678345
v -9.687837600708008 -4.792823314666748 23.792619705200195
vt 0.024525750428438187 0.9062213897705078
vn -0.927783191204071 0.14227469265460968 0.344929575920105
v -12.205710411071777 7.141552925109863 16.001850128173828
vt 0.04287565127015114 0.7936509847640991
vn -0.7173283100128174 0.6967353820800781 -0.0
v -9.687822341918945 11.414450645446777 5.33035945892334
vt 0.1162886992096901 0.7994415163993835
vn -9.710461768008827e-08 0.7804732322692871 0.6251892447471619
v -7.169929027557373 5.565624713897705 20.947410583496094
vt 0.013217689469456673 0.8343576192855835
vn 0.7599789500236511 -0.3240809440612793 0.5633857846260071
v -8.207773208618164 9.603955268859863 7.458493232727051
vt 0.10115980356931686 0.8121178150177002
vn 0.5839586853981018 0.7250820398330688 0.3650319278240204
v -10.744099617004395 9.79152774810791 5.878899574279785
vt 0.013941279612481594 0.7751585245132446
vn -0.45725253224372864 -0.3944108486175537 -0.7970947623252869
v -7.466893672943115 6.709399223327637 9.514833450317383
vt 0.08598777651786804 0.8298491835594177
vn 0.7902507185935974 -0.3218100965023041 -0.5214806199073792
v -6.870089530944824 6.483179092407227 12.419879913330078
vt 0.06683424860239029 0.829728901386261
vn 0.9095414280891418 -0.3943100869655609 -0.13135384023189545
v -7.37640905380249 7.97556209564209 10.122529983520508
vt 0.08242937177419662 0.8211756944656372
vn 0.6211717128753662 0.767148494720459 0.1600896269083023
v -11.999239921569824 7.97556209564209 10.122529983520508
vt 0.07880669832229614 0.7936509847640991
vn -0.7990207076072693 0.6002248525619507 0.03599974513053894
v -7.200321197509766 6.937084674835205 9.623884201049805
vt 0.08479920774698257 0.8279197216033936
vn 0.878847062587738 -0.3837258517742157 -0.2835173010826111
v -7.21143913269043 5.716991901397705 13.590420722961426
vt 0.05519704893231392 0.7610399723052979
vn 0.9929583668708801 -0.1174151599407196 -0.015725914388895035
v -7.466893672943115 6.709399223327637 9.514833450317383
vt 0.034198131412267685 0.7456488013267517
vn 0.7902507185935974 -0.3218100965023041 -0.5214806199073792
v -7.21143913269043 4.350780963897705 7.050151824951172
vt 0.03577839955687523 0.7245646715164185
vn 0.605299174785614 0.33438795804977417 -0.7223555445671082
v -7.21143913269043 3.384766101837158 8.49550724029541
vt 0.04606698825955391 0.7276511192321777
vn 0.9945877194404602 -0.03211791068315506 -0.0988100990653038
v -9.687837600708008 -7.26191520690918 26.71504020690918
vt 0.04290483891963959 0.8907673954963684
vn -0.9168312549591064 -0.3942897915840149 0.06289457529783249
v -9.687837600708008 -4.967700958251953 23.35628890991211
vt 0.021985989063978195 0.9074116349220276
vn -0.840149998664856 -0.506072998046875 0.19503381848335266
v -9.687837600708008 -5.2606940269470215 22.56463050842285
vt 0.017379319295287132 0.9090492725372314
vn -0.8405704498291016 -0.5080252289772034 0.1880199909210205
v -9.687837600708008 -1.3902099132537842 48.787132263183594
vt 0.18582820892333984 0.890767514705658
vn 0.9957920908927917 -0.08874952793121338 0.02284078858792782
v -9.074833869934082 4.202611923217773 38.137351989746094
vt 0.13225460052490234 0.9402647614479065
vn 0.9420004487037659 0.3333823084831238 -0.038615841418504715
v -9.687837600708008 -3.8655519485473633 22.56433868408203
vt 0.02527586929500103 0.915448009967804
vn -9.807306469156174e-07 0.3243136703968048 0.9459496140480042
v -9.687837600708008 -4.572046279907227 23.313251495361328
vt 0.024258960038423538 0.9094246029853821
vn 8.509915687682224e-07 0.8637421727180481 0.5039339065551758
v -9.687837600708008 -4.248536109924316 22.862159729003906
vt 0.02456587925553322 0.9127708673477173
vn -4.0702107639845053e-07 0.7293202877044678 0.6841724514961243
v -11.729129791259766 5.013086318969727 20.338951110839844
vt 0.003025888931006193 0.7965741753578186
vn -0.7538579106330872 -0.2976791560649872 0.5857349038124084
v -9.687822341918945 1.621093988418579 8.49550724029541
vt 0.020475110039114952 0.7025544047355652
vn 0.0 -0.9765276908874512 0.21539123356342316
v -7.4727277755737305 1.4974119663238525 7.934765338897705
vt 0.05288638919591904 0.7174457311630249
vn 0.5268281102180481 -0.7469651699066162 -0.4055800139904022
v -9.687837600708008 -7.26191520690918 26.71504020690918
vt 0.04290483891963959 0.8907673954963684
vn 0.5044794082641602 0.5711368322372437 -0.6475362181663513
v -8.757406234741211 6.480591297149658 8.636823654174805
vt 0.4314455986022949 0.990983247756958
vn 0.9970427751541138 0.027932574972510338 -0.07159265130758286
v -11.167869567871094 9.603955268859863 7.458493232727051
vt 0.09819699823856354 0.7936509847640991
vn -0.4684264361858368 0.7803512215614319 0.4142807126045227
v -10.333429336547852 -3.50656795501709 26.781658172607422
vt 0.04912152141332626 0.9125471711158752
vn -0.795716404914856 -0.5526204109191895 -0.24788331985473633
v -9.687837600708008 -4.388111114501953 27.281648635864258
vt 0.0479949489235878 0.9056218266487122
vn 7.056888193801569e-07 -0.7339967489242554 -0.6791529059410095
v -9.687837600708008 -3.9072511196136475 26.55967903137207
vt 0.045529261231422424 0.9091320633888245
vn 2.184072855015984e-06 -0.8923560976982117 -0.4513319134712219
v -10.088099479675293 -4.337451934814453 22.737930297851562
vt 0.02207900956273079 0.9136511087417603
vn -0.6976374387741089 0.3396056294441223 0.6308487057685852
v -10.405759811401367 -3.263427972793579 22.419719696044922
vt 0.024837840348482132 0.9215335845947266
vn -0.7178857922554016 -0.4561389982700348 0.5259060263633728
v -9.687837600708008 -6.980371952056885 28.480051040649414
vt 0.05328492820262909 0.8907673954963684
vn -0.9383609890937805 -0.3329504728317261 0.09285826236009598
v -10.241840362548828 -5.303515911102295 28.303220748901367
vt 0.05474529042840004 0.9013053178787231
vn -0.9661433100700378 -0.16718797385692596 -0.19650764763355255
v -9.687837600708008 -3.1615238189697266 23.022659301757812
vt 0.02901352010667324 0.9178215265274048
vn -0.026843613013625145 -0.9141426086425781 0.4045029282569885
v -9.687837600708008 5.459496974945068 42.73088836669922
vt 0.16215209662914276 0.9414007067680359
vn -1.4355068742588628e-06 0.9847528338432312 -0.1739591360092163
v -9.025811195373535 4.8785400390625 43.00739669799805
vt 0.1626473069190979 0.9357293248176575
vn 0.9328374862670898 0.35086655616760254 -0.0818963572382927
v -9.687837600708008 6.6373772621154785 47.3148307800293
vt 0.19217219948768616 0.9399340152740479
vn -4.4250430164538557e-07 0.9564589262008667 -0.29186704754829407
v -9.687837600708008 8.202049255371094 51.80316162109375
vt 0.22256220877170563 0.9396674633026123
vn 2.532445080305479e-07 0.9384694695472717 -0.3453623354434967
v -8.919325828552246 7.52858829498291 51.94919204711914
vt 0.2219610959291458 0.9333474040031433
vn 0.9325807690620422 0.3388650417327881 -0.12435319274663925
v -9.423866271972656 -6.482716083526611 27.751888275146484
vt 0.049522221088409424 0.8948171138763428
vn 0.8271241784095764 0.09253314882516861 -0.5543493032455444
v -10.488969802856445 4.487354278564453 -12.702469825744629
vt 0.4272252023220062 0.832277774810791
vn -0.7308736443519592 -0.6050978899002075 0.31572169065475464
v -9.133834838867188 -5.303515911102295 28.303220748901367
vt 0.05474529042840004 0.9013053178787231
vn 0.9661432504653931 -0.16718827188014984 -0.19650815427303314
v -10.946510314941406 1.3344240188598633 -8.409187316894531
vt 0.40018099546432495 0.8528109192848206
vn -0.2201596200466156 0.7149796485900879 0.6635765433311462
v -10.917200088500977 1.883862018585205 0.5202018618583679
vt 0.342932790517807 0.8523375988006592
vn -0.9862858057022095 0.16499623656272888 -0.004074712283909321
v -10.917200088500977 2.7490971088409424 8.6441011428833
vt 0.2925069034099579 0.8472862839698792
vn -0.9217573404312134 0.3855886459350586 -0.041048962622880936
v -10.598320007324219 2.358276128768921 0.5062575936317444
vt 0.3429949879646301 0.8487793803215027
vn -0.6587072014808655 0.7520717978477478 -0.022199861705303192
v -10.54677963256836 -2.181812047958374 -4.468341827392578
vt 0.37399691343307495 0.8785598874092102
vn -0.3279137909412384 -0.9435547590255737 0.04665599390864372
v -10.597949981689453 3.2245121002197266 8.641556739807129
vt 0.29250699281692505 0.843709409236908
vn -0.504814088344574 0.8577508330345154 -0.09708844870328903
v -10.917200088500977 -1.5294430255889893 0.4457259774208069
vt 0.34352099895477295 0.8735116124153137
vn -0.9599775075912476 -0.28003934025764465 0.004598232451826334
v -10.917200088500977 -1.9087399244308472 -4.468341827392578
vt 0.3742031157016754 0.875791072845459
vn -0.8138846158981323 -0.579940915107727 0.03550111874938011
v -10.917200088500977 -1.893530011177063 8.678203582763672
vt 0.2925069034099579 0.8761965036392212
vn -0.9376857876777649 -0.3471301794052124 -0.01568293385207653
v -10.541898727416992 -1.9591798782348633 0.45271530747413635
vt 0.34346431493759155 0.877051830291748
vn -0.5506305694580078 -0.8347333669662476 0.0051114060916006565
v -10.917200088500977 2.166918992996216 -4.468341827392578
vt 0.3736810088157654 0.8505284786224365
vn -0.9600276947021484 0.2795569598674774 0.013952668756246567
v -10.549689292907715 -2.3296871185302734 8.680946350097656
vt 0.29250699281692505 0.8797596096992493
vn -0.3765978217124939 -0.9253621697425842 -0.04334821552038193
v -10.576969146728516 2.5685300827026367 -4.468341827392578
vt 0.3734894096851349 0.8472672700881958
vn -0.5020259618759155 0.8641360402107239 0.035199124366045
v -10.917200088500977 2.356567144393921 -7.811813831329346
vt 0.3937571942806244 0.847374677658081
vn -0.6754867434501648 0.5461748838424683 0.49538934230804443
v -10.561490058898926 2.720996141433716 -8.07512092590332
vt 0.39507749676704407 0.8437497019767761
vn -0.2403893619775772 0.8644759058952332 0.4414682984352112
v -10.917200088500977 -2.127808094024658 -7.306358814239502
vt 0.3927367925643921 0.8785406947135925
vn -0.9753074049949646 -0.18975752592086792 0.11299305409193039
v -10.964289665222168 -3.0052490234375 -7.705638885498047
vt 0.3971075117588043 0.8838468194007874
vn -0.9614265561103821 -0.2314302772283554 0.14865730702877045
v -10.549110412597656 -2.287769079208374 -6.81020975112915
vt 0.38922029733657837 0.880915105342865
vn -0.8047042489051819 0.1044657900929451 0.5844125151634216
v -10.364990234375 -3.8733890056610107 -7.860307216644287
vt 0.39992019534111023 0.8905134201049805
vn -0.6605236530303955 -0.7204073071479797 -0.2114754617214203
v -10.809459686279297 4.438500881195068 -13.538009643554688
vt 0.4327591061592102 0.8331767320632935
vn -0.9011895656585693 -0.1797201782464981 0.39440831542015076
v -10.311789512634277 -4.026758193969727 -5.822154998779297
vt 0.38808169960975647 0.8941680788993835
vn -0.5751999020576477 0.2624147832393646 0.7747796177864075
v -10.402430534362793 4.997655868530273 -13.657989501953125
vt 0.43340620398521423 0.8289034962654114
vn -0.6152578592300415 0.6907160878181458 0.3799593150615692
v -10.941510200500488 1.6407960653305054 -8.685174942016602
vt 0.4015507102012634 0.851183295249939
vn -0.7496032118797302 0.5073951482772827 0.4250239133834839
v -11.270400047302246 1.146582007408142 -7.5101752281188965
vt 0.39401599764823914 0.8558328151702881
vn -0.6918055415153503 0.07372076064348221 0.7183107733726501
v -10.650400161743164 3.0984129905700684 -9.38868522644043
vt 0.40415751934051514 0.8417850732803345
vn -0.5679064989089966 -0.24733464419841766 -0.7850526571273804
v -10.917200088500977 1.121948003768921 -7.400317192077637
vt 0.3918495178222656 0.8560783863067627
vn -0.8130629658699036 -0.0036199388559907675 0.5821645855903625
v -10.917200088500977 1.9071780443191528 -7.636790752410889
vt 0.3927431106567383 0.8505555987358093
vn -0.7248371243476868 0.22630575299263 0.6506895422935486
v -10.917200088500977 0.32426759600639343 -7.521286964416504
vt 0.39309149980545044 0.8615484833717346
vn -0.8920131325721741 -0.11883553117513657 0.4361084997653961
v -10.91720962524414 -0.519238293170929 -7.860505104064941
vt 0.39592498540878296 0.8673049807548523
vn -0.9627737998962402 -0.2513577342033386 0.09942717105150223
v -10.650400161743164 3.0984129905700684 -9.38868522644043
vt 0.40415751934051514 0.8417850732803345
vn -0.612011730670929 0.7696544528007507 -0.18186131119728088
v -8.757406234741211 8.49990177154541 6.270816802978516
vt 0.429080605506897 0.9711190462112427
vn 0.9951257705688477 0.03816621005535126 -0.0909280925989151
v -8.757406234741211 6.669189453125 9.361994743347168
vt 0.42710191011428833 0.9936079978942871
vn 0.7071067094802856 0.5835078358650208 0.3993977904319763
v -8.757406234741211 7.3045654296875 7.517970085144043
vt 0.43050411343574524 0.9821488857269287
vn 0.9006353616714478 -0.375001460313797 -0.219613179564476
v -8.757406234741211 7.645287990570068 7.935944557189941
vt 0.4272231161594391 0.9829205274581909
vn 0.7073217034339905 0.5629364252090454 0.42754948139190674
v -10.549110412597656 -2.287769079208374 -6.81020975112915
vt 0.38922029733657837 0.880915105342865
vn -0.4343779981136322 -0.8993163108825684 0.05045721307396889
v -8.970866203308105 6.033788681030273 47.520790100097656
vt 0.1921951025724411 0.9340329766273499
vn 0.9632551074028015 0.2552541494369507 -0.08357378840446472
v -9.687837600708008 10.97404956817627 77.44911193847656
vt 0.3755066990852356 0.8907675743103027
vn 0.9565518498420715 0.28544095158576965 0.05942954868078232
v -10.672470092773438 2.8758790493011475 -8.20229721069336
vt 0.3964743912220001 0.8436439037322998
vn -0.25311601161956787 0.8293405175209045 0.49812301993370056
v -9.11357307434082 -3.830738067626953 22.35862922668457
vt 0.022576870396733284 0.9181420207023621
vn 0.8724974989891052 -0.14442671835422516 0.46678581833839417
v -8.743488311767578 -3.179931879043579 20.058849334716797
vt 0.011982100084424019 0.9281221628189087
vn 0.9880944490432739 -0.14420364797115326 0.05361654609441757
v -9.292072296142578 -5.183203220367432 21.40727996826172
vt 0.01255027949810028 0.9141795635223389
vn 0.803835928440094 -0.587658166885376 0.09222589433193207
v -9.258373260498047 -5.274364948272705 19.915550231933594
vt 0.004600213840603828 0.9183118343353271
vn 0.8972318768501282 -0.4367828369140625 0.06477335095405579
v -9.687837600708008 -6.980371952056885 28.480051040649414
vt 0.05328492820262909 0.8907673954963684
vn 0.9383609890937805 -0.3329506814479828 0.09285783022642136
v -8.969911575317383 -3.263427972793579 22.419719696044922
vt 0.024837840348482132 0.9215335845947266
vn 0.7072260975837708 -0.48183587193489075 0.5173637866973877
v -9.042252540588379 -3.50656795501709 26.781658172607422
vt 0.04912152141332626 0.9125471711158752
vn 0.7957175970077515 -0.5526179671287537 -0.24788445234298706
v -9.287574768066406 -4.337451934814453 22.737930297851562
vt 0.02207900956273079 0.9136511087417603
vn 0.6976354718208313 0.3396057188510895 0.6308508515357971
v -8.932158470153809 9.022958755493164 63.804298400878906
vt 0.29616299271583557 0.9163105487823486
vn 0.9139982461929321 0.4052770137786865 -0.018913721665740013
v -9.01844596862793 9.420587539672852 66.42430877685547
vt 0.31146639585494995 0.9122154116630554
vn 0.9585517644882202 0.2804640829563141 -0.05018153414130211
v -8.846474647521973 8.80458927154541 60.5064811706543
vt 0.28085950016975403 0.9204056859016418
vn 0.9355716109275818 0.3522495627403259 0.025014692917466164
v -10.879670143127441 2.24997615814209 -13.064470291137695
vt 0.42849621176719666 0.8465734720230103
vn -0.8262010216712952 0.4642791152000427 0.3191187381744385
v -10.572969436645508 4.173047065734863 -13.499309539794922
vt 0.4314992129802704 0.8350505828857422
vn -0.9619727730751038 -0.1787928342819214 0.2064986377954483
v -10.917200088500977 2.0324950218200684 -11.486200332641602
vt 0.41917499899864197 0.847684919834137
vn -0.6802474856376648 0.5807543992996216 -0.44719985127449036
v -10.917200088500977 1.1601810455322266 -4.468341827392578
vt 0.37393349409103394 0.8567752838134766
vn -0.9999999403953552 0.0 -0.0
v -10.917200088500977 -0.6589599847793579 -4.468341827392578
vt 0.37432190775871277 0.868128776550293
vn -0.9999999403953552 0.0 -0.0
v -9.687837600708008 7.510325908660889 70.83561706542969
vt 0.3342925012111664 0.8907675743103027
vn 0.9840548038482666 -0.1586754471063614 0.08036291599273682
v -9.074828147888184 3.783812999725342 28.977251052856445
vt 0.07691420614719391 0.9516902565956116
vn 0.9622328281402588 0.2710850238800049 0.02491423860192299
v -11.351749420166016 0.3328368663787842 -7.8554792404174805
vt 0.39622050523757935 0.8607578277587891
vn -0.9303736090660095 -0.2598204016685486 0.25864672660827637
v -10.946510314941406 1.3344240188598633 -8.409187316894531
vt 0.40018099546432495 0.8528109192848206
vn -0.6918500661849976 -0.16889560222625732 -0.7020096778869629
v -11.444530487060547 1.083886981010437 -8.219959259033203
vt 0.3984560966491699 0.8557050824165344
vn -0.9676457643508911 0.17521023750305176 0.18155674636363983
v -10.917200088500977 0.7009766101837158 -9.054461479187012
vt 0.40375709533691406 0.8604552745819092
vn -0.8754913806915283 -0.4380124509334564 -0.20410792529582977
v -10.91326904296875 1.6808841228485107 -8.565621376037598
vt 0.400899201631546 0.8510792851448059
vn -0.8280858993530273 -0.21505075693130493 -0.5177133083343506
v -10.912710189819336 2.3110108375549316 -8.950855255126953
vt 0.4025641977787018 0.8471693992614746
vn -0.9313785433769226 -0.013155479915440083 -0.3638143539428711
v -8.941162109375 -2.959789991378784 25.30360984802246
vt 0.0426405593752861 0.9180962443351746
vn 0.8686309456825256 -0.4876900315284729 -0.0873984843492508
v -9.082844734191895 -4.0783209800720215 27.61501121520996
vt 0.052173249423503876 0.907883882522583
vn 0.9033975005149841 -0.27810364961624146 -0.32639142870903015
v -10.229700088500977 8.143213272094727 -17.38317108154297
vt 0.46020931005477905 0.8142572045326233
vn -0.4444364011287689 -0.22287534177303314 -0.8676421046257019
v -11.174220085144043 0.3719237744808197 -7.605895042419434
vt 0.39446821808815 0.8607800006866455
vn -0.5228151679039001 -0.24836350977420807 0.8154629468917847
v -9.124239921569824 10.638519287109375 69.9892349243164
vt 0.3366650938987732 0.9065130352973938
vn 0.9612064361572266 0.27582693099975586 -0.0012638074113056064
v -9.687837600708008 2.633373975753784 59.645809173583984
vt 0.25625890493392944 0.890767514705658
vn 0.9915323257446289 -0.12676875293254852 0.02816566824913025
v -9.687837600708008 4.564940929412842 33.03416061401367
vt 0.10241170227527618 0.9512842893600464
vn 0.7939523458480835 0.6078932881355286 -0.010259808972477913
v -9.687837600708008 5.513856887817383 66.57158660888672
vt 0.30927711725234985 0.8907675743103027
vn 0.9841815233230591 -0.1639193892478943 0.06720886379480362
v -8.876989364624023 9.383788108825684 56.987648010253906
vt 0.256263792514801 0.9321293830871582
vn 0.8746065497398376 0.4820696711540222 -0.05169376730918884
v -9.04518985748291 4.333739757537842 22.326698303222656
vt 0.039390929043293 0.966482400894165
vn 0.9654390811920166 0.2589209973812103 0.029787397012114525
v -9.687837600708008 4.607495307922363 28.977251052856445
vt 0.07876604795455933 0.9577379822731018
vn 0.7971347570419312 0.602687656879425 0.0366550050675869
v -9.120685577392578 4.620703220367432 20.02254867553711
vt 0.02660324051976204 0.9728455543518066
vn 0.904187798500061 0.4258776903152466 0.03275080770254135
v -9.687837600708008 5.157470226287842 22.326698303222656
vt 0.041436150670051575 0.9725801944732666
vn 0.7991670370101929 0.5983672142028809 0.05734744295477867
v -9.687837600708008 5.4444580078125 20.02254867553711
vt 0.028628619387745857 0.9786509275436401
vn 0.8216118216514587 0.5656763911247253 0.07045654207468033
v -10.488969802856445 4.487354278564453 -12.702469825744629
vt 0.4272252023220062 0.832277774810791
vn -0.7102033495903015 0.5402671098709106 0.451356440782547
v -9.36191177368164 -4.970458984375 22.475339889526367
vt 0.01838614046573639 0.9116027355194092
vn 0.8502178192138672 -0.4813871681690216 0.21306385099887848
v -9.048287391662598 3.7412352561950684 33.030399322509766
vt 0.10075590014457703 0.9450824856758118
vn 0.9750192761421204 0.22194069623947144 0.008927210234105587
v -9.687837600708008 -5.858179092407227 32.988460540771484
vt 0.085463747382164 0.8907673954963684
vn 0.9867704510688782 -0.14729857444763184 0.06772811710834503
v -10.917200088500977 1.792383074760437 -12.17821979522705
vt 0.4233039915561676 0.849078893661499
vn -0.7610970139503479 0.6409021615982056 0.09987851232290268
v -10.830930709838867 3.004639148712158 -13.721760749816895
vt 0.43250250816345215 0.8423703908920288
vn -0.8240011930465698 0.3641869127750397 0.4340391755104065
v -10.66100025177002 4.013354301452637 -14.002280235290527
vt 0.43422359228134155 0.8365815877914429
vn -0.7735452651977539 -0.1345306634902954 0.6192970871925354
v -11.467720031738281 1.5168700218200684 -8.778692245483398
vt 0.4027926027774811 0.8537523746490479
vn -0.6756964921951294 0.5625211000442505 0.4764496684074402
v -11.60020923614502 1.107226014137268 -8.884815216064453
vt 0.4028502106666565 0.8560891151428223
vn -0.9289295077323914 -0.3668723702430725 -0.049947161227464676
v -8.458436012268066 -0.519238293170929 -7.860505104064941
vt 0.39592498540878296 0.8673049807548523
vn 0.962773859500885 -0.2513579726219177 0.09942729771137238
v -8.429132461547852 1.3344240188598633 -8.409187316894531
vt 0.40018099546432495 0.8528109192848206
vn 0.6918447017669678 -0.16890178620815277 -0.7020134925842285
v -9.687821388244629 3.44435977935791 -10.022049903869629
vt 0.40730470418930054 0.8350450992584229
vn 7.034068403299898e-07 0.8064423203468323 -0.5913126468658447
v -8.725247383117676 3.0984129905700684 -9.38868522644043
vt 0.40415751934051514 0.8417850732803345
vn 0.6120094060897827 0.7696577310562134 -0.18185566365718842
v -9.687821388244629 3.0499508380889893 -8.480957984924316
vt 0.3972010016441345 0.8373768925666809
vn 1.7957950149138924e-07 0.9180423617362976 0.39648234844207764
v -9.687821388244629 -4.183618068695068 -10.87993049621582
vt 0.42007991671562195 0.8931044936180115
vn -6.485461767624656e-07 -0.9470090866088867 -0.3212066888809204
v -8.116453170776367 0.24348139762878418 -8.18988037109375
vt 0.3980422019958496 0.8616505861282349
vn 0.7086931467056274 -0.5362711548805237 -0.45843982696533203
v -8.458439826965332 0.09819335490465164 -8.362649917602539
vt 0.3994916081428528 0.863725483417511
vn 0.8805786967277527 -0.2989894151687622 -0.36767715215682983
v -7.671258926391602 1.4278318881988525 -9.73784351348877
vt 0.4081847071647644 0.8540371656417847
vn 0.9412103295326233 -0.33427268266677856 0.04883420467376709
v -7.848653316497803 0.808422863483429 -8.480169296264648
vt 0.3999932110309601 0.8575918674468994
vn 0.8529757261276245 -0.4773499667644501 -0.21111495792865753
v -8.458441734313965 0.4524657726287842 -11.071159362792969
vt 0.4157240092754364 0.8609347939491272
vn 0.8498206734657288 -0.3546448051929474 0.38991278409957886
v -7.947371006011963 1.8744869232177734 -11.342220306396484
vt 0.417872816324234 0.8506463766098022
vn 0.754841685295105 0.5276784300804138 -0.389576256275177
v -7.671258926391602 1.486279010772705 -10.797430038452148
vt 0.4146539866924286 0.8535240888595581
vn 0.993940532207489 -0.0993105098605156 0.04711358994245529
v -7.947371006011963 1.5315430164337158 -12.152170181274414
vt 0.42334991693496704 0.8526384830474854
vn 0.7340911030769348 0.6460936665534973 -0.20898103713989258
v -9.255658149719238 -4.635936737060547 -6.469602108001709
vt 0.393350213766098 0.8974488973617554
vn 0.6009937524795532 -0.7123861312866211 -0.36237049102783203
v -7.823122024536133 -2.207642078399658 -12.296229362487793
vt 0.42534101009368896 0.8756830096244812
vn 0.7954156994819641 -0.4957934617996216 -0.3485722541809082
v -7.774444580078125 -0.59423828125 -13.502408981323242
vt 0.43228721618652344 0.8658691048622131
vn 0.8460919857025146 -0.28786447644233704 -0.44862276315689087
v -8.458441734313965 -1.199218988418579 -10.827690124511719
vt 0.41459470987319946 0.8703234195709229
vn 0.9340130686759949 0.20943579077720642 0.28940674662590027
v -10.618220329284668 11.800420761108398 4.109842300415039
vt 0.4273703098297119 0.9470660090446472
vn -0.38273119926452637 0.9202682971954346 0.08138173073530197
v -8.458441734313965 -0.18315431475639343 -11.32964038848877
vt 0.41731250286102295 0.8643026351928711
vn 0.9154788255691528 0.08382116258144379 0.39353829622268677
v -10.618220329284668 5.178515911102295 8.056047439575195
vt 0.4418126940727234 0.9936079978942871
vn -0.8944271802902222 -0.3805595636367798 -0.23489238321781158
v -10.441499710083008 7.910645008087158 4.952127933502197
vt 0.43787050247192383 0.9681324362754822
vn -0.8839582800865173 -0.2791112959384918 0.37511932849884033
v -10.618220329284668 6.672583103179932 6.877758979797363
vt 0.4378241002559662 0.9821494817733765
vn -0.7423402070999146 0.6698671579360962 0.014453154988586903
v -10.618220329284668 11.250829696655273 4.435696125030518
vt 0.4269865155220032 0.9507039785385132
vn -0.5996488332748413 0.45141279697418213 0.6607930660247803
v -10.618220329284668 5.798559665679932 7.051486492156982
vt 0.4424903094768524 0.9861438274383545
vn -0.8126513361930847 -0.5482965707778931 -0.19740456342697144
v -8.023896217346191 0.3328368663787842 -7.8554792404174805
vt 0.39622050523757935 0.8607578277587891
vn 0.9303741455078125 -0.25981834530830383 0.2586471438407898
v -8.802667617797852 4.173047065734863 -13.499309539794922
vt 0.4314992129802704 0.8350505828857422
vn 0.9619733691215515 -0.17879045009613037 0.20649684965610504
v -8.105247497558594 1.146582007408142 -7.5101752281188965
vt 0.39401599764823914 0.8558328151702881
vn 0.6918078660964966 0.07372157275676727 0.7183082699775696
v -8.462928771972656 2.3110108375549316 -8.950855255126953
vt 0.4025641977787018 0.8471693992614746
vn 0.9313768744468689 -0.013157927431166172 -0.363818496465683
v -8.069559097290039 2.417065143585205 -8.699705123901367
vt 0.39974841475486755 0.8472691774368286
vn 0.8747304677963257 0.1776585429906845 -0.4508700668811798
v -7.864401817321777 2.045483112335205 -9.586251258850098
vt 0.40737760066986084 0.850396990776062
vn 0.7017765641212463 0.6569533348083496 0.27553921937942505
v -8.113142013549805 2.451464891433716 -11.14663028717041
vt 0.41616061329841614 0.8472682237625122
vn 0.6458236575126648 0.6930367350578308 -0.3203307092189789
v -8.86053466796875 -3.6669921875 -9.113191604614258
vt 0.4072064161300659 0.8881697058677673
vn 0.6908918619155884 -0.7215880155563354 0.04448918625712395
v -8.458441734313965 0.829150378704071 -10.579978942871094
vt 0.4127606153488159 0.8592150807380676
vn 0.9044773578643799 -0.4158366024494171 0.09487201273441315
v -8.511588096618652 -3.773560047149658 -10.601140022277832
vt 0.4164307117462158 0.886408805847168
vn 0.588330090045929 -0.7946193814277649 -0.14982518553733826
v -8.833841323852539 2.946045160293579 -9.551481246948242
vt 0.4057658910751343 0.8418722152709961
vn 0.8406729698181152 0.46539008617401123 -0.27691346406936646
v -10.441499710083008 6.612987995147705 8.297146797180176
vt 0.4320560097694397 0.9884302020072937
vn -0.9532384276390076 0.10980775207281113 -0.28156495094299316
v -8.458443641662598 2.2389891147613525 -9.555354118347168
vt 0.40623950958251953 0.8468393087387085
vn 0.7037017941474915 0.6901990175247192 0.16860955953598022
v -7.965897560119629 -2.6772217750549316 -10.290130615234375
vt 0.41324251890182495 0.8796629905700684
vn 0.9685497879981995 -0.05439392477273941 0.2428009808063507
v -10.441499710083008 6.767725467681885 6.879813194274902
vt 0.4366021156311035 0.9814196228981018
vn -0.9136235117912292 0.40646645426750183 0.008770196698606014
v -10.441499710083008 7.711743354797363 5.9810662269592285
vt 0.4344606101512909 0.9733738303184509
vn -0.9133342504501343 -0.3940642476081848 -0.10263583064079285
v -10.618220329284668 5.64990234375 5.171167373657227
vt 0.4466336965560913 0.9760309457778931
vn -0.6172105669975281 -0.7532121539115906 -0.2274257391691208
v -8.429132461547852 1.3344240188598633 -8.409187316894531
vt 0.40018099546432495 0.8528109192848206
vn 0.22016021609306335 0.71498042345047 0.6635755300521851
v -8.703173637390137 2.8758790493011475 -8.20229721069336
vt 0.3964743912220001 0.8436439037322998
vn 0.2531150281429291 0.8293406367301941 0.49812331795692444
v -8.544713020324707 3.004639148712158 -13.721760749816895
vt 0.43250250816345215 0.8423703908920288
vn 0.8240008354187012 0.3641865849494934 0.4340401589870453
v -8.4959716796875 2.24997615814209 -13.064470291137695
vt 0.42849621176719666 0.8465734720230103
vn 0.8261993527412415 0.46428102254867554 0.3191201984882355
v -8.458443641662598 2.0324950218200684 -11.486200332641602
vt 0.41917499899864197 0.847684919834137
vn 0.6802468299865723 0.5807542204856873 -0.4472011923789978
v -8.458443641662598 1.792383074760437 -12.17821979522705
vt 0.4233039915561676 0.849078893661499
vn 0.7610957026481628 0.6409034729003906 0.09987954795360565
v -8.434135437011719 1.6407960653305054 -8.685174942016602
vt 0.4015507102012634 0.851183295249939
vn 0.7496122121810913 0.5073898434638977 0.4250141382217407
v -7.671258926391602 -1.5304930210113525 -11.564279556274414
vt 0.42085719108581543 0.8721274137496948
vn 0.9430765509605408 0.12510570883750916 0.3081477880477905
v -7.671258926391602 0.1244141012430191 -12.348230361938477
vt 0.4249555170536041 0.8616458177566528
vn 0.9870758056640625 0.06063682958483696 0.14833858609199524
v -8.851082801818848 3.5076169967651367 -11.040380477905273
vt 0.41582611203193665 0.8384953737258911
vn 0.5037041306495667 0.8051196932792664 0.3131522834300995
v -8.676470756530762 2.678784132003784 -11.256229400634766
vt 0.4172441065311432 0.8436573147773743
vn 0.8735803365707397 0.48095983266830444 -0.0743979811668396
v -10.618220329284668 10.32919979095459 3.29249906539917
vt 0.4352113902568817 0.9508363008499146
vn -0.7120484709739685 -0.14090955257415771 -0.6878455877304077
v -10.441499710083008 7.219286918640137 7.473921298980713
vt 0.4318450093269348 0.9824103713035583
vn -0.7942708134651184 -0.5538581013679504 -0.24974970519542694
v -10.441499710083008 6.683325290679932 5.5950212478637695
vt 0.4403819143772125 0.975168764591217
vn -0.8333203792572021 0.5284708142280579 0.16215936839580536
v -10.618220329284668 6.584716796875 5.539671897888184
vt 0.44156700372695923 0.9752076864242554
vn -0.9224820733070374 0.2889654338359833 0.25597983598709106
v -11.228109359741211 1.9215821027755737 -7.768412113189697
vt 0.3945696949958801 0.8508204221725464
vn -0.7333495020866394 0.2704883813858032 0.6237263679504395
v -11.172070503234863 4.200316905975342 -14.300459861755371
vt 0.4377666115760803 0.8359389901161194
vn -0.9065187573432922 0.18162019550800323 0.38110071420669556
v -11.279350280761719 4.644360065460205 -16.24542999267578
vt 0.4498785138130188 0.8348034620285034
vn -0.8373427987098694 -0.04972301051020622 -0.5444120764732361
v -10.917200088500977 0.5195311903953552 -8.705239295959473
vt 0.40167051553726196 0.8614057898521423
vn -0.8174756765365601 -0.4267280697822571 -0.38682883977890015
v -10.917200088500977 0.09819335490465164 -8.362649917602539
vt 0.3994916081428528 0.863725483417511
vn -0.8805775046348572 -0.2989903390407562 -0.3676791191101074
v -11.25918960571289 0.24348139762878418 -8.18988037109375
vt 0.3980422019958496 0.8616505861282349
vn -0.7086902260780334 -0.5362718105316162 -0.458443820476532
v -11.526989936828613 0.808422863483429 -8.480169296264648
vt 0.3999932110309601 0.8575918674468994
vn -0.8529738187789917 -0.47735223174095154 -0.2111169993877411
v -11.511240005493164 2.045483112335205 -9.586251258850098
vt 0.40737760066986084 0.850396990776062
vn -0.701777994632721 0.6569523811340332 0.27553796768188477
v -11.306079864501953 2.417065143585205 -8.699705123901367
vt 0.39974841475486755 0.8472691774368286
vn -0.8747303485870361 0.17765629291534424 -0.4508713185787201
v -11.154329299926758 2.445312023162842 -7.958853721618652
vt 0.39539241790771484 0.8475385904312134
vn -0.6152295470237732 0.5575737953186035 0.5573187470436096
v -11.42549991607666 1.8049800395965576 -8.387504577636719
vt 0.3980289101600647 0.8509258031845093
vn -0.892102062702179 -0.07566063851118088 -0.44545409083366394
v -10.917200088500977 0.829150378704071 -10.579978942871094
vt 0.4127606153488159 0.8592150807380676
vn -0.9044777154922485 -0.415835976600647 0.09487184882164001
v -11.409749984741211 -2.6772217750549316 -10.290130615234375
vt 0.41324251890182495 0.8796629905700684
vn -0.9685502052307129 -0.05439348518848419 0.24279993772506714
v -10.917200088500977 0.9077881574630737 -9.761869430541992
vt 0.4079777002334595 0.8592208027839661
vn -0.8814375996589661 -0.4663122296333313 -0.0749693214893341
v -10.229700088500977 8.143213272094727 -17.38317108154297
vt 0.46020931005477905 0.8142572045326233
vn -0.615959882736206 0.6130548119544983 0.49472928047180176
v -10.298349380493164 5.789111137390137 -14.797710418701172
vt 0.4410580098628998 0.8244212865829468
vn -0.4563833773136139 0.7152048945426941 0.529335618019104
v -10.941109657287598 5.458276271820068 -15.283980369567871
vt 0.4445599913597107 0.8286656141281128
vn -0.8307576775550842 0.4656088054180145 0.3050406575202942
v -11.54750919342041 1.823876976966858 -15.087970733642578
vt 0.4416901171207428 0.8511955738067627
vn -0.9027354121208191 -0.16570763289928436 -0.39700090885162354
v -10.488969802856445 4.201587200164795 -12.706399917602539
vt 0.42649921774864197 0.8339650630950928
vn -0.9429330229759216 0.2269110381603241 0.24369776248931885
v -11.552519798278809 -2.207642078399658 -12.296229362487793
vt 0.42534101009368896 0.8756830096244812
vn -0.795415461063385 -0.49579355120658875 -0.34857264161109924
v -10.51511001586914 -3.6669921875 -9.113191604614258
vt 0.4072064161300659 0.8881697058677673
vn -0.6908905506134033 -0.721589207649231 0.04448805749416351
v -10.864049911499023 -3.773560047149658 -10.601140022277832
vt 0.4164307117462158 0.886408805847168
vn -0.5883286595344543 -0.7946202158927917 -0.14982673525810242
v -11.23865032196045 2.935718059539795 -13.974849700927734
vt 0.4351777136325836 0.8437967896461487
vn -0.7593239545822144 0.31107673048973083 0.5715402364730835
v -11.351679801940918 2.06252384185791 -13.319100379943848
vt 0.4308052957057953 0.8492860198020935
vn -0.8353347182273865 0.46713143587112427 0.28983479738235474
v -11.601200103759766 -0.59423828125 -13.502408981323242
vt 0.43228721618652344 0.8658691048622131
vn -0.8460931181907654 -0.2878638505935669 -0.44862088561058044
v -9.687821388244629 -2.479614019393921 -12.767478942871094
vt 0.4342379868030548 0.8835504055023193
vn -1.221132066575592e-07 -0.6903011202812195 -0.7235221862792969
v -9.687821388244629 -4.071117877960205 -9.236822128295898
vt 0.4091404974460602 0.8937954902648926
vn 2.0768766262335703e-07 -0.9994598031044006 0.032864052802324295
v -7.93111515045166 1.083886981010437 -8.219959259033203
vt 0.3984560966491699 0.8557050824165344
vn 0.9676452875137329 0.1752106249332428 0.18155984580516815
v -8.462370872497559 1.6808841228485107 -8.565621376037598
vt 0.400899201631546 0.8510792851448059
vn 0.8280786871910095 -0.21505790948867798 -0.5177215933799744
v -8.458441734313965 0.5195311903953552 -8.705239295959473
vt 0.40167051553726196 0.8614057898521423
vn 0.8174766302108765 -0.4267269968986511 -0.38682836294174194
v -7.907925128936768 1.5168700218200684 -8.778692245483398
vt 0.4027926027774811 0.8537523746490479
vn 0.6756955981254578 0.5625208616256714 0.47645121812820435
v -8.147536277770996 1.9215821027755737 -7.768412113189697
vt 0.3945696949958801 0.8508204221725464
vn 0.7333490252494812 0.270486444234848 0.6237276196479797
v -7.950139999389648 1.8049800395965576 -8.387504577636719
vt 0.3980289101600647 0.8509258031845093
vn 0.8921039700508118 -0.07566232979297638 -0.445450097322464
v -8.221315383911133 2.445312023162842 -7.958853721618652
vt 0.39539241790771484 0.8475385904312134
vn 0.6152282953262329 0.5575733184814453 0.5573206543922424
v -7.775435924530029 1.107226014137268 -8.884815216064453
vt 0.4028502106666565 0.8560891151428223
vn 0.9289302229881287 -0.36687079071998596 -0.049945488572120667
v -8.458441734313965 0.7009766101837158 -9.054461479187012
vt 0.40375709533691406 0.8604552745819092
vn 0.8754917979240417 -0.43801143765449524 -0.20410794019699097
v -8.096293449401855 4.644360065460205 -16.24542999267578
vt 0.4498785138130188 0.8348034620285034
vn 0.8373423218727112 -0.04972345381975174 -0.5444127321243286
v -9.077289581298828 5.789111137390137 -14.797710418701172
vt 0.4410580098628998 0.8244212865829468
vn 0.45638328790664673 0.7152051329612732 0.5293353796005249
v -7.828137397766113 1.823876976966858 -15.087970733642578
vt 0.4416901171207428 0.8511955738067627
vn 0.9027343392372131 -0.16570834815502167 -0.39700308442115784
v -8.458441734313965 0.9077881574630737 -9.761869430541992
vt 0.4079777002334595 0.8592208027839661
vn 0.8814375996589661 -0.4663124680519104 -0.07496863603591919
v -8.023959159851074 2.06252384185791 -13.319100379943848
vt 0.4308052957057953 0.8492860198020935
vn 0.835334300994873 0.4671321213245392 0.2898347079753876
v -9.14594554901123 8.143213272094727 -17.38317108154297
vt 0.46020931005477905 0.8142572045326233
vn 0.6159605979919434 0.6130550503730774 0.49472829699516296
v -8.434532165527344 5.458276271820068 -15.283980369567871
vt 0.4445599913597107 0.8286656141281128
vn 0.8307585716247559 0.4656083583831787 0.3050391674041748
v -9.687821388244629 -5.872778415679932 -5.101637840270996
vt 0.3864828050136566 0.9069358706474304
vn 0.2776522934436798 -0.8809869289398193 -0.3831075131893158
v -8.905484199523926 -4.405811309814453 -6.25356912612915
vt 0.39136409759521484 0.895423412322998
vn 0.9305051565170288 -0.36341333389282227 0.04572557285428047
v -8.458441734313965 -2.0162601470947266 -8.66717529296875
vt 0.40159299969673157 0.87675541639328
vn 0.9959551692008972 0.08453217893838882 0.030457068234682083
v -8.458441734313965 -2.033154010772705 -10.014120101928711
vt 0.41004881262779236 0.8757109045982361
vn 0.9679049253463745 0.23001287877559662 0.10126258432865143
v -7.671258926391602 0.9776855111122131 -12.037149429321289
vt 0.42247381806373596 0.8564590215682983
vn 0.9976668357849121 0.05398735776543617 -0.04178757965564728
v -8.204156875610352 -2.7262699604034424 -8.82875919342041
vt 0.4039868116378784 0.8812506794929504
vn 0.9931296706199646 0.0023049789015203714 0.11699560284614563
v -9.687821388244629 5.169361114501953 -13.52931022644043
vt 0.4312629997730255 0.8247665166854858
vn -4.706630534201395e-07 0.8563485145568848 0.5163982510566711
v -9.687821388244629 -4.849267959594727 -6.670010089874268
vt 0.395539790391922 0.8997535705566406
vn -1.1894439921888988e-06 -0.8965302109718323 -0.44298261404037476
v -8.886672973632812 4.487354278564453 -12.702469825744629
vt 0.4272252023220062 0.832277774810791
vn 0.7102053761482239 0.5402620434761047 0.4513593912124634
v -8.973209381103516 4.997655868530273 -13.657989501953125
vt 0.43340620398521423 0.8289034962654114
vn 0.6152594089508057 0.6907140016555786 0.3799608051776886
v -8.203570365905762 4.200316905975342 -14.300459861755371
vt 0.4377666115760803 0.8359389901161194
vn 0.906518816947937 0.1816188097000122 0.3811013698577881
v -8.566186904907227 4.438500881195068 -13.538009643554688
vt 0.4327591061592102 0.8331767320632935
vn 0.901191771030426 -0.17971526086330414 0.3944055438041687
v -8.714645385742188 4.013354301452637 -14.002280235290527
vt 0.43422359228134155 0.8365815877914429
vn 0.7735487818717957 -0.1345285028219223 0.6192935109138489
v -8.886675834655762 4.201587200164795 -12.706399917602539
vt 0.42649921774864197 0.8339650630950928
vn 0.9429331421852112 0.2269086390733719 0.24369938671588898
v -8.13698959350586 2.935718059539795 -13.974849700927734
vt 0.4351777136325836 0.8437967896461487
vn 0.7593235969543457 0.31107741594314575 0.5715402364730835
v -9.687821388244629 3.943726062774658 -11.775120735168457
vt 0.4188905954360962 0.8316552042961121
vn 3.9305291466007475e-07 0.7894889116287231 0.6137648224830627
v -9.687821388244629 4.166918754577637 -11.763190269470215
vt 0.4194929897785187 0.8304057121276855
vn 7.802422032909817e-07 0.4126946032047272 0.9108694791793823
v -9.687821388244629 -0.830810546875 -14.043069839477539
vt 0.4427958130836487 0.8725066184997559
vn 2.1751432655037206e-07 -0.5603081583976746 -0.8282842636108398
v -9.687821388244629 9.00927734375 -18.035358428955078
vt 0.46515241265296936 0.8082419633865356
vn 1.316319867328275e-06 -0.2785041630268097 -0.9604350924491882
v -8.458441734313965 1.121948003768921 -7.400317192077637
vt 0.3918495178222656 0.8560783863067627
vn 0.8130640387535095 -0.00361940311267972 0.5821630954742432
v -8.458441734313965 1.9071780443191528 -7.636790752410889
vt 0.3927431106567383 0.8505555987358093
vn 0.7248388528823853 0.2263050228357315 0.6506878137588501
v -9.687821388244629 9.00927734375 -18.035358428955078
vt 0.46515241265296936 0.8082419633865356
vn 8.906063158065081e-07 0.7399154305458069 0.6726999878883362
v -9.687821388244629 -5.872778415679932 -5.101637840270996
vt 0.3864828050136566 0.9069358706474304
vn -0.3550291955471039 0.1751360297203064 0.9183036088943481
v -9.687821388244629 -2.467113971710205 -6.526307106018066
vt 0.384779691696167 0.8849530816078186
vn 5.119584329804638e-07 0.4848474860191345 0.874598503112793
v -9.687821388244629 -3.9189453125 -5.697765350341797
vt 0.3841747045516968 0.8944246768951416
vn 7.95959465449414e-07 0.39597445726394653 0.9182615280151367
v -8.458441734313965 2.356567144393921 -7.811813831329346
vt 0.3937571942806244 0.847374677658081
vn 0.6754872798919678 0.5461751818656921 0.4953882098197937
v -10.441499710083008 8.686841011047363 4.641077995300293
vt 0.43549150228500366 0.9631280303001404
vn -0.9041146039962769 0.32216355204582214 0.280690997838974
v -8.458441734313965 -1.893530011177063 8.678203582763672
vt 0.2925069034099579 0.8761965036392212
vn 0.937685489654541 -0.3471308648586273 -0.01568308286368847
v -10.441499710083008 9.254980087280273 5.299783229827881
vt 0.4300450086593628 0.9634791016578674
vn -0.8583815693855286 -0.36407309770584106 -0.361429899930954
v -8.82595157623291 -2.3296871185302734 8.680946350097656
vt 0.29250699281692505 0.8797596096992493
vn 0.3765982687473297 -0.9253619313240051 -0.043348390609025955
v -10.618220329284668 11.250829696655273 4.435696125030518
vt 0.41557109355926514 0.9494603872299194
vn -0.5996488332748413 0.45141279697418213 0.6607930660247803
v -10.621559143066406 11.686429977416992 3.7815282344818115
vt 0.4170288145542145 0.9431684017181396
vn -0.7344363927841187 0.43825340270996094 -0.5182055830955505
v -10.441499710083008 8.60959529876709 6.0093092918396
vt 0.4298314154148102 0.9690612554550171
vn -0.9260363578796387 0.14608962833881378 -0.3480151295661926
v -10.618220329284668 7.911133289337158 4.041482925415039
vt 0.4419897198677063 0.9635809063911438
vn -0.8008490800857544 -0.23819535970687866 -0.5494576692581177
v -10.618220329284668 8.596362113952637 4.562227249145508
vt 0.436883807182312 0.9631928205490112
vn -0.9041158556938171 0.32216310501098633 0.28068751096725464
v -10.618220329284668 9.3223876953125 5.366635322570801
vt 0.42876189947128296 0.9634544849395752
vn -0.8115717768669128 -0.41463199257850647 -0.411620557308197
v -9.687821388244629 3.6334962844848633 -11.01138973236084
vt 0.41411250829696655 0.8335075974464417
vn 5.275829551010247e-08 0.9285976886749268 0.3710879683494568
v -9.687821388244629 3.275952100753784 -10.101770401000977
vt 0.40833741426467896 0.8355423808097839
vn -1.0204084333054197e-07 0.9999799132347107 -0.006332131568342447
v -9.687821388244629 1.5812740325927734 -15.526679992675781
vt 0.4523008167743683 0.8566358089447021
vn 2.5403306835869444e-07 -0.42332571744918823 -0.9059775471687317
v -8.725247383117676 3.0984129905700684 -9.38868522644043
vt 0.40415751934051514 0.8417850732803345
vn 0.5679057240486145 -0.24733039736747742 -0.7850545048713684
v -9.063857078552246 -4.026758193969727 -5.822154998779297
vt 0.38808169960975647 0.8941680788993835
vn 0.575199544429779 0.26241517066955566 0.7747798562049866
v -9.687821388244629 -4.245264053344727 -8.11094856262207
vt 0.4027678966522217 0.8948438167572021
vn 9.66907123256533e-07 -0.9775620102882385 -0.21064750850200653
v -10.618220329284668 7.645287990570068 7.935944557189941
vt 0.4272231161594391 0.9829205274581909
vn -0.7073217034339905 0.5733107924461365 0.41353434324264526
v -10.618220329284668 7.3045654296875 7.517970085144043
vt 0.43050411343574524 0.9821488857269287
vn -0.9006336331367493 -0.37500447034835815 -0.21961496770381927
v -10.618220329284668 8.803149223327637 6.487029075622559
vt 0.42670801281929016 0.9708975553512573
vn -0.8006944060325623 0.4490850567817688 0.39649802446365356
v -10.630120277404785 10.654879570007324 3.303961992263794
vt 0.43401899933815 0.9494988322257996
vn -0.5655067563056946 0.1288168877363205 -0.8146215081214905
v -10.618220329284668 6.480591297149658 8.636823654174805
vt 0.4314455986022949 0.990983247756958
vn -0.997042715549469 0.027932805940508842 -0.07159321755170822
v -10.618220329284668 10.625049591064453 4.164189338684082
vt 0.4302583932876587 0.952789843082428
vn -0.9971364140510559 -0.06674648076295853 0.03554990515112877
v -8.757406234741211 5.178515911102295 8.056047439575195
vt 0.4418126940727234 0.9936079978942871
vn 0.7071067094802856 -0.6017174124717712 -0.3713974356651306
v -10.441499710083008 10.314650535583496 4.321702003479004
vt 0.43074050545692444 0.9552025198936462
vn -0.9490493535995483 -0.2810070514678955 0.14261949062347412
v -10.618220329284668 8.041064262390137 4.7767720222473145
vt 0.4382184147834778 0.9663851261138916
vn -0.9882619380950928 -0.09119852632284164 0.12256062030792236
v -9.14594554901123 8.143213272094727 -17.38317108154297
vt 0.46020931005477905 0.8142572045326233
vn 0.44443774223327637 -0.22287505865097046 -0.8676415681838989
v -9.687821388244629 4.412915229797363 -16.7025203704834
vt 0.45968329906463623 0.8381856083869934
vn 4.940078497384093e-07 -0.2966146767139435 -0.954997181892395
v -9.687821388244629 -2.073975086212158 0.45271530747413635
vt 0.3434627950191498 0.8823841214179993
vn -2.4556046085422167e-08 -0.9999983906745911 0.0018135560676455498
v -8.458441734313965 -2.127808094024658 -7.306358814239502
vt 0.3927367925643921 0.8785406947135925
vn 0.975307047367096 -0.18975968658924103 0.11299320310354233
v -8.458441734313965 1.883862018585205 0.5202018618583679
vt 0.342932790517807 0.8523375988006592
vn 0.9862855076789856 0.16499736905097961 -0.004074739757925272
v -8.458441734313965 2.166918992996216 -4.468341827392578
vt 0.3736810088157654 0.8505284786224365
vn 0.960027277469635 0.2795584499835968 0.013952762819826603
v -8.777324676513672 2.358276128768921 0.5062575936317444
vt 0.3429949879646301 0.8487793803215027
vn 0.6587049961090088 0.7520736455917358 -0.022199900820851326
v -8.814152717590332 2.720996141433716 -8.07512092590332
vt 0.39507749676704407 0.8437497019767761
vn 0.24038948118686676 0.8644760847091675 0.4414680302143097
v -8.777695655822754 3.2245121002197266 8.641556739807129
vt 0.29250699281692505 0.843709409236908
vn 0.5048132538795471 0.8577513098716736 -0.09708846360445023
v -8.828859329223633 -2.181812047958374 -4.468341827392578
vt 0.37399691343307495 0.8785598874092102
vn 0.32791486382484436 -0.9435545206069946 0.04665583744645119
v -8.458441734313965 2.7490971088409424 8.6441011428833
vt 0.2925069034099579 0.8472862839698792
vn 0.9217559695243835 0.3855915665626526 -0.04104924947023392
v -10.618220329284668 9.69687557220459 5.6557297706604
vt 0.426053911447525 0.9629462361335754
vn -0.7073814868927002 0.4667947590351105 0.5307674407958984
v -10.618220329284668 7.803637981414795 6.005005836486816
vt 0.43335220217704773 0.9728057384490967
vn -0.7417272925376892 -0.6490487456321716 -0.16904540359973907
v -10.119979858398438 -4.635936737060547 -6.469602108001709
vt 0.393350213766098 0.8974488973617554
vn -0.6009920835494995 -0.7123873829841614 -0.36237087845802307
v -10.470160484313965 -4.405811309814453 -6.25356912612915
vt 0.39136409759521484 0.895423412322998
vn -0.9305040836334229 -0.36341631412506104 0.04572352394461632
v -11.42827033996582 1.5315430164337158 -12.152170181274414
vt 0.42334991693496704 0.8526384830474854
vn -0.7340924143791199 0.6460923552513123 -0.20898106694221497
v -11.70438003540039 1.4278318881988525 -9.73784351348877
vt 0.4081847071647644 0.8540371656417847
vn -0.9412106871604919 -0.3342723846435547 0.048831161111593246
v -10.917200088500977 0.4524657726287842 -11.071159362792969
vt 0.4157240092754364 0.8609347939491272
vn -0.8498212099075317 -0.35464417934417725 0.38991203904151917
v -11.70438003540039 1.486279010772705 -10.797430038452148
vt 0.4146539866924286 0.8535240888595581
vn -0.9939404129981995 -0.09931162744760513 0.047113608568906784
v -11.262500762939453 2.451464891433716 -11.14663028717041
vt 0.41616061329841614 0.8472682237625122
vn -0.6458243727684021 0.6930361986160278 -0.3203306198120117
v -11.42827033996582 1.8744869232177734 -11.342220306396484
vt 0.417872816324234 0.8506463766098022
vn -0.7548431158065796 0.5276768803596497 -0.3895755112171173
v -11.70438003540039 0.9776855111122131 -12.037149429321289
vt 0.42247381806373596 0.8564590215682983
vn -0.9976668953895569 0.053986381739377975 -0.04178692400455475
v -10.917200088500977 -2.033154010772705 -10.014120101928711
vt 0.41004881262779236 0.8757109045982361
vn -0.9679043292999268 0.23001551628112793 0.10126311331987381
v -11.171489715576172 -2.7262699604034424 -8.82875919342041
vt 0.4039868116378784 0.8812506794929504
vn -0.9931296706199646 0.002308421768248081 0.11699607223272324
v -10.917200088500977 -1.199218988418579 -10.827690124511719
vt 0.41459470987319946 0.8703234195709229
vn -0.9340128898620605 0.2094365954399109 0.2894067168235779
v -10.917200088500977 -0.18315431475639343 -11.32964038848877
vt 0.41731250286102295 0.8643026351928711
vn -0.9154791831970215 0.08382102847099304 0.3935375511646271
v -11.70438003540039 -1.5304930210113525 -11.564279556274414
vt 0.42085719108581543 0.8721274137496948
vn -0.9430765509605408 0.1251070201396942 0.3081475794315338
v -11.70438003540039 0.1244141012430191 -12.348230361938477
vt 0.4249555170536041 0.8616458177566528
vn -0.9870758056640625 0.06063723564147949 0.1483389139175415
v -10.917200088500977 -2.0162601470947266 -8.66717529296875
vt 0.40159299969673157 0.87675541639328
vn -0.9959549307823181 0.0845344215631485 0.03045731782913208
v -10.699169158935547 2.678784132003784 -11.256229400634766
vt 0.4172441065311432 0.8436573147773743
vn -0.873580276966095 0.48096010088920593 -0.07439689338207245
v -8.886672973632812 4.487354278564453 -12.702469825744629
vt 0.4272252023220062 0.832277774810791
vn 0.7308860421180725 -0.6050825119018555 0.31572240591049194
v -10.541800498962402 2.946045160293579 -9.551481246948242
vt 0.4057658910751343 0.8418722152709961
vn -0.8406738042831421 0.46538659930229187 -0.27691665291786194
v -10.52455997467041 3.5076169967651367 -11.040380477905273
vt 0.41582611203193665 0.8384953737258911
vn -0.5037045478820801 0.8051193952560425 0.3131527304649353
v -10.917200088500977 2.2389891147613525 -9.555354118347168
vt 0.40623950958251953 0.8468393087387085
vn -0.703700065612793 0.6902004480361938 0.16861078143119812
v -9.687821388244629 5.979662895202637 -14.70302963256836
vt 0.439465194940567 0.8206486701965332
vn -3.059465996102517e-07 0.7704240679740906 0.6375317573547363
v -8.201421737670898 0.3719237744808197 -7.605895042419434
vt 0.39446821808815 0.8607800006866455
vn 0.5228206515312195 -0.24836288392543793 0.815459668636322
v -9.687821388244629 -2.477123975753784 8.680946350097656
vt 0.29250699281692505 0.8852428793907166
vn -1.8140526947263425e-07 -0.9988018870353699 -0.0489371232688427
v -8.458439826965332 -0.6589599847793579 -4.468341827392578
vt 0.37432190775871277 0.868128776550293
vn 0.9999999403953552 0.0 -0.0
v -9.010656356811523 -3.8733890056610107 -7.860307216644287
vt 0.39992019534111023 0.8905134201049805
vn 0.6605250239372253 -0.7204058170318604 -0.21147587895393372
v -8.458441734313965 -1.5294430255889893 0.4457259774208069
vt 0.34352099895477295 0.8735116124153137
vn 0.9599770307540894 -0.28004106879234314 0.004598261322826147
v -8.798674583435059 2.5685300827026367 -4.468341827392578
vt 0.3734894096851349 0.8472672700881958
vn 0.5020248889923096 0.8641366362571716 0.03519923612475395
v -9.687821388244629 -2.351147174835205 -4.468341827392578
vt 0.373451292514801 0.8839603662490845
vn -4.0625391761750507e-07 -0.9984168410301208 0.05624780058860779
v -8.826534271240234 -2.287769079208374 -6.81020975112915
vt 0.38922029733657837 0.880915105342865
vn 0.43437841534614563 -0.8993161916732788 0.05045659467577934
v -9.687821388244629 2.875854015350342 -8.30953311920166
vt 0.39566540718078613 0.8379486203193665
vn -3.75087445547706e-08 0.8456073999404907 0.5338053703308105
v -9.687821388244629 3.5926759243011475 8.641556739807129
vt 0.2925069034099579 0.8375509977340698
vn 5.780504466201819e-07 0.9923587441444397 -0.12338618189096451
v -8.458441734313965 1.1601810455322266 -4.468341827392578
vt 0.37393349409103394 0.8567752838134766
vn 0.9999999403953552 0.0 -0.0
v -10.618220329284668 7.911133289337158 4.041482925415039
vt 0.4526646137237549 0.959086000919342
vn -0.8008490800857544 -0.23819535970687866 -0.5494576692581177
v -10.618220329284668 10.32919979095459 3.29249906539917
vt 0.4447267949581146 0.9445998668670654
vn -0.7120484709739685 -0.14090955257415771 -0.6878455877304077
v -10.618220329284668 5.178515911102295 8.056047439575195
vt 0.4554525911808014 0.9936079382896423
vn -0.8944271802902222 -0.3805595636367798 -0.23489238321781158
v -10.630120277404785 10.654879570007324 3.303961992263794
vt 0.44336560368537903 0.9428306221961975
vn -0.5655067563056946 0.1288168877363205 -0.8146215081214905
v -10.618220329284668 11.800420761108398 4.109842300415039
vt 0.4164696931838989 0.9452680349349976
vn -0.38273119926452637 0.9202682971954346 0.08138173073530197
v -8.757406234741211 11.800420761108398 4.109842300415039
vt 0.4273703098297119 0.9470660090446472
vn 0.38228973746299744 0.7530285120010376 0.535539448261261
v -10.618220329284668 8.803149223327637 6.487029075622559
vt 0.41512739658355713 0.9707802534103394
vn -0.8006944060325623 0.4490850567817688 0.39649802446365356
v -10.618220329284668 9.69687557220459 5.6557297706604
vt 0.4148555099964142 0.9626740217208862
vn -0.7073814868927002 0.4667947590351105 0.5307674407958984
v -10.621559143066406 11.686429977416992 3.7815282344818115
vt 0.4287438988685608 0.9454027414321899
vn -0.7344363927841187 0.43825340270996094 -0.5182055830955505
v -10.618220329284668 8.49990177154541 6.270816802978516
vt 0.429080605506897 0.9711190462112427
vn -0.9951257705688477 0.03816654905676842 -0.0909288078546524
v -10.618220329284668 6.669189453125 9.361994743347168
vt 0.42710191011428833 0.9936079978942871
vn -0.8944271802902222 0.3690428137779236 0.25260135531425476
v -10.621559143066406 11.686429977416992 3.7815282344818115
vt 0.43826740980148315 0.9373463988304138
vn -0.7344363927841187 0.43825340270996094 -0.5182055830955505
v -8.458439826965332 0.32426759600639343 -7.521286964416504
vt 0.39309149980545044 0.8615484833717346
vn 0.8920136094093323 -0.11883553862571716 0.436107337474823
v -8.411356925964355 -3.0052490234375 -7.705638885498047
vt 0.3971075117588043 0.8838468194007874
vn 0.9614260792732239 -0.23143237829208374 0.1486566960811615
v -8.826534271240234 -2.287769079208374 -6.81020975112915
vt 0.38922029733657837 0.880915105342865
vn 0.8047037124633789 0.10446447879076004 0.5844133496284485
v -9.687821388244629 -2.467113971710205 -6.526307106018066
vt 0.384779691696167 0.8849530816078186
vn -1.3704492118904454e-07 -0.9987059831619263 0.05085531622171402
v -8.833745956420898 -1.9591798782348633 0.45271530747413635
vt 0.34346431493759155 0.877051830291748
vn 0.5506301522254944 -0.8347336053848267 0.005111494101583958
v -9.687821388244629 2.5816891193389893 0.51048743724823
vt 0.3430942893028259 0.8429663181304932
vn 3.5313249213686504e-07 0.9992897510528564 -0.037682563066482544
v -9.687821388244629 2.7477540969848633 -4.468341827392578
vt 0.3730233907699585 0.8416596055030823
vn 1.517045404852979e-07 0.9993515610694885 0.036007557064294815
v -8.458441734313965 -1.9087399244308472 -4.468341827392578
vt 0.3742031157016754 0.875791072845459
vn 0.8138846755027771 -0.579940915107727 0.03550104424357414
v -10.618220329284668 5.64990234375 5.171167373657227
vt 0.4570375084877014 0.9754656553268433
vn -0.6172105669975281 -0.7532121539115906 -0.2274257391691208
f 357/357/357 96/96/96/ 166/166/166
f 96/96/96 222/222/222/ 95/95/95
f 427/427/427 433/433/433/ 426/426/426
f 430/430/430 479/479/479/ 432/432/432
f 505/505/505 525/525/525/ 526/526/526
f 852/852/852 903/903/903/ 951/951/951
f 1519/1519/1519 1706/1706/1706/ 1453/1453/1453
f 1519/1519/1519 1521/1521/1521/ 1522/1522/1522
f 1747/1747/1747 1740/1740/1740/ 1751/1751/1751
f 1867/1867/1867 1866/1866/1866/ 1851/1851/1851
f 1796/1796/1796 1793/1793/1793/ 1794/1794/1794
f 2142/2142/2142 2143/2143/2143/ 2141/2141/2141
f 410/410/410 25/25/25/ 52/52/52
f 52/52/52 25/25/25/ 21/21/21
f 25/25/25 22/22/22/ 21/21/21
f 17/17/17 22/22/22/ 25/25/25
f 17/17/17 25/25/25/ 24/24/24
f 24/24/24 25/25/25/ 37/37/37
f 37/37/37 25/25/25/ 204/204/204
f 204/204/204 25/25/25/ 291/291/291
f 52/52/52 21/21/21/ 35/35/35
f 35/35/35 21/21/21/ 23/23/23
f 21/21/21 26/26/26/ 23/23/23
f 22/22/22 26/26/26/ 21/21/21
f 26/26/26 22/22/22/ 65/65/65
f 65/65/65 22/22/22/ 61/61/61
f 22/22/22 17/17/17/ 61/61/61
f 52/52/52 35/35/35/ 54/54/54
f 35/35/35 34/34/34/ 54/54/54
f 23/23/23 34/34/34/ 35/35/35
f 34/34/34 23/23/23/ 29/29/29
f 29/29/29 23/23/23/ 26/26/26
f 65/65/65 29/29/29/ 26/26/26
f 66/66/66 29/29/29/ 65/65/65
f 66/66/66 65/65/65/ 61/61/61
f 61/61/61 188/188/188/ 66/66/66
f 61/61/61 202/202/202/ 188/188/188
f 61/61/61 17/17/17/ 202/202/202
f 54/54/54 205/205/205/ 52/52/52
f 63/63/63 205/205/205/ 54/54/54
f 63/63/63 54/54/54/ 56/56/56
f 56/56/56 54/54/54/ 57/57/57
f 54/54/54 27/27/27/ 57/57/57
f 34/34/34 27/27/27/ 54/54/54
f 34/34/34 29/29/29/ 27/27/27
f 66/66/66 27/27/27/ 29/29/29
f 205/205/205 291/291/291/ 52/52/52
f 205/205/205 204/204/204/ 291/291/291
f 179/179/179 204/204/204/ 205/205/205
f 178/178/178 179/179/179/ 205/205/205
f 178/178/178 205/205/205/ 53/53/53
f 53/53/53 205/205/205/ 63/63/63
f 53/53/53 63/63/63/ 74/74/74
f 74/74/74 63/63/63/ 73/73/73
f 63/63/63 56/56/56/ 73/73/73
f 67/67/67 179/179/179/ 178/178/178
f 127/127/127 67/67/67/ 178/178/178
f 127/127/127 178/178/178/ 181/181/181
f 181/181/181 178/178/178/ 53/53/53
f 181/181/181 53/53/53/ 144/144/144
f 144/144/144 53/53/53/ 74/74/74
f 86/86/86 67/67/67/ 127/127/127
f 86/86/86 127/127/127/ 94/94/94
f 94/94/94 127/127/127/ 88/88/88
f 127/127/127 181/181/181/ 88/88/88
f 88/88/88 181/181/181/ 180/180/180
f 181/181/181 144/144/144/ 180/180/180
f 180/180/180 144/144/144/ 118/118/118
f 180/180/180 118/118/118/ 124/124/124
f 124/124/124 118/118/118/ 191/191/191
f 124/124/124 191/191/191/ 122/122/122
f 122/122/122 191/191/191/ 193/193/193
f 94/94/94 88/88/88/ 87/87/87
f 87/87/87 88/88/88/ 114/114/114
f 88/88/88 180/180/180/ 114/114/114
f 114/114/114 180/180/180/ 124/124/124
f 123/123/123 114/114/114/ 124/124/124
f 123/123/123 124/124/124/ 122/122/122
f 123/123/123 122/122/122/ 143/143/143
f 143/143/143 122/122/122/ 203/203/203
f 122/122/122 193/193/193/ 203/203/203
f 203/203/203 193/193/193/ 169/169/169
f 203/203/203 169/169/169/ 167/167/167
f 167/167/167 169/169/169/ 145/145/145
f 87/87/87 114/114/114/ 93/93/93
f 93/93/93 114/114/114/ 110/110/110
f 110/110/110 114/114/114/ 146/146/146
f 146/146/146 114/114/114/ 123/123/123
f 297/297/297 146/146/146/ 123/123/123
f 289/289/289 297/297/297/ 123/123/123
f 289/289/289 123/123/123/ 278/278/278
f 278/278/278 123/123/123/ 143/143/143
f 90/90/90 278/278/278/ 143/143/143
f 90/90/90 143/143/143/ 203/203/203
f 90/90/90 203/203/203/ 167/167/167
f 261/261/261 93/93/93/ 110/110/110
f 301/301/301 93/93/93/ 261/261/261
f 261/261/261 299/299/299/ 301/301/301
f 276/276/276 299/299/299/ 261/261/261
f 261/261/261 277/277/277/ 276/276/276
f 279/279/279 277/277/277/ 261/261/261
f 279/279/279 261/261/261/ 146/146/146
f 146/146/146 261/261/261/ 258/258/258
f 301/301/301 269/269/269/ 93/93/93
f 299/299/299 269/269/269/ 301/301/301
f 299/299/299 85/85/85/ 269/269/269
f 299/299/299 276/276/276/ 85/85/85
f 85/85/85 276/276/276/ 141/141/141
f 276/276/276 104/104/104/ 141/141/141
f 277/277/277 104/104/104/ 276/276/276
f 277/277/277 92/92/92/ 104/104/104
f 293/293/293 92/92/92/ 277/277/277
f 279/279/279 293/293/293/ 277/277/277
f 250/250/250 293/293/293/ 279/279/279
f 250/250/250 279/279/279/ 297/297/297
f 297/297/297 279/279/279/ 146/146/146
f 85/85/85 141/141/141/ 206/206/206
f 206/206/206 141/141/141/ 129/129/129
f 141/141/141 104/104/104/ 129/129/129
f 104/104/104 90/90/90/ 129/129/129
f 92/92/92 90/90/90/ 104/104/104
f 92/92/92 298/298/298/ 90/90/90
f 293/293/293 298/298/298/ 92/92/92
f 293/293/293 250/250/250/ 298/298/298
f 298/298/298 250/250/250/ 289/289/289
f 250/250/250 297/297/297/ 289/289/289
f 206/206/206 129/129/129/ 112/112/112
f 112/112/112 129/129/129/ 115/115/115
f 115/115/115 129/129/129/ 105/105/105
f 129/129/129 167/167/167/ 105/105/105
f 129/129/129 90/90/90/ 167/167/167
f 115/115/115 111/111/111/ 112/112/112
f 115/115/115 105/105/105/ 111/111/111
f 105/105/105 142/142/142/ 111/111/111
f 142/142/142 109/109/109/ 111/111/111
f 243/243/243 109/109/109/ 142/142/142
f 142/142/142 121/121/121/ 243/243/243
f 142/142/142 171/171/171/ 121/121/121
f 142/142/142 103/103/103/ 171/171/171
f 112/112/112 111/111/111/ 109/109/109
f 171/171/171 103/103/103/ 135/135/135
f 103/103/103 300/300/300/ 135/135/135
f 294/294/294 300/300/300/ 103/103/103
f 294/294/294 103/103/103/ 270/270/270
f 270/270/270 103/103/103/ 105/105/105
f 103/103/103 288/288/288/ 105/105/105
f 300/300/300 271/271/271/ 135/135/135
f 300/300/300 302/302/302/ 271/271/271
f 294/294/294 302/302/302/ 300/300/300
f 244/244/244 302/302/302/ 294/294/294
f 294/294/294 270/270/270/ 244/244/244
f 244/244/244 270/270/270/ 242/242/242
f 270/270/270 105/105/105/ 242/242/242
f 242/242/242 105/105/105/ 286/286/286
f 105/105/105 167/167/167/ 286/286/286
f 167/167/167 145/145/145/ 286/286/286
f 135/135/135 271/271/271/ 116/116/116
f 271/271/271 172/172/172/ 116/116/116
f 271/271/271 302/302/302/ 172/172/172
f 302/302/302 200/200/200/ 172/172/172
f 244/244/244 200/200/200/ 302/302/302
f 135/135/135 116/116/116/ 287/287/287
f 172/172/172 200/200/200/ 176/176/176
f 172/172/172 176/176/176/ 128/128/128
f 128/128/128 176/176/176/ 183/183/183
f 176/176/176 286/286/286/ 183/183/183
f 242/242/242 286/286/286/ 176/176/176
f 296/296/296 242/242/242/ 176/176/176
f 244/244/244 242/242/242/ 296/296/296
f 116/116/116 172/172/172/ 128/128/128
f 91/91/91 116/116/116/ 128/128/128
f 128/128/128 170/170/170/ 91/91/91
f 128/128/128 182/182/182/ 170/170/170
f 183/183/183 182/182/182/ 128/128/128
f 183/183/183 196/196/196/ 182/182/182
f 286/286/286 196/196/196/ 183/183/183
f 286/286/286 145/145/145/ 196/196/196
f 137/137/137 116/116/116/ 91/91/91
f 137/137/137 91/91/91/ 131/131/131
f 131/131/131 91/91/91/ 89/89/89
f 91/91/91 136/136/136/ 89/89/89
f 91/91/91 170/170/170/ 136/136/136
f 130/130/130 116/116/116/ 137/137/137
f 120/120/120 130/130/130/ 137/137/137
f 120/120/120 137/137/137/ 113/113/113
f 113/113/113 137/137/137/ 131/131/131
f 280/280/280 113/113/113/ 131/131/131
f 280/280/280 131/131/131/ 60/60/60
f 60/60/60 131/131/131/ 89/89/89
f 130/130/130 281/281/281/ 116/116/116
f 132/132/132 281/281/281/ 130/130/130
f 132/132/132 130/130/130/ 120/120/120
f 171/171/171 116/116/116/ 281/281/281
f 175/175/175 171/171/171/ 281/281/281
f 175/175/175 281/281/281/ 132/132/132
f 249/249/249 171/171/171/ 175/175/175
f 171/171/171 249/249/249/ 121/121/121
f 121/121/121 249/249/249/ 248/248/248
f 248/248/248 249/249/249/ 292/292/292
f 121/121/121 248/248/248/ 243/243/243
f 243/243/243 248/248/248/ 109/109/109
f 190/190/190 113/113/113/ 280/280/280
f 201/201/201 190/190/190/ 280/280/280
f 80/80/80 201/201/201/ 280/280/280
f 60/60/60 80/80/80/ 280/280/280
f 58/58/58 80/80/80/ 60/60/60
f 58/58/58 60/60/60/ 48/48/48
f 48/48/48 60/60/60/ 55/55/55
f 60/60/60 89/89/89/ 55/55/55
f 192/192/192 190/190/190/ 201/201/201
f 31/31/31 192/192/192/ 201/201/201
f 31/31/31 201/201/201/ 80/80/80
f 80/80/80 185/185/185/ 31/31/31
f 16/16/16 192/192/192/ 31/31/31
f 31/31/31 185/185/185/ 16/16/16
f 16/16/16 185/185/185/ 3/3/3
f 3/3/3 185/185/185/ 186/186/186
f 185/185/185 184/184/184/ 186/186/186
f 185/185/185 59/59/59/ 184/184/184
f 78/78/78 59/59/59/ 185/185/185
f 30/30/30 3/3/3/ 186/186/186
f 186/186/186 8/8/8/ 30/30/30
f 186/186/186 184/184/184/ 8/8/8
f 8/8/8 184/184/184/ 187/187/187
f 187/187/187 184/184/184/ 199/199/199
f 199/199/199 184/184/184/ 62/62/62
f 28/28/28 3/3/3/ 30/30/30
f 30/30/30 8/8/8/ 187/187/187
f 199/199/199 198/198/198/ 187/187/187
f 290/290/290 198/198/198/ 199/199/199
f 62/62/62 290/290/290/ 199/199/199
f 188/188/188 198/198/198/ 290/290/290
f 188/188/188 290/290/290/ 62/62/62
f 188/188/188 62/62/62/ 49/49/49
f 49/49/49 62/62/62/ 68/68/68
f 68/68/68 62/62/62/ 40/40/40
f 40/40/40 62/62/62/ 45/45/45
f 62/62/62 59/59/59/ 45/45/45
f 62/62/62 1/1/1/ 59/59/59
f 189/189/189 198/198/198/ 188/188/188
f 202/202/202 189/189/189/ 188/188/188
f 295/295/295 189/189/189/ 202/202/202
f 202/202/202 17/17/17/ 295/295/295
f 295/295/295 17/17/17/ 24/24/24
f 295/295/295 24/24/24/ 394/394/394
f 37/37/37 394/394/394/ 24/24/24
f 204/204/204 394/394/394/ 37/37/37
f 66/66/66 188/188/188/ 49/49/49
f 77/77/77 66/66/66/ 49/49/49
f 77/77/77 49/49/49/ 50/50/50
f 50/50/50 49/49/49/ 70/70/70
f 49/49/49 68/68/68/ 70/70/70
f 57/57/57 66/66/66/ 77/77/77
f 56/56/56 57/57/57/ 77/77/77
f 56/56/56 77/77/77/ 76/76/76
f 76/76/76 77/77/77/ 50/50/50
f 57/57/57 27/27/27/ 66/66/66
f 73/73/73 56/56/56/ 76/76/76
f 70/70/70 68/68/68/ 69/69/69
f 68/68/68 72/72/72/ 69/69/69
f 68/68/68 9/9/9/ 72/72/72
f 40/40/40 9/9/9/ 68/68/68
f 40/40/40 393/393/393/ 9/9/9
f 15/15/15 393/393/393/ 40/40/40
f 45/45/45 15/15/15/ 40/40/40
f 69/69/69 72/72/72/ 64/64/64
f 72/72/72 58/58/58/ 64/64/64
f 72/72/72 9/9/9/ 58/58/58
f 58/58/58 9/9/9/ 10/10/10
f 9/9/9 32/32/32/ 10/10/10
f 10/10/10 32/32/32/ 7/7/7
f 32/32/32 15/15/15/ 7/7/7
f 39/39/39 7/7/7/ 15/15/15
f 39/39/39 15/15/15/ 45/45/45
f 45/45/45 59/59/59/ 39/39/39
f 64/64/64 58/58/58/ 48/48/48
f 10/10/10 80/80/80/ 58/58/58
f 38/38/38 80/80/80/ 10/10/10
f 10/10/10 7/7/7/ 38/38/38
f 38/38/38 7/7/7/ 14/14/14
f 14/14/14 7/7/7/ 39/39/39
f 59/59/59 14/14/14/ 39/39/39
f 78/78/78 14/14/14/ 59/59/59
f 14/14/14 78/78/78/ 38/38/38
f 38/38/38 78/78/78/ 80/80/80
f 78/78/78 36/36/36/ 80/80/80
f 55/55/55 89/89/89/ 197/197/197
f 89/89/89 136/136/136/ 197/197/197
f 298/298/298 289/289/289/ 278/278/278
f 298/298/298 278/278/278/ 90/90/90
f 2/2/2 33/33/33/ 4/4/4
f 2/2/2 4/4/4/ 5/5/5
f 2/2/2 5/5/5/ 13/13/13
f 13/13/13 5/5/5/ 11/11/11
f 11/11/11 5/5/5/ 6/6/6
f 11/11/11 6/6/6/ 46/46/46
f 46/46/46 6/6/6/ 47/47/47
f 18/18/18 46/46/46/ 47/47/47
f 18/18/18 47/47/47/ 19/19/19
f 19/19/19 47/47/47/ 20/20/20
f 19/19/19 20/20/20/ 231/231/231
f 231/231/231 20/20/20/ 232/232/232
f 282/282/282 231/231/231/ 232/232/232
f 155/155/155 231/231/231/ 282/282/282
f 108/108/108 155/155/155/ 282/282/282
f 107/107/107 155/155/155/ 108/108/108
f 217/217/217 107/107/107/ 108/108/108
f 216/216/216 217/217/217/ 108/108/108
f 285/285/285 217/217/217/ 216/216/216
f 283/283/283 285/285/285/ 216/216/216
f 284/284/284 285/285/285/ 283/283/283
f 234/234/234 284/284/284/ 283/283/283
f 233/233/233 234/234/234/ 283/283/283
f 233/233/233 106/106/106/ 234/234/234
f 79/79/79 51/51/51/ 71/71/71
f 79/79/79 71/71/71/ 44/44/44
f 44/44/44 71/71/71/ 41/41/41
f 44/44/44 41/41/41/ 43/43/43
f 43/43/43 41/41/41/ 42/42/42
f 43/43/43 42/42/42/ 12/12/12
f 12/12/12 42/42/42/ 75/75/75
f 12/12/12 75/75/75/ 194/194/194
f 194/194/194 75/75/75/ 119/119/119
f 303/303/303 194/194/194/ 119/119/119
f 153/153/153 194/194/194/ 303/303/303
f 154/154/154 153/153/153/ 303/303/303
f 177/177/177 153/153/153/ 154/154/154
f 174/174/174 177/177/177/ 154/154/154
f 173/173/173 177/177/177/ 174/174/174
f 168/168/168 173/173/173/ 174/174/174
f 195/195/195 173/173/173/ 168/168/168
f 117/117/117 195/195/195/ 168/168/168
f 83/83/83 238/238/238/ 81/81/81
f 83/83/83 220/220/220/ 238/238/238
f 101/101/101 220/220/220/ 83/83/83
f 101/101/101 239/239/239/ 220/220/220
f 156/156/156 239/239/239/ 101/101/101
f 101/101/101 268/268/268/ 156/156/156
f 84/84/84 268/268/268/ 101/101/101
f 238/238/238 220/220/220/ 219/219/219
f 220/220/220 239/239/239/ 219/219/219
f 239/239/239 230/230/230/ 219/219/219
f 239/239/239 214/214/214/ 230/230/230
f 247/247/247 214/214/214/ 239/239/239
f 273/273/273 214/214/214/ 247/247/247
f 273/273/273 212/212/212/ 214/214/214
f 147/147/147 212/212/212/ 273/273/273
f 238/238/238 219/219/219/ 215/215/215
f 134/134/134 238/238/238/ 215/215/215
f 215/215/215 213/213/213/ 134/134/134
f 213/213/213 133/133/133/ 134/134/134
f 213/213/213 100/100/100/ 133/133/133
f 213/213/213 149/149/149/ 100/100/100
f 211/211/211 149/149/149/ 213/213/213
f 246/246/246 211/211/211/ 213/213/213
f 246/246/246 219/219/219/ 211/211/211
f 133/133/133 97/97/97/ 134/134/134
f 222/222/222 97/97/97/ 133/133/133
f 166/166/166 222/222/222/ 133/133/133
f 166/166/166 133/133/133/ 100/100/100
f 134/134/134 97/97/97/ 165/165/165
f 165/165/165 97/97/97/ 223/223/223
f 165/165/165 223/223/223/ 101/101/101
f 101/101/101 223/223/223/ 151/151/151
f 156/156/156 268/268/268/ 157/157/157
f 157/157/157 268/268/268/ 263/263/263
f 157/157/157 263/263/263/ 208/208/208
f 208/208/208 263/263/263/ 210/210/210
f 210/210/210 150/150/150/ 208/208/208
f 208/208/208 150/150/150/ 158/158/158
f 150/150/150 161/161/161/ 158/158/158
f 158/158/158 161/161/161/ 159/159/159
f 161/161/161 227/227/227/ 159/159/159
f 159/159/159 227/227/227/ 229/229/229
f 229/229/229 227/227/227/ 267/267/267
f 267/267/267 227/227/227/ 228/228/228
f 267/267/267 228/228/228/ 252/252/252
f 252/252/252 228/228/228/ 224/224/224
f 224/224/224 226/226/226/ 252/252/252
f 252/252/252 226/226/226/ 225/225/225
f 225/225/225 226/226/226/ 274/274/274
f 274/274/274 226/226/226/ 266/266/266
f 266/266/266 259/259/259/ 274/274/274
f 252/252/252 225/225/225/ 267/267/267
f 267/267/267 225/225/225/ 237/237/237
f 225/225/225 152/152/152/ 237/237/237
f 274/274/274 152/152/152/ 225/225/225
f 125/125/125 152/152/152/ 274/274/274
f 274/274/274 251/251/251/ 125/125/125
f 274/274/274 259/259/259/ 251/251/251
f 251/251/251 259/259/259/ 260/260/260
f 251/251/251 260/260/260/ 265/265/265
f 265/265/265 260/260/260/ 264/264/264
f 267/267/267 237/237/237/ 99/99/99
f 99/99/99 237/237/237/ 102/102/102
f 237/237/237 152/152/152/ 102/102/102
f 102/102/102 152/152/152/ 138/138/138
f 125/125/125 138/138/138/ 152/152/152
f 139/139/139 138/138/138/ 125/125/125
f 140/140/140 267/267/267/ 99/99/99
f 140/140/140 99/99/99/ 207/207/207
f 99/99/99 102/102/102/ 207/207/207
f 102/102/102 139/139/139/ 207/207/207
f 138/138/138 139/139/139/ 102/102/102
f 272/272/272 267/267/267/ 140/140/140
f 275/275/275 272/272/272/ 140/140/140
f 275/275/275 140/140/140/ 162/162/162
f 162/162/162 140/140/140/ 207/207/207
f 207/207/207 240/240/240/ 162/162/162
f 207/207/207 221/221/221/ 240/240/240
f 139/139/139 221/221/221/ 207/207/207
f 139/139/139 218/218/218/ 221/221/221
f 82/82/82 272/272/272/ 275/275/275
f 82/82/82 275/275/275/ 148/148/148
f 148/148/148 275/275/275/ 163/163/163
f 275/275/275 162/162/162/ 163/163/163
f 163/163/163 162/162/162/ 164/164/164
f 164/164/164 162/162/162/ 209/209/209
f 209/209/209 162/162/162/ 253/253/253
f 162/162/162 240/240/240/ 253/253/253
f 253/253/253 240/240/240/ 241/241/241
f 241/241/241 240/240/240/ 236/236/236
f 240/240/240 98/98/98/ 236/236/236
f 148/148/148 163/163/163/ 147/147/147
f 147/147/147 163/163/163/ 212/212/212
f 163/163/163 164/164/164/ 212/212/212
f 212/212/212 164/164/164/ 235/235/235
f 164/164/164 209/209/209/ 235/235/235
f 235/235/235 209/209/209/ 256/256/256
f 254/254/254 256/256/256/ 209/209/209
f 209/209/209 253/253/253/ 254/254/254
f 254/254/254 253/253/253/ 241/241/241
f 235/235/235 214/214/214/ 212/212/212
f 230/230/230 214/214/214/ 235/235/235
f 235/235/235 256/256/256/ 230/230/230
f 230/230/230 256/256/256/ 255/255/255
f 257/257/257 255/255/255/ 256/256/256
f 257/257/257 256/256/256/ 254/254/254
f 245/245/245 230/230/230/ 255/255/255
f 262/262/262 245/245/245/ 255/255/255
f 262/262/262 255/255/255/ 257/257/257
f 219/219/219 230/230/230/ 245/245/245
f 211/211/211 219/219/219/ 245/245/245
f 211/211/211 245/245/245/ 149/149/149
f 149/149/149 245/245/245/ 160/160/160
f 160/160/160 245/245/245/ 262/262/262
f 236/236/236 98/98/98/ 126/126/126
f 98/98/98 125/125/125/ 126/126/126
f 126/126/126 125/125/125/ 369/369/369
f 369/369/369 125/125/125/ 416/416/416
f 125/125/125 251/251/251/ 416/416/416
f 416/416/416 251/251/251/ 415/415/415
f 369/369/369 416/416/416/ 415/415/415
f 265/265/265 264/264/264/ 304/304/304
f 304/304/304 264/264/264/ 368/368/368
f 304/304/304 368/368/368/ 317/317/317
f 336/336/336 357/357/357/ 314/314/314
f 336/336/336 314/314/314/ 365/365/365
f 365/365/365 314/314/314/ 354/354/354
f 365/365/365 354/354/354/ 329/329/329
f 329/329/329 354/354/354/ 356/356/356
f 329/329/329 356/356/356/ 323/323/323
f 323/323/323 356/356/356/ 414/414/414
f 336/336/336 365/365/365/ 388/388/388
f 420/420/420 336/336/336/ 388/388/388
f 387/387/387 420/420/420/ 388/388/388
f 387/387/387 388/388/388/ 373/373/373
f 373/373/373 388/388/388/ 417/417/417
f 417/417/417 388/388/388/ 386/386/386
f 387/387/387 364/364/364/ 420/420/420
f 373/373/373 364/364/364/ 387/387/387
f 309/309/309 364/364/364/ 373/373/373
f 374/374/374 309/309/309/ 373/373/373
f 373/373/373 417/417/417/ 374/374/374
f 374/374/374 417/417/417/ 375/375/375
f 417/417/417 372/372/372/ 375/375/375
f 386/386/386 372/372/372/ 417/417/417
f 324/324/324 372/372/372/ 386/386/386
f 386/386/386 329/329/329/ 324/324/324
f 365/365/365 329/329/329/ 386/386/386
f 340/340/340 365/365/365/ 386/386/386
f 355/355/355 309/309/309/ 374/374/374
f 476/476/476 355/355/355/ 374/374/374
f 476/476/476 374/374/374/ 457/457/457
f 457/457/457 374/374/374/ 375/375/375
f 379/379/379 355/355/355/ 476/476/476
f 456/456/456 379/379/379/ 476/476/476
f 456/456/456 476/476/476/ 453/453/453
f 453/453/453 476/476/476/ 457/457/457
f 380/380/380 379/379/379/ 456/456/456
f 329/329/329 323/323/323/ 324/324/324
f 324/324/324 323/323/323/ 390/390/390
f 323/323/323 362/362/362/ 390/390/390
f 323/323/323 414/414/414/ 362/362/362
f 362/362/362 414/414/414/ 400/400/400
f 381/381/381 362/362/362/ 400/400/400
f 322/322/322 362/362/362/ 381/381/381
f 322/322/322 381/381/381/ 409/409/409
f 389/389/389 324/324/324/ 390/390/390
f 397/397/397 389/389/389/ 390/390/390
f 390/390/390 362/362/362/ 397/397/397
f 397/397/397 362/362/362/ 328/328/328
f 328/328/328 362/362/362/ 322/322/322
f 328/328/328 322/322/322/ 392/392/392
f 322/322/322 395/395/395/ 392/392/392
f 322/322/322 409/409/409/ 395/395/395
f 395/395/395 409/409/409/ 358/358/358
f 353/353/353 395/395/395/ 358/358/358
f 413/413/413 324/324/324/ 389/389/389
f 389/389/389 330/330/330/ 413/413/413
f 389/389/389 319/319/319/ 330/330/330
f 391/391/391 319/319/319/ 389/389/389
f 391/391/391 389/389/389/ 397/397/397
f 328/328/328 391/391/391/ 397/397/397
f 361/361/361 391/391/391/ 328/328/328
f 392/392/392 361/361/361/ 328/328/328
f 413/413/413 372/372/372/ 324/324/324
f 413/413/413 405/405/405/ 372/372/372
f 413/413/413 330/330/330/ 405/405/405
f 361/361/361 319/319/319/ 391/391/391
f 307/307/307 319/319/319/ 361/361/361
f 411/411/411 307/307/307/ 361/361/361
f 411/411/411 361/361/361/ 392/392/392
f 411/411/411 392/392/392/ 396/396/396
f 396/396/396 392/392/392/ 342/342/342
f 392/392/392 395/395/395/ 342/342/342
f 307/307/307 316/316/316/ 319/319/319
f 320/320/320 316/316/316/ 307/307/307
f 383/383/383 320/320/320/ 307/307/307
f 383/383/383 307/307/307/ 411/411/411
f 411/411/411 346/346/346/ 383/383/383
f 396/396/396 346/346/346/ 411/411/411
f 347/347/347 346/346/346/ 396/396/396
f 396/396/396 342/342/342/ 347/347/347
f 347/347/347 342/342/342/ 384/384/384
f 342/342/342 395/395/395/ 384/384/384
f 316/316/316 332/332/332/ 319/319/319
f 316/316/316 326/326/326/ 332/332/332
f 327/327/327 326/326/326/ 316/316/316
f 320/320/320 327/327/327/ 316/316/316
f 325/325/325 327/327/327/ 320/320/320
f 343/343/343 325/325/325/ 320/320/320
f 343/343/343 320/320/320/ 383/383/383
f 346/346/346 343/343/343/ 383/383/383
f 319/319/319 332/332/332/ 330/330/330
f 332/332/332 331/331/331/ 330/330/330
f 332/332/332 453/453/453/ 331/331/331
f 437/437/437 453/453/453/ 332/332/332
f 438/438/438 453/453/453/ 437/437/437
f 475/475/475 438/438/438/ 437/437/437
f 455/455/455 438/438/438/ 475/475/475
f 439/439/439 455/455/455/ 475/475/475
f 331/331/331 371/371/371/ 330/330/330
f 331/331/331 333/333/333/ 371/371/371
f 453/453/453 333/333/333/ 331/331/331
f 330/330/330 371/371/371/ 370/370/370
f 371/371/371 375/375/375/ 370/370/370
f 372/372/372 370/370/370/ 375/375/375
f 333/333/333 334/334/334/ 371/371/371
f 456/456/456 453/453/453/ 438/438/438
f 438/438/438 376/376/376/ 456/456/456
f 377/377/377 376/376/376/ 438/438/438
f 455/455/455 377/377/377/ 438/438/438
f 363/363/363 377/377/377/ 455/455/455
f 447/447/447 363/363/363/ 455/455/455
f 447/447/447 455/455/455/ 439/439/439
f 447/447/447 439/439/439/ 440/440/440
f 440/440/440 439/439/439/ 448/448/448
f 440/440/440 448/448/448/ 449/449/449
f 449/449/449 448/448/448/ 446/446/446
f 311/311/311 363/363/363/ 447/447/447
f 440/440/440 311/311/311/ 447/447/447
f 401/401/401 311/311/311/ 440/440/440
f 449/449/449 401/401/401/ 440/440/440
f 402/402/402 401/401/401/ 449/449/449
f 435/435/435 402/402/402/ 449/449/449
f 449/449/449 446/446/446/ 435/435/435
f 435/435/435 446/446/446/ 436/436/436
f 444/444/444 435/435/435/ 436/436/436
f 378/378/378 402/402/402/ 435/435/435
f 464/464/464 378/378/378/ 435/435/435
f 464/464/464 435/435/435/ 444/444/444
f 463/463/463 464/464/464/ 444/444/444
f 444/444/444 468/468/468/ 463/463/463
f 348/348/348 468/468/468/ 444/444/444
f 344/344/344 348/348/348/ 444/444/444
f 344/344/344 444/444/444/ 305/305/305
f 305/305/305 444/444/444/ 321/321/321
f 398/398/398 378/378/378/ 464/464/464
f 350/350/350 398/398/398/ 464/464/464
f 408/408/408 398/398/398/ 350/350/350
f 445/445/445 464/464/464/ 463/463/463
f 445/445/445 463/463/463/ 469/469/469
f 469/469/469 463/463/463/ 468/468/468
f 461/461/461 469/469/469/ 468/468/468
f 461/461/461 468/468/468/ 315/315/315
f 315/315/315 468/468/468/ 348/348/348
f 306/306/306 315/315/315/ 348/348/348
f 306/306/306 348/348/348/ 344/344/344
f 306/306/306 344/344/344/ 418/418/418
f 344/344/344 305/305/305/ 418/418/418
f 469/469/469 403/403/403/ 445/445/445
f 407/407/407 403/403/403/ 469/469/469
f 466/466/466 407/407/407/ 469/469/469
f 466/466/466 469/469/469/ 461/461/461
f 466/466/466 461/461/461/ 462/462/462
f 462/462/462 461/461/461/ 470/470/470
f 412/412/412 470/470/470/ 461/461/461
f 315/315/315 412/412/412/ 461/461/461
f 399/399/399 412/412/412/ 315/315/315
f 399/399/399 315/315/315/ 306/306/306
f 399/399/399 306/306/306/ 385/385/385
f 385/385/385 306/306/306/ 418/418/418
f 352/352/352 407/407/407/ 466/466/466
f 462/462/462 352/352/352/ 466/466/466
f 335/335/335 352/352/352/ 462/462/462
f 335/335/335 462/462/462/ 349/349/349
f 349/349/349 462/462/462/ 465/465/465
f 462/462/462 470/470/470/ 465/465/465
f 473/473/473 465/465/465/ 470/470/470
f 470/470/470 429/429/429/ 473/473/473
f 429/429/429 470/470/470/ 412/412/412
f 429/429/429 412/412/412/ 472/472/472
f 472/472/472 412/412/412/ 419/419/419
f 412/412/412 345/345/345/ 419/419/419
f 349/349/349 465/465/465/ 310/310/310
f 310/310/310 465/465/465/ 467/467/467
f 467/467/467 465/465/465/ 473/473/473
f 477/477/477 467/467/467/ 473/473/473
f 478/478/478 467/467/467/ 477/477/477
f 478/478/478 477/477/477/ 471/471/471
f 351/351/351 478/478/478/ 471/471/471
f 351/351/351 467/467/467/ 478/478/478
f 310/310/310 467/467/467/ 351/351/351
f 399/399/399 385/385/385/ 412/412/412
f 429/429/429 472/472/472/ 473/473/473
f 472/472/472 367/367/367/ 473/473/473
f 472/472/472 337/337/337/ 367/367/367
f 419/419/419 337/337/337/ 472/472/472
f 419/419/419 404/404/404/ 337/337/337
f 384/384/384 404/404/404/ 419/419/419
f 419/419/419 345/345/345/ 384/384/384
f 384/384/384 345/345/345/ 347/347/347
f 473/473/473 367/367/367/ 339/339/339
f 339/339/339 367/367/367/ 313/313/313
f 313/313/313 367/367/367/ 312/312/312
f 367/367/367 337/337/337/ 312/312/312
f 312/312/312 337/337/337/ 382/382/382
f 337/337/337 404/404/404/ 382/382/382
f 382/382/382 404/404/404/ 353/353/353
f 404/404/404 395/395/395/ 353/353/353
f 384/384/384 395/395/395/ 404/404/404
f 473/473/473 339/339/339/ 338/338/338
f 338/338/338 339/339/339/ 366/366/366
f 366/366/366 339/339/339/ 308/308/308
f 308/308/308 339/339/339/ 313/313/313
f 338/338/338 366/366/366/ 317/317/317
f 366/366/366 308/308/308/ 317/317/317
f 359/359/359 325/325/325/ 343/343/343
f 318/318/318 359/359/359/ 343/343/343
f 318/318/318 343/343/343/ 346/346/346
f 346/346/346 305/305/305/ 318/318/318
f 418/418/418 305/305/305/ 346/346/346
f 418/418/418 346/346/346/ 347/347/347
f 341/341/341 418/418/418/ 347/347/347
f 360/360/360 359/359/359/ 318/318/318
f 318/318/318 321/321/321/ 360/360/360
f 305/305/305 321/321/321/ 318/318/318
f 385/385/385 418/418/418/ 341/341/341
f 406/406/406 385/385/385/ 341/341/341
f 423/423/423 552/552/552/ 428/428/428
f 553/553/553 552/552/552/ 423/423/423
f 553/553/553 559/559/559/ 552/552/552
f 552/552/552 559/559/559/ 558/558/558
f 559/559/559 554/554/554/ 558/558/558
f 558/558/558 554/554/554/ 555/555/555
f 570/570/570 555/555/555/ 554/554/554
f 571/571/571 555/555/555/ 570/570/570
f 572/572/572 555/555/555/ 571/571/571
f 421/421/421 433/433/433/ 422/422/422
f 433/433/433 434/434/434/ 422/422/422
f 422/422/422 434/434/434/ 424/424/424
f 434/434/434 442/442/442/ 424/424/424
f 424/424/424 442/442/442/ 443/443/443
f 450/450/450 443/443/443/ 442/442/442
f 450/450/450 442/442/442/ 452/452/452
f 425/425/425 450/450/450/ 452/452/452
f 441/441/441 450/450/450/ 425/425/425
f 441/441/441 425/425/425/ 573/573/573
f 573/573/573 425/425/425/ 451/451/451
f 454/454/454 443/443/443/ 450/450/450
f 454/454/454 450/450/450/ 441/441/441
f 454/454/454 441/441/441/ 481/481/481
f 481/481/481 441/441/441/ 573/573/573
f 474/474/474 481/481/481/ 573/573/573
f 573/573/573 480/480/480/ 474/474/474
f 431/431/431 481/481/481/ 474/474/474
f 432/432/432 431/431/431/ 474/474/474
f 497/497/497 557/557/557/ 597/597/597
f 568/568/568 557/557/557/ 497/497/497
f 568/568/568 497/497/497/ 516/516/516
f 497/497/497 498/498/498/ 516/516/516
f 498/498/498 497/497/497/ 563/563/563
f 563/563/563 497/497/497/ 526/526/526
f 568/568/568 556/556/556/ 557/557/557
f 574/574/574 556/556/556/ 568/568/568
f 568/568/568 516/516/516/ 574/574/574
f 574/574/574 516/516/516/ 502/502/502
f 516/516/516 496/496/496/ 502/502/502
f 498/498/498 496/496/496/ 516/516/516
f 496/496/496 498/498/498/ 562/562/562
f 562/562/562 498/498/498/ 563/563/563
f 574/574/574 575/575/575/ 556/556/556
f 575/575/575 574/574/574/ 495/495/495
f 495/495/495 574/574/574/ 502/502/502
f 502/502/502 496/496/496/ 495/495/495
f 495/495/495 496/496/496/ 515/515/515
f 496/496/496 562/562/562/ 515/515/515
f 515/515/515 562/562/562/ 567/567/567
f 515/515/515 567/567/567/ 493/493/493
f 493/493/493 567/567/567/ 566/566/566
f 556/556/556 575/575/575/ 561/561/561
f 575/575/575 577/577/577/ 561/561/561
f 577/577/577 575/575/575/ 564/564/564
f 564/564/564 575/575/575/ 495/495/495
f 495/495/495 511/511/511/ 564/564/564
f 495/495/495 569/569/569/ 511/511/511
f 515/515/515 569/569/569/ 495/495/495
f 493/493/493 569/569/569/ 515/515/515
f 493/493/493 506/506/506/ 569/569/569
f 506/506/506 493/493/493/ 513/513/513
f 493/493/493 566/566/566/ 513/513/513
f 513/513/513 566/566/566/ 565/565/565
f 561/561/561 577/577/577/ 560/560/560
f 577/577/577 647/647/647/ 560/560/560
f 577/577/577 576/576/576/ 647/647/647
f 577/577/577 564/564/564/ 576/576/576
f 576/576/576 564/564/564/ 578/578/578
f 578/578/578 564/564/564/ 579/579/579
f 564/564/564 511/511/511/ 579/579/579
f 579/579/579 511/511/511/ 503/503/503
f 511/511/511 492/492/492/ 503/503/503
f 511/511/511 569/569/569/ 492/492/492
f 560/560/560 647/647/647/ 501/501/501
f 647/647/647 578/578/578/ 501/501/501
f 576/576/576 578/578/578/ 647/647/647
f 579/579/579 494/494/494/ 578/578/578
f 503/503/503 494/494/494/ 579/579/579
f 503/503/503 492/492/492/ 494/494/494
f 494/494/494 492/492/492/ 491/491/491
f 569/569/569 491/491/491/ 492/492/492
f 506/506/506 491/491/491/ 569/569/569
f 506/506/506 513/513/513/ 491/491/491
f 491/491/491 513/513/513/ 641/641/641
f 603/603/603 505/505/505/ 597/597/597
f 504/504/504 505/505/505/ 603/603/603
f 504/504/504 603/603/603/ 609/609/609
f 609/609/609 603/603/603/ 598/598/598
f 609/609/609 598/598/598/ 594/594/594
f 594/594/594 598/598/598/ 601/601/601
f 594/594/594 601/601/601/ 600/600/600
f 600/600/600 601/601/601/ 599/599/599
f 600/600/600 599/599/599/ 595/595/595
f 595/595/595 599/599/599/ 501/501/501
f 595/595/595 501/501/501/ 517/517/517
f 517/517/517 501/501/501/ 500/500/500
f 499/499/499 517/517/517/ 500/500/500
f 608/608/608 499/499/499/ 500/500/500
f 602/602/602 608/608/608/ 500/500/500
f 606/606/606 596/596/596/ 597/597/597
f 597/597/597 596/596/596/ 507/507/507
f 507/507/507 596/596/596/ 509/509/509
f 509/509/509 607/607/607/ 507/507/507
f 507/507/507 607/607/607/ 605/605/605
f 607/607/607 604/604/604/ 605/605/605
f 605/605/605 604/604/604/ 611/611/611
f 604/604/604 646/646/646/ 611/611/611
f 611/611/611 646/646/646/ 612/612/612
f 646/646/646 614/614/614/ 612/612/612
f 612/612/612 614/614/614/ 641/641/641
f 614/614/614 512/512/512/ 641/641/641
f 641/641/641 512/512/512/ 522/522/522
f 512/512/512 514/514/514/ 522/522/522
f 514/514/514 671/671/671/ 522/522/522
f 487/487/487 520/520/520/ 585/585/585
f 585/585/585 520/520/520/ 669/669/669
f 520/520/520 486/486/486/ 669/669/669
f 669/669/669 486/486/486/ 648/648/648
f 486/486/486 521/521/521/ 648/648/648
f 648/648/648 521/521/521/ 625/625/625
f 521/521/521 510/510/510/ 625/625/625
f 625/625/625 510/510/510/ 642/642/642
f 510/510/510 639/639/639/ 642/642/642
f 648/648/648 623/623/623/ 669/669/669
f 648/648/648 624/624/624/ 623/623/623
f 625/625/625 624/624/624/ 648/648/648
f 625/625/625 645/645/645/ 624/624/624
f 642/642/642 645/645/645/ 625/625/625
f 642/642/642 644/644/644/ 645/645/645
f 643/643/643 644/644/644/ 642/642/642
f 642/642/642 639/639/639/ 643/643/643
f 639/639/639 508/508/508/ 643/643/643
f 669/669/669 623/623/623/ 672/672/672
f 670/670/670 669/669/669/ 672/672/672
f 671/671/671 670/670/670/ 672/672/672
f 671/671/671 527/527/527/ 670/670/670
f 643/643/643 640/640/640/ 644/644/644
f 586/586/586 640/640/640/ 643/643/643
f 643/643/643 508/508/508/ 586/586/586
f 508/508/508 592/592/592/ 586/586/586
f 586/586/586 592/592/592/ 619/619/619
f 592/592/592 488/488/488/ 619/619/619
f 619/619/619 488/488/488/ 620/620/620
f 619/619/619 620/620/620/ 618/618/618
f 640/640/640 619/619/619/ 618/618/618
f 586/586/586 619/619/619/ 640/640/640
f 580/580/580 584/584/584/ 582/582/582
f 582/582/582 584/584/584/ 581/581/581
f 534/534/534 590/590/590/ 532/532/532
f 532/532/532 590/590/590/ 593/593/593
f 593/593/593 590/590/590/ 613/613/613
f 590/590/590 626/626/626/ 613/613/613
f 626/626/626 591/591/591/ 613/613/613
f 532/532/532 593/593/593/ 538/538/538
f 538/538/538 593/593/593/ 524/524/524
f 524/524/524 593/593/593/ 627/627/627
f 627/627/627 593/593/593/ 613/613/613
f 538/538/538 524/524/524/ 537/537/537
f 537/537/537 524/524/524/ 485/485/485
f 485/485/485 524/524/524/ 484/484/484
f 484/484/484 524/524/524/ 627/627/627
f 537/537/537 485/485/485/ 536/536/536
f 536/536/536 485/485/485/ 519/519/519
f 519/519/519 485/485/485/ 490/490/490
f 490/490/490 485/485/485/ 484/484/484
f 536/536/536 519/519/519/ 588/588/588
f 588/588/588 519/519/519/ 615/615/615
f 615/615/615 519/519/519/ 610/610/610
f 610/610/610 519/519/519/ 490/490/490
f 588/588/588 615/615/615/ 587/587/587
f 587/587/587 615/615/615/ 483/483/483
f 483/483/483 615/615/615/ 482/482/482
f 482/482/482 615/615/615/ 610/610/610
f 587/587/587 483/483/483/ 583/583/583
f 583/583/583 483/483/483/ 489/489/489
f 482/482/482 489/489/489/ 483/483/483
f 618/618/618 489/489/489/ 482/482/482
f 583/583/583 489/489/489/ 589/589/589
f 589/589/589 489/489/489/ 530/530/530
f 530/530/530 489/489/489/ 523/523/523
f 531/531/531 616/616/616/ 618/618/618
f 547/547/547 616/616/616/ 531/531/531
f 535/535/535 547/547/547/ 531/531/531
f 546/546/546 547/547/547/ 535/535/535
f 535/535/535 545/545/545/ 546/546/546
f 533/533/533 545/545/545/ 535/535/535
f 533/533/533 540/540/540/ 545/545/545
f 541/541/541 540/540/540/ 533/533/533
f 616/616/616 547/547/547/ 633/633/633
f 547/547/547 546/546/546/ 633/633/633
f 633/633/633 546/546/546/ 638/638/638
f 638/638/638 546/546/546/ 632/632/632
f 632/632/632 546/546/546/ 545/545/545
f 632/632/632 545/545/545/ 549/549/549
f 549/549/549 545/545/545/ 540/540/540
f 549/549/549 540/540/540/ 528/528/528
f 528/528/528 540/540/540/ 539/539/539
f 541/541/541 539/539/539/ 540/540/540
f 627/627/627 539/539/539/ 541/541/541
f 617/617/617 616/616/616/ 633/633/633
f 617/617/617 633/633/633/ 635/635/635
f 635/635/635 633/633/633/ 638/638/638
f 632/632/632 635/635/635/ 638/638/638
f 634/634/634 635/635/635/ 632/632/632
f 548/548/548 634/634/634/ 632/632/632
f 637/637/637 548/548/548/ 632/632/632
f 632/632/632 549/549/549/ 637/637/637
f 543/543/543 616/616/616/ 617/617/617
f 543/543/543 617/617/617/ 544/544/544
f 544/544/544 617/617/617/ 635/635/635
f 635/635/635 634/634/634/ 544/544/544
f 544/544/544 634/634/634/ 542/542/542
f 634/634/634 631/631/631/ 542/542/542
f 631/631/631 634/634/634/ 548/548/548
f 523/523/523 616/616/616/ 543/543/543
f 542/542/542 631/631/631/ 550/550/550
f 631/631/631 621/621/621/ 550/550/550
f 631/631/631 622/622/622/ 621/621/621
f 622/622/622 631/631/631/ 548/548/548
f 622/622/622 548/548/548/ 630/630/630
f 630/630/630 548/548/548/ 628/628/628
f 628/628/628 548/548/548/ 637/637/637
f 628/628/628 637/637/637/ 636/636/636
f 637/637/637 529/529/529/ 636/636/636
f 637/637/637 549/549/549/ 529/529/529
f 550/550/550 621/621/621/ 551/551/551
f 628/628/628 629/629/629/ 630/630/630
f 636/636/636 629/629/629/ 628/628/628
f 636/636/636 529/529/529/ 629/629/629
f 629/629/629 529/529/529/ 518/518/518
f 529/529/529 549/549/549/ 518/518/518
f 518/518/518 549/549/549/ 528/528/528
f 528/528/528 539/539/539/ 518/518/518
f 518/518/518 539/539/539/ 627/627/627
f 630/630/630 621/621/621/ 622/622/622
f 623/623/623 621/621/621/ 630/630/630
f 703/703/703 716/716/716/ 679/679/679
f 716/716/716 713/713/713/ 679/679/679
f 713/713/713 716/716/716/ 706/706/706
f 706/706/706 716/716/716/ 717/717/717
f 706/706/706 717/717/717/ 680/680/680
f 680/680/680 717/717/717/ 697/697/697
f 680/680/680 697/697/697/ 678/678/678
f 679/679/679 713/713/713/ 714/714/714
f 699/699/699 679/679/679/ 714/714/714
f 666/666/666 679/679/679/ 699/699/699
f 700/700/700 666/666/666/ 699/699/699
f 707/707/707 666/666/666/ 700/700/700
f 700/700/700 677/677/677/ 707/707/707
f 666/666/666 709/709/709/ 679/679/679
f 668/668/668 709/709/709/ 666/666/666
f 666/666/666 707/707/707/ 668/668/668
f 668/668/668 707/707/707/ 673/673/673
f 696/696/696 673/673/673/ 707/707/707
f 677/677/677 696/696/696/ 707/707/707
f 726/726/726 696/696/696/ 677/677/677
f 726/726/726 677/677/677/ 685/685/685
f 685/685/685 677/677/677/ 704/704/704
f 709/709/709 668/668/668/ 664/664/664
f 664/664/664 668/668/668/ 663/663/663
f 668/668/668 819/819/819/ 663/663/663
f 673/673/673 819/819/819/ 668/668/668
f 819/819/819 673/673/673/ 727/727/727
f 727/727/727 673/673/673/ 696/696/696
f 696/696/696 723/723/723/ 727/727/727
f 693/693/693 723/723/723/ 696/696/696
f 726/726/726 693/693/693/ 696/696/696
f 726/726/726 691/691/691/ 693/693/693
f 685/685/685 691/691/691/ 726/726/726
f 738/738/738 664/664/664/ 663/663/663
f 819/819/819 738/738/738/ 663/663/663
f 659/659/659 738/738/738/ 819/819/819
f 659/659/659 819/819/819/ 821/821/821
f 819/819/819 820/820/820/ 821/821/821
f 820/820/820 819/819/819/ 727/727/727
f 820/820/820 727/727/727/ 802/802/802
f 802/802/802 727/727/727/ 723/723/723
f 740/740/740 664/664/664/ 738/738/738
f 738/738/738 661/661/661/ 740/740/740
f 661/661/661 738/738/738/ 662/662/662
f 662/662/662 738/738/738/ 659/659/659
f 659/659/659 764/764/764/ 662/662/662
f 659/659/659 821/821/821/ 764/764/764
f 758/758/758 764/764/764/ 821/821/821
f 758/758/758 821/821/821/ 802/802/802
f 802/802/802 821/821/821/ 820/820/820
f 740/740/740 661/661/661/ 784/784/784
f 665/665/665 784/784/784/ 661/661/661
f 665/665/665 661/661/661/ 729/729/729
f 729/729/729 661/661/661/ 662/662/662
f 780/780/780 729/729/729/ 662/662/662
f 764/764/764 780/780/780/ 662/662/662
f 764/764/764 795/795/795/ 780/780/780
f 760/760/760 795/795/795/ 764/764/764
f 760/760/760 764/764/764/ 758/758/758
f 783/783/783 740/740/740/ 784/784/784
f 782/782/782 783/783/783/ 784/784/784
f 782/782/782 784/784/784/ 741/741/741
f 741/741/741 784/784/784/ 665/665/665
f 794/794/794 783/783/783/ 782/782/782
f 745/745/745 783/783/783/ 794/794/794
f 786/786/786 745/745/745/ 794/794/794
f 787/787/787 745/745/745/ 786/786/786
f 787/787/787 786/786/786/ 785/785/785
f 786/786/786 776/776/776/ 785/785/785
f 785/785/785 776/776/776/ 773/773/773
f 776/776/776 777/777/777/ 773/773/773
f 773/773/773 777/777/777/ 779/779/779
f 777/777/777 753/753/753/ 779/779/779
f 754/754/754 753/753/753/ 777/777/777
f 752/752/752 753/753/753/ 754/754/754
f 752/752/752 754/754/754/ 756/756/756
f 756/756/756 754/754/754/ 775/775/775
f 775/775/775 757/757/757/ 756/756/756
f 775/775/775 774/774/774/ 757/757/757
f 762/762/762 774/774/774/ 775/775/775
f 801/801/801 774/774/774/ 762/762/762
f 762/762/762 759/759/759/ 801/801/801
f 822/822/822 759/759/759/ 762/762/762
f 781/781/781 822/822/822/ 762/762/762
f 823/823/823 822/822/822/ 781/781/781
f 781/781/781 831/831/831/ 823/823/823
f 780/780/780 831/831/831/ 781/781/781
f 780/780/780 795/795/795/ 831/831/831
f 822/822/822 761/761/761/ 759/759/759
f 824/824/824 761/761/761/ 822/822/822
f 822/822/822 823/823/823/ 824/824/824
f 824/824/824 823/823/823/ 825/825/825
f 823/823/823 829/829/829/ 825/825/825
f 831/831/831 829/829/829/ 823/823/823
f 831/831/831 804/804/804/ 829/829/829
f 803/803/803 804/804/804/ 831/831/831
f 795/795/795 803/803/803/ 831/831/831
f 760/760/760 803/803/803/ 795/795/795
f 824/824/824 728/728/728/ 761/761/761
f 824/824/824 730/730/730/ 728/728/728
f 825/825/825 730/730/730/ 824/824/824
f 825/825/825 829/829/829/ 730/730/730
f 730/730/730 829/829/829/ 685/685/685
f 804/804/804 685/685/685/ 829/829/829
f 761/761/761 728/728/728/ 695/695/695
f 728/728/728 694/694/694/ 695/695/695
f 728/728/728 704/704/704/ 694/694/694
f 730/730/730 704/704/704/ 728/728/728
f 685/685/685 704/704/704/ 730/730/730
f 695/695/695 694/694/694/ 698/698/698
f 694/694/694 674/674/674/ 698/698/698
f 711/711/711 674/674/674/ 694/694/694
f 674/674/674 711/711/711/ 667/667/667
f 667/667/667 711/711/711/ 710/710/710
f 711/711/711 715/715/715/ 710/710/710
f 710/710/710 715/715/715/ 708/708/708
f 708/708/708 715/715/715/ 701/701/701
f 701/701/701 715/715/715/ 712/712/712
f 701/701/701 712/712/712/ 676/676/676
f 676/676/676 712/712/712/ 705/705/705
f 705/705/705 712/712/712/ 675/675/675
f 675/675/675 678/678/678/ 705/705/705
f 675/675/675 680/680/680/ 678/678/678
f 691/691/691 685/685/685/ 804/804/804
f 804/804/804 688/688/688/ 691/691/691
f 768/768/768 688/688/688/ 804/804/804
f 804/804/804 793/793/793/ 768/768/768
f 803/803/803 793/793/793/ 804/804/804
f 760/760/760 793/793/793/ 803/803/803
f 791/791/791 793/793/793/ 760/760/760
f 758/758/758 791/791/791/ 760/760/760
f 688/688/688 693/693/693/ 691/691/691
f 690/690/690 693/693/693/ 688/688/688
f 684/684/684 690/690/690/ 688/688/688
f 684/684/684 688/688/688/ 800/800/800
f 800/800/800 688/688/688/ 768/768/768
f 793/793/793 800/800/800/ 768/768/768
f 826/826/826 800/800/800/ 793/793/793
f 791/791/791 826/826/826/ 793/793/793
f 830/830/830 826/826/826/ 791/791/791
f 791/791/791 767/767/767/ 830/830/830
f 767/767/767 791/791/791/ 758/758/758
f 690/690/690 723/723/723/ 693/693/693
f 724/724/724 723/723/723/ 690/690/690
f 718/718/718 724/724/724/ 690/690/690
f 718/718/718 690/690/690/ 684/684/684
f 684/684/684 719/719/719/ 718/718/718
f 720/720/720 719/719/719/ 684/684/684
f 684/684/684 683/683/683/ 720/720/720
f 769/769/769 723/723/723/ 724/724/724
f 769/769/769 724/724/724/ 771/771/771
f 771/771/771 724/724/724/ 692/692/692
f 692/692/692 724/724/724/ 718/718/718
f 692/692/692 718/718/718/ 719/719/719
f 692/692/692 719/719/719/ 682/682/682
f 682/682/682 719/719/719/ 721/721/721
f 721/721/721 719/719/719/ 687/687/687
f 687/687/687 719/719/719/ 720/720/720
f 802/802/802 723/723/723/ 769/769/769
f 769/769/769 758/758/758/ 802/802/802
f 767/767/767 758/758/758/ 769/769/769
f 769/769/769 771/771/771/ 767/767/767
f 767/767/767 771/771/771/ 778/778/778
f 778/778/778 771/771/771/ 765/765/765
f 765/765/765 771/771/771/ 799/799/799
f 799/799/799 771/771/771/ 682/682/682
f 682/682/682 771/771/771/ 692/692/692
f 830/830/830 767/767/767/ 778/778/778
f 830/830/830 778/778/778/ 827/827/827
f 778/778/778 765/765/765/ 827/827/827
f 827/827/827 765/765/765/ 772/772/772
f 772/772/772 765/765/765/ 809/809/809
f 809/809/809 765/765/765/ 807/807/807
f 765/765/765 799/799/799/ 807/807/807
f 807/807/807 799/799/799/ 805/805/805
f 805/805/805 799/799/799/ 722/722/722
f 722/722/722 799/799/799/ 682/682/682
f 830/830/830 827/827/827/ 826/826/826
f 826/826/826 827/827/827/ 828/828/828
f 827/827/827 755/755/755/ 828/828/828
f 772/772/772 755/755/755/ 827/827/827
f 772/772/772 809/809/809/ 755/755/755
f 809/809/809 797/797/797/ 755/755/755
f 796/796/796 797/797/797/ 809/809/809
f 796/796/796 809/809/809/ 798/798/798
f 807/807/807 798/798/798/ 809/809/809
f 807/807/807 805/805/805/ 798/798/798
f 805/805/805 722/722/722/ 798/798/798
f 828/828/828 766/766/766/ 826/826/826
f 828/828/828 806/806/806/ 766/766/766
f 828/828/828 808/808/808/ 806/806/806
f 755/755/755 808/808/808/ 828/828/828
f 797/797/797 808/808/808/ 755/755/755
f 797/797/797 687/687/687/ 808/808/808
f 797/797/797 689/689/689/ 687/687/687
f 796/796/796 689/689/689/ 797/797/797
f 689/689/689 796/796/796/ 681/681/681
f 681/681/681 722/722/722/ 689/689/689
f 826/826/826 766/766/766/ 800/800/800
f 800/800/800 766/766/766/ 684/684/684
f 722/722/722 682/682/682/ 689/689/689
f 689/689/689 682/682/682/ 721/721/721
f 689/689/689 721/721/721/ 687/687/687
f 808/808/808 687/687/687/ 720/720/720
f 686/686/686 808/808/808/ 720/720/720
f 686/686/686 720/720/720/ 766/766/766
f 792/792/792 808/808/808/ 686/686/686
f 792/792/792 686/686/686/ 770/770/770
f 770/770/770 686/686/686/ 702/702/702
f 806/806/806 808/808/808/ 792/792/792
f 806/806/806 792/792/792/ 770/770/770
f 806/806/806 770/770/770/ 763/763/763
f 806/806/806 763/763/763/ 766/766/766
f 763/763/763 725/725/725/ 766/766/766
f 739/739/739 657/657/657/ 658/658/658
f 660/660/660 657/657/657/ 739/739/739
f 660/660/660 655/655/655/ 657/657/657
f 737/737/737 655/655/655/ 660/660/660
f 737/737/737 653/653/653/ 655/655/655
f 649/649/649 653/653/653/ 737/737/737
f 649/649/649 734/734/734/ 653/653/653
f 735/735/735 734/734/734/ 649/649/649
f 735/735/735 652/652/652/ 734/734/734
f 654/654/654 652/652/652/ 735/735/735
f 654/654/654 733/733/733/ 652/652/652
f 732/732/732 733/733/733/ 654/654/654
f 732/732/732 743/743/743/ 733/733/733
f 650/650/650 743/743/743/ 732/732/732
f 650/650/650 747/747/747/ 743/743/743
f 744/744/744 747/747/747/ 650/650/650
f 744/744/744 746/746/746/ 747/747/747
f 742/742/742 746/746/746/ 744/744/744
f 742/742/742 750/750/750/ 746/746/746
f 749/749/749 750/750/750/ 742/742/742
f 749/749/749 751/751/751/ 750/750/750
f 748/748/748 751/751/751/ 749/749/749
f 748/748/748 651/651/651/ 751/751/751
f 731/731/731 651/651/651/ 748/748/748
f 731/731/731 736/736/736/ 651/651/651
f 656/656/656 736/736/736/ 731/731/731
f 835/835/835 853/853/853/ 959/959/959
f 853/853/853 960/960/960/ 959/959/959
f 853/853/853 855/855/855/ 960/960/960
f 955/955/955 855/855/855/ 853/853/853
f 955/955/955 869/869/869/ 855/855/855
f 857/857/857 869/869/869/ 955/955/955
f 960/960/960 958/958/958/ 959/959/959
f 836/836/836 867/867/867/ 816/816/816
f 865/865/865 816/816/816/ 867/867/867
f 865/865/865 867/867/867/ 963/963/963
f 963/963/963 867/867/867/ 966/966/966
f 963/963/963 966/966/966/ 949/949/949
f 949/949/949 966/966/966/ 967/967/967
f 870/870/870 967/967/967/ 966/966/966
f 966/966/966 814/814/814/ 870/870/870
f 839/839/839 816/816/816/ 865/865/865
f 870/870/870 814/814/814/ 813/813/813
f 965/965/965 967/967/967/ 870/870/870
f 965/965/965 869/869/869/ 967/967/967
f 873/873/873 869/869/869/ 965/965/965
f 873/873/873 964/964/964/ 869/869/869
f 872/872/872 964/964/964/ 873/873/873
f 873/873/873 868/868/868/ 872/872/872
f 962/962/962 967/967/967/ 869/869/869
f 949/949/949 967/967/967/ 962/962/962
f 837/837/837 811/811/811/ 818/818/818
f 818/818/818 811/811/811/ 810/810/810
f 811/811/811 848/848/848/ 810/810/810
f 842/842/842 848/848/848/ 811/811/811
f 842/842/842 850/850/850/ 848/848/848
f 889/889/889 850/850/850/ 842/842/842
f 889/889/889 863/863/863/ 850/850/850
f 849/849/849 863/863/863/ 889/889/889
f 849/849/849 864/864/864/ 863/863/863
f 953/953/953 848/848/848/ 850/850/850
f 953/953/953 850/850/850/ 859/859/859
f 859/859/859 850/850/850/ 863/863/863
f 859/859/859 863/863/863/ 858/858/858
f 858/858/858 863/863/863/ 950/950/950
f 863/863/863 864/864/864/ 950/950/950
f 864/864/864 866/866/866/ 950/950/950
f 862/862/862 866/866/866/ 864/864/864
f 862/862/862 815/815/815/ 866/866/866
f 847/847/847 848/848/848/ 953/953/953
f 847/847/847 843/843/843/ 848/848/848
f 812/812/812 843/843/843/ 847/847/847
f 859/859/859 858/858/858/ 956/956/956
f 956/956/956 858/858/858/ 957/957/957
f 957/957/957 858/858/858/ 860/860/860
f 858/858/858 950/950/950/ 860/860/860
f 950/950/950 866/866/866/ 860/860/860
f 860/860/860 866/866/866/ 961/961/961
f 866/866/866 854/854/854/ 961/961/961
f 954/954/954 854/854/854/ 866/866/866
f 866/866/866 815/815/815/ 954/954/954
f 954/954/954 815/815/815/ 851/851/851
f 817/817/817 851/851/851/ 815/815/815
f 860/860/860 961/961/961/ 957/957/957
f 957/957/957 961/961/961/ 856/856/856
f 856/856/856 961/961/961/ 854/854/854
f 851/851/851 952/952/952/ 954/954/954
f 854/854/854 954/954/954/ 852/852/852
f 975/975/975 874/874/874/ 895/895/895
f 975/975/975 895/895/895/ 906/906/906
f 895/895/895 941/941/941/ 906/906/906
f 986/986/986 941/941/941/ 895/895/895
f 986/986/986 895/895/895/ 880/880/880
f 1062/1062/1062 986/986/986/ 880/880/880
f 880/880/880 1068/1068/1068/ 1062/1062/1062
f 911/911/911 975/975/975/ 906/906/906
f 901/901/901 911/911/911/ 906/906/906
f 901/901/901 906/906/906/ 899/899/899
f 941/941/941 899/899/899/ 906/906/906
f 938/938/938 899/899/899/ 941/941/941
f 938/938/938 941/941/941/ 989/989/989
f 989/989/989 941/941/941/ 1066/1066/1066
f 1066/1066/1066 941/941/941/ 1062/1062/1062
f 1062/1062/1062 941/941/941/ 986/986/986
f 901/901/901 871/871/871/ 911/911/911
f 875/875/875 871/871/871/ 901/901/901
f 901/901/901 969/969/969/ 875/875/875
f 896/896/896 969/969/969/ 901/901/901
f 915/915/915 896/896/896/ 901/901/901
f 901/901/901 899/899/899/ 915/915/915
f 915/915/915 899/899/899/ 973/973/973
f 938/938/938 973/973/973/ 899/899/899
f 875/875/875 878/878/878/ 871/871/871
f 861/861/861 878/878/878/ 875/875/875
f 875/875/875 928/928/928/ 861/861/861
f 969/969/969 928/928/928/ 875/875/875
f 861/861/861 970/970/970/ 878/878/878
f 893/893/893 970/970/970/ 861/861/861
f 861/861/861 888/888/888/ 893/893/893
f 928/928/928 888/888/888/ 861/861/861
f 921/921/921 888/888/888/ 928/928/928
f 921/921/921 928/928/928/ 886/886/886
f 886/886/886 928/928/928/ 919/919/919
f 886/886/886 919/919/919/ 987/987/987
f 987/987/987 919/919/919/ 883/883/883
f 893/893/893 879/879/879/ 970/970/970
f 923/923/923 879/879/879/ 893/893/893
f 888/888/888 923/923/923/ 893/893/893
f 927/927/927 923/923/923/ 888/888/888
f 927/927/927 888/888/888/ 942/942/942
f 942/942/942 888/888/888/ 981/981/981
f 981/981/981 888/888/888/ 921/921/921
f 981/981/981 921/921/921/ 930/930/930
f 930/930/930 921/921/921/ 929/929/929
f 886/886/886 929/929/929/ 921/921/921
f 923/923/923 897/897/897/ 879/879/879
f 946/946/946 897/897/897/ 923/923/923
f 927/927/927 946/946/946/ 923/923/923
f 907/907/907 946/946/946/ 927/927/927
f 907/907/907 927/927/927/ 922/922/922
f 922/922/922 927/927/927/ 942/942/942
f 922/922/922 942/942/942/ 1020/1020/1020
f 1020/1020/1020 942/942/942/ 905/905/905
f 981/981/981 905/905/905/ 942/942/942
f 930/930/930 905/905/905/ 981/981/981
f 946/946/946 898/898/898/ 897/897/897
f 946/946/946 933/933/933/ 898/898/898
f 907/907/907 933/933/933/ 946/946/946
f 922/922/922 933/933/933/ 907/907/907
f 882/882/882 933/933/933/ 922/922/922
f 882/882/882 922/922/922/ 1020/1020/1020
f 1019/1019/1019 882/882/882/ 1020/1020/1020
f 1020/1020/1020 1023/1023/1023/ 1019/1019/1019
f 1019/1019/1019 1023/1023/1023/ 1024/1024/1024
f 1023/1023/1023 918/918/918/ 1024/1024/1024
f 897/897/897 898/898/898/ 910/910/910
f 933/933/933 910/910/910/ 898/898/898
f 982/982/982 910/910/910/ 933/933/933
f 982/982/982 933/933/933/ 1019/1019/1019
f 1019/1019/1019 933/933/933/ 882/882/882
f 897/897/897 910/910/910/ 908/908/908
f 908/908/908 910/910/910/ 912/912/912
f 910/910/910 939/939/939/ 912/912/912
f 982/982/982 939/939/939/ 910/910/910
f 1019/1019/1019 939/939/939/ 982/982/982
f 1024/1024/1024 939/939/939/ 1019/1019/1019
f 1024/1024/1024 931/931/931/ 939/939/939
f 1021/1021/1021 931/931/931/ 1024/1024/1024
f 1024/1024/1024 918/918/918/ 1021/1021/1021
f 918/918/918 976/976/976/ 1021/1021/1021
f 976/976/976 931/931/931/ 1021/1021/1021
f 908/908/908 912/912/912/ 947/947/947
f 947/947/947 912/912/912/ 900/900/900
f 912/912/912 931/931/931/ 900/900/900
f 939/939/939 931/931/931/ 912/912/912
f 948/948/948 947/947/947/ 900/900/900
f 924/924/924 948/948/948/ 900/900/900
f 887/887/887 929/929/929/ 886/886/886
f 886/886/886 987/987/987/ 887/887/887
f 887/887/887 987/987/987/ 1032/1032/1032
f 1032/1032/1032 987/987/987/ 1066/1066/1066
f 1066/1066/1066 987/987/987/ 989/989/989
f 988/988/988 989/989/989/ 987/987/987
f 987/987/987 883/883/883/ 988/988/988
f 988/988/988 883/883/883/ 884/884/884
f 988/988/988 884/884/884/ 980/980/980
f 980/980/980 884/884/884/ 881/881/881
f 1068/1068/1068 1032/1032/1032/ 1066/1066/1066
f 1062/1062/1062 1068/1068/1068/ 1066/1066/1066
f 945/945/945 896/896/896/ 915/915/915
f 894/894/894 945/945/945/ 915/915/915
f 915/915/915 914/914/914/ 894/894/894
f 914/914/914 915/915/915/ 973/973/973
f 973/973/973 925/925/925/ 914/914/914
f 937/937/937 925/925/925/ 973/973/973
f 937/937/937 973/973/973/ 938/938/938
f 943/943/943 945/945/945/ 894/894/894
f 944/944/944 943/943/943/ 894/894/894
f 944/944/944 894/894/894/ 885/885/885
f 885/885/885 894/894/894/ 890/890/890
f 894/894/894 892/892/892/ 890/890/890
f 894/894/894 914/914/914/ 892/892/892
f 914/914/914 926/926/926/ 892/892/892
f 925/925/925 926/926/926/ 914/914/914
f 891/891/891 943/943/943/ 944/944/944
f 876/876/876 877/877/877/ 904/904/904
f 968/968/968 876/876/876/ 904/904/904
f 935/935/935 968/968/968/ 904/904/904
f 935/935/935 904/904/904/ 983/983/983
f 983/983/983 904/904/904/ 845/845/845
f 845/845/845 904/904/904/ 844/844/844
f 904/904/904 940/940/940/ 844/844/844
f 983/983/983 902/902/902/ 935/935/935
f 1050/1050/1050 902/902/902/ 983/983/983
f 983/983/983 979/979/979/ 1050/1050/1050
f 983/983/983 845/845/845/ 979/979/979
f 979/979/979 845/845/845/ 846/846/846
f 845/845/845 844/844/844/ 846/846/846
f 846/846/846 844/844/844/ 917/917/917
f 844/844/844 934/934/934/ 917/917/917
f 940/940/940 934/934/934/ 844/844/844
f 932/932/932 935/935/935/ 902/902/902
f 978/978/978 932/932/932/ 902/902/902
f 902/902/902 940/940/940/ 978/978/978
f 1061/1061/1061 940/940/940/ 902/902/902
f 902/902/902 1050/1050/1050/ 1061/1061/1061
f 1050/1050/1050 1065/1065/1065/ 1061/1061/1061
f 1050/1050/1050 979/979/979/ 1065/1065/1065
f 920/920/920 1065/1065/1065/ 979/979/979
f 979/979/979 846/846/846/ 920/920/920
f 920/920/920 846/846/846/ 974/974/974
f 974/974/974 846/846/846/ 885/885/885
f 885/885/885 846/846/846/ 916/916/916
f 846/846/846 917/917/917/ 916/916/916
f 1061/1061/1061 934/934/934/ 940/940/940
f 1071/1071/1071 934/934/934/ 1061/1061/1061
f 1061/1061/1061 1065/1065/1065/ 1071/1071/1071
f 1071/1071/1071 1065/1065/1065/ 1069/1069/1069
f 1069/1069/1069 1065/1065/1065/ 1067/1067/1067
f 1067/1067/1067 1065/1065/1065/ 1063/1063/1063
f 1063/1063/1063 1065/1065/1065/ 920/920/920
f 920/920/920 909/909/909/ 1063/1063/1063
f 920/920/920 974/974/974/ 909/909/909
f 909/909/909 974/974/974/ 890/890/890
f 890/890/890 974/974/974/ 885/885/885
f 1071/1071/1071 936/936/936/ 934/934/934
f 1069/1069/1069 936/936/936/ 1071/1071/1071
f 934/934/934 936/936/936/ 917/917/917
f 917/917/917 936/936/936/ 916/916/916
f 892/892/892 909/909/909/ 890/890/890
f 926/926/926 909/909/909/ 892/892/892
f 985/985/985 909/909/909/ 926/926/926
f 985/985/985 926/926/926/ 1029/1029/1029
f 1029/1029/1029 926/926/926/ 925/925/925
f 1029/1029/1029 925/925/925/ 1031/1031/1031
f 1031/1031/1031 925/925/925/ 937/937/937
f 937/937/937 938/938/938/ 1031/1031/1031
f 1031/1031/1031 938/938/938/ 989/989/989
f 984/984/984 909/909/909/ 985/985/985
f 985/985/985 980/980/980/ 984/984/984
f 985/985/985 1029/1029/1029/ 980/980/980
f 980/980/980 1029/1029/1029/ 988/988/988
f 988/988/988 1029/1029/1029/ 1031/1031/1031
f 1031/1031/1031 989/989/989/ 988/988/988
f 1063/1063/1063 909/909/909/ 984/984/984
f 1063/1063/1063 984/984/984/ 1067/1067/1067
f 984/984/984 980/980/980/ 1067/1067/1067
f 1067/1067/1067 980/980/980/ 971/971/971
f 980/980/980 881/881/881/ 971/971/971
f 971/971/971 881/881/881/ 972/972/972
f 1064/1064/1064 1001/1001/1001/ 1008/1008/1008
f 1001/1001/1001 1004/1004/1004/ 1008/1008/1008
f 999/999/999 1004/1004/1004/ 1001/1001/1001
f 1143/1143/1143 999/999/999/ 1001/1001/1001
f 1143/1143/1143 1001/1001/1001/ 1047/1047/1047
f 1008/1008/1008 1004/1004/1004/ 1014/1014/1014
f 1004/1004/1004 1141/1141/1141/ 1014/1014/1014
f 999/999/999 1141/1141/1141/ 1004/1004/1004
f 999/999/999 1140/1140/1140/ 1141/1141/1141
f 1048/1048/1048 1140/1140/1140/ 999/999/999
f 1048/1048/1048 999/999/999/ 1143/1143/1143
f 1007/1007/1007 1008/1008/1008/ 1014/1014/1014
f 1014/1014/1014 1248/1248/1248/ 1007/1007/1007
f 1015/1015/1015 1248/1248/1248/ 1014/1014/1014
f 1142/1142/1142 1015/1015/1015/ 1014/1014/1014
f 1141/1141/1141 1142/1142/1142/ 1014/1014/1014
f 1141/1141/1141 1140/1140/1140/ 1142/1142/1142
f 1007/1007/1007 1047/1047/1047/ 1008/1008/1008
f 1102/1102/1102 1047/1047/1047/ 1007/1007/1007
f 1247/1247/1247 1102/1102/1102/ 1007/1007/1007
f 1007/1007/1007 1248/1248/1248/ 1247/1247/1247
f 1247/1247/1247 1248/1248/1248/ 1249/1249/1249
f 1249/1249/1249 1248/1248/1248/ 1015/1015/1015
f 1121/1121/1121 1047/1047/1047/ 1102/1102/1102
f 1121/1121/1121 1102/1102/1102/ 1103/1103/1103
f 1103/1103/1103 1102/1102/1102/ 1177/1177/1177
f 1177/1177/1177 1102/1102/1102/ 1083/1083/1083
f 1083/1083/1083 1102/1102/1102/ 1230/1230/1230
f 1230/1230/1230 1102/1102/1102/ 1247/1247/1247
f 1249/1249/1249 1230/1230/1230/ 1247/1247/1247
f 1214/1214/1214 1230/1230/1230/ 1249/1249/1249
f 1289/1289/1289 1230/1230/1230/ 1214/1214/1214
f 1121/1121/1121 1143/1143/1143/ 1047/1047/1047
f 1118/1118/1118 1143/1143/1143/ 1121/1121/1121
f 1118/1118/1118 1121/1121/1121/ 1123/1123/1123
f 1123/1123/1123 1121/1121/1121/ 1103/1103/1103
f 1103/1103/1103 1115/1115/1115/ 1123/1123/1123
f 1115/1115/1115 1176/1176/1176/ 1123/1123/1123
f 1179/1179/1179 1176/1176/1176/ 1115/1115/1115
f 1175/1175/1175 1179/1179/1179/ 1115/1115/1115
f 1175/1175/1175 1115/1115/1115/ 1156/1156/1156
f 1118/1118/1118 1157/1157/1157/ 1143/1143/1143
f 1100/1100/1100 1157/1157/1157/ 1118/1118/1118
f 1100/1100/1100 1118/1118/1118/ 1195/1195/1195
f 1195/1195/1195 1118/1118/1118/ 1123/1123/1123
f 1157/1157/1157 1155/1155/1155/ 1143/1143/1143
f 1157/1157/1157 1153/1153/1153/ 1155/1155/1155
f 1157/1157/1157 1135/1135/1135/ 1153/1153/1153
f 1100/1100/1100 1135/1135/1135/ 1157/1157/1157
f 1195/1195/1195 1135/1135/1135/ 1100/1100/1100
f 1080/1080/1080 1135/1135/1135/ 1195/1195/1195
f 1105/1105/1105 1080/1080/1080/ 1195/1195/1195
f 1105/1105/1105 1195/1195/1195/ 1123/1123/1123
f 1155/1155/1155 1003/1003/1003/ 1143/1143/1143
f 1155/1155/1155 1055/1055/1055/ 1003/1003/1003
f 1155/1155/1155 1154/1154/1154/ 1055/1055/1055
f 1155/1155/1155 1153/1153/1153/ 1154/1154/1154
f 1153/1153/1153 1009/1009/1009/ 1154/1154/1154
f 996/996/996 1009/1009/1009/ 1153/1153/1153
f 1153/1153/1153 1178/1178/1178/ 996/996/996
f 1135/1135/1135 1178/1178/1178/ 1153/1153/1153
f 1080/1080/1080 1178/1178/1178/ 1135/1135/1135
f 1003/1003/1003 1036/1036/1036/ 1143/1143/1143
f 1003/1003/1003 1138/1138/1138/ 1036/1036/1036
f 1079/1079/1079 1138/1138/1138/ 1003/1003/1003
f 1003/1003/1003 1055/1055/1055/ 1079/1079/1079
f 1055/1055/1055 1078/1078/1078/ 1079/1079/1079
f 1055/1055/1055 1070/1070/1070/ 1078/1078/1078
f 1055/1055/1055 1154/1154/1154/ 1070/1070/1070
f 1010/1010/1010 1070/1070/1070/ 1154/1154/1154
f 1009/1009/1009 1010/1010/1010/ 1154/1154/1154
f 1036/1036/1036 1048/1048/1048/ 1143/1143/1143
f 1036/1036/1036 1140/1140/1140/ 1048/1048/1048
f 1138/1138/1138 1140/1140/1140/ 1036/1036/1036
f 1138/1138/1138 1161/1161/1161/ 1140/1140/1140
f 1053/1053/1053 1161/1161/1161/ 1138/1138/1138
f 1079/1079/1079 1053/1053/1053/ 1138/1138/1138
f 1078/1078/1078 1053/1053/1053/ 1079/1079/1079
f 1078/1078/1078 1054/1054/1054/ 1053/1053/1053
f 1251/1251/1251 1054/1054/1054/ 1078/1078/1078
f 1078/1078/1078 1052/1052/1052/ 1251/1251/1251
f 1078/1078/1078 1070/1070/1070/ 1052/1052/1052
f 1012/1012/1012 1052/1052/1052/ 1070/1070/1070
f 1012/1012/1012 1070/1070/1070/ 1010/1010/1010
f 1010/1010/1010 1043/1043/1043/ 1012/1012/1012
f 1161/1161/1161 1144/1144/1144/ 1140/1140/1140
f 1159/1159/1159 1144/1144/1144/ 1161/1161/1161
f 1158/1158/1158 1159/1159/1159/ 1161/1161/1161
f 1161/1161/1161 1054/1054/1054/ 1158/1158/1158
f 1053/1053/1053 1054/1054/1054/ 1161/1161/1161
f 1140/1140/1140 1144/1144/1144/ 1142/1142/1142
f 1136/1136/1136 1142/1142/1142/ 1144/1144/1144
f 1136/1136/1136 1144/1144/1144/ 1120/1120/1120
f 1120/1120/1120 1144/1144/1144/ 1145/1145/1145
f 1145/1145/1145 1144/1144/1144/ 1159/1159/1159
f 1244/1244/1244 1145/1145/1145/ 1159/1159/1159
f 1160/1160/1160 1244/1244/1244/ 1159/1159/1159
f 1160/1160/1160 1159/1159/1159/ 1158/1158/1158
f 1160/1160/1160 1158/1158/1158/ 1251/1251/1251
f 1251/1251/1251 1158/1158/1158/ 1054/1054/1054
f 1134/1134/1134 1142/1142/1142/ 1136/1136/1136
f 1134/1134/1134 1136/1136/1136/ 1107/1107/1107
f 1107/1107/1107 1136/1136/1136/ 1085/1085/1085
f 1136/1136/1136 1120/1120/1120/ 1085/1085/1085
f 1134/1134/1134 1015/1015/1015/ 1142/1142/1142
f 1117/1117/1117 1015/1015/1015/ 1134/1134/1134
f 1117/1117/1117 1134/1134/1134/ 1095/1095/1095
f 1095/1095/1095 1134/1134/1134/ 1107/1107/1107
f 1095/1095/1095 1107/1107/1107/ 1094/1094/1094
f 1107/1107/1107 1108/1108/1108/ 1094/1094/1094
f 1124/1124/1124 1108/1108/1108/ 1107/1107/1107
f 1085/1085/1085 1124/1124/1124/ 1107/1107/1107
f 1117/1117/1117 1037/1037/1037/ 1015/1015/1015
f 1215/1215/1215 1037/1037/1037/ 1117/1117/1117
f 1215/1215/1215 1117/1117/1117/ 1104/1104/1104
f 1104/1104/1104 1117/1117/1117/ 1095/1095/1095
f 1012/1012/1012 1043/1043/1043/ 1006/1006/1006
f 1012/1012/1012 1006/1006/1006/ 1016/1016/1016
f 1016/1016/1016 1006/1006/1006/ 1022/1022/1022
f 1006/1006/1006 1002/1002/1002/ 1022/1022/1022
f 1005/1005/1005 1002/1002/1002/ 1006/1006/1006
f 1005/1005/1005 1006/1006/1006/ 1013/1013/1013
f 1013/1013/1013 1006/1006/1006/ 1059/1059/1059
f 1006/1006/1006 1038/1038/1038/ 1059/1059/1059
f 1016/1016/1016 1052/1052/1052/ 1012/1012/1012
f 1016/1016/1016 1250/1250/1250/ 1052/1052/1052
f 1011/1011/1011 1250/1250/1250/ 1016/1016/1016
f 1016/1016/1016 1022/1022/1022/ 1011/1011/1011
f 1011/1011/1011 1022/1022/1022/ 1017/1017/1017
f 1056/1056/1056 1017/1017/1017/ 1022/1022/1022
f 1022/1022/1022 1002/1002/1002/ 1056/1056/1056
f 1056/1056/1056 1002/1002/1002/ 1072/1072/1072
f 1002/1002/1002 1035/1035/1035/ 1072/1072/1072
f 1035/1035/1035 1002/1002/1002/ 1005/1005/1005
f 1251/1251/1251 1052/1052/1052/ 1250/1250/1250
f 1250/1250/1250 1160/1160/1160/ 1251/1251/1251
f 1246/1246/1246 1160/1160/1160/ 1250/1250/1250
f 1011/1011/1011 1246/1246/1246/ 1250/1250/1250
f 1246/1246/1246 1011/1011/1011/ 1252/1252/1252
f 1252/1252/1252 1011/1011/1011/ 1017/1017/1017
f 1017/1017/1017 1045/1045/1045/ 1252/1252/1252
f 1045/1045/1045 1017/1017/1017/ 1056/1056/1056
f 1056/1056/1056 1072/1072/1072/ 1045/1045/1045
f 1246/1246/1246 1244/1244/1244/ 1160/1160/1160
f 1246/1246/1246 1245/1245/1245/ 1244/1244/1244
f 1252/1252/1252 1245/1245/1245/ 1246/1246/1246
f 1252/1252/1252 992/992/992/ 1245/1245/1245
f 1033/1033/1033 992/992/992/ 1252/1252/1252
f 1072/1072/1072 1033/1033/1033/ 1252/1252/1252
f 1045/1045/1045 1072/1072/1072/ 1252/1252/1252
f 1146/1146/1146 1244/1244/1244/ 1245/1245/1245
f 992/992/992 1146/1146/1146/ 1245/1245/1245
f 1030/1030/1030 1146/1146/1146/ 992/992/992
f 1137/1137/1137 1030/1030/1030/ 992/992/992
f 1034/1034/1034 1137/1137/1137/ 992/992/992
f 1034/1034/1034 992/992/992/ 1033/1033/1033
f 1147/1147/1147 1244/1244/1244/ 1146/1146/1146
f 1119/1119/1119 1147/1147/1147/ 1146/1146/1146
f 1119/1119/1119 1146/1146/1146/ 1126/1126/1126
f 1126/1126/1126 1146/1146/1146/ 1030/1030/1030
f 1126/1126/1126 1030/1030/1030/ 1116/1116/1116
f 1116/1116/1116 1030/1030/1030/ 1139/1139/1139
f 1139/1139/1139 1030/1030/1030/ 1137/1137/1137
f 1139/1139/1139 1137/1137/1137/ 1186/1186/1186
f 1147/1147/1147 1145/1145/1145/ 1244/1244/1244
f 1147/1147/1147 1120/1120/1120/ 1145/1145/1145
f 1101/1101/1101 1120/1120/1120/ 1147/1147/1147
f 1101/1101/1101 1147/1147/1147/ 1119/1119/1119
f 1101/1101/1101 1119/1119/1119/ 1163/1163/1163
f 1163/1163/1163 1119/1119/1119/ 1088/1088/1088
f 1119/1119/1119 1126/1126/1126/ 1088/1088/1088
f 1088/1088/1088 1126/1126/1126/ 1133/1133/1133
f 1126/1126/1126 1116/1116/1116/ 1133/1133/1133
f 1133/1133/1133 1116/1116/1116/ 1086/1086/1086
f 1086/1086/1086 1116/1116/1116/ 1186/1186/1186
f 1116/1116/1116 1139/1139/1139/ 1186/1186/1186
f 1163/1163/1163 1120/1120/1120/ 1101/1101/1101
f 1162/1162/1162 1120/1120/1120/ 1163/1163/1163
f 1163/1163/1163 1266/1266/1266/ 1162/1162/1162
f 1163/1163/1163 1088/1088/1088/ 1266/1266/1266
f 1266/1266/1266 1088/1088/1088/ 1265/1265/1265
f 1265/1265/1265 1088/1088/1088/ 1185/1185/1185
f 1185/1185/1185 1088/1088/1088/ 1133/1133/1133
f 1185/1185/1185 1133/1133/1133/ 1087/1087/1087
f 1087/1087/1087 1133/1133/1133/ 1086/1086/1086
f 1087/1087/1087 1086/1086/1086/ 1186/1186/1186
f 1186/1186/1186 1239/1239/1239/ 1087/1087/1087
f 1085/1085/1085 1120/1120/1120/ 1162/1162/1162
f 1162/1162/1162 1081/1081/1081/ 1085/1085/1085
f 1162/1162/1162 1266/1266/1266/ 1081/1081/1081
f 1081/1081/1081 1266/1266/1266/ 1082/1082/1082
f 1082/1082/1082 1266/1266/1266/ 1198/1198/1198
f 1266/1266/1266 1265/1265/1265/ 1198/1198/1198
f 1198/1198/1198 1265/1265/1265/ 1106/1106/1106
f 1185/1185/1185 1106/1106/1106/ 1265/1265/1265
f 1263/1263/1263 1106/1106/1106/ 1185/1185/1185
f 1185/1185/1185 1165/1165/1165/ 1263/1263/1263
f 1087/1087/1087 1165/1165/1165/ 1185/1185/1185
f 1239/1239/1239 1165/1165/1165/ 1087/1087/1087
f 1085/1085/1085 1081/1081/1081/ 1197/1197/1197
f 1081/1081/1081 1196/1196/1196/ 1197/1197/1197
f 1082/1082/1082 1196/1196/1196/ 1081/1081/1081
f 1290/1290/1290 1196/1196/1196/ 1082/1082/1082
f 1082/1082/1082 1291/1291/1291/ 1290/1290/1290
f 1198/1198/1198 1291/1291/1291/ 1082/1082/1082
f 1198/1198/1198 1114/1114/1114/ 1291/1291/1291
f 1198/1198/1198 1106/1106/1106/ 1114/1114/1114
f 1197/1197/1197 1124/1124/1124/ 1085/1085/1085
f 1197/1197/1197 1109/1109/1109/ 1124/1124/1124
f 1110/1110/1110 1109/1109/1109/ 1197/1197/1197
f 1110/1110/1110 1197/1197/1197/ 1091/1091/1091
f 1091/1091/1091 1197/1197/1197/ 1196/1196/1196
f 1091/1091/1091 1196/1196/1196/ 1290/1290/1290
f 1089/1089/1089 1091/1091/1091/ 1290/1290/1290
f 1290/1290/1290 1111/1111/1111/ 1089/1089/1089
f 1291/1291/1291 1111/1111/1111/ 1290/1290/1290
f 1291/1291/1291 1112/1112/1112/ 1111/1111/1111
f 1114/1114/1114 1112/1112/1112/ 1291/1291/1291
f 1109/1109/1109 1181/1181/1181/ 1124/1124/1124
f 1109/1109/1109 1182/1182/1182/ 1181/1181/1181
f 1187/1187/1187 1182/1182/1182/ 1109/1109/1109
f 1110/1110/1110 1187/1187/1187/ 1109/1109/1109
f 1089/1089/1089 1187/1187/1187/ 1110/1110/1110
f 1110/1110/1110 1091/1091/1091/ 1089/1089/1089
f 1124/1124/1124 1181/1181/1181/ 1174/1174/1174
f 1174/1174/1174 1181/1181/1181/ 1123/1123/1123
f 1181/1181/1181 1182/1182/1182/ 1123/1123/1123
f 1182/1182/1182 1105/1105/1105/ 1123/1123/1123
f 1182/1182/1182 1166/1166/1166/ 1105/1105/1105
f 1187/1187/1187 1166/1166/1166/ 1182/1182/1182
f 1089/1089/1089 1166/1166/1166/ 1187/1187/1187
f 1089/1089/1089 1130/1130/1130/ 1166/1166/1166
f 1111/1111/1111 1130/1130/1130/ 1089/1089/1089
f 1111/1111/1111 1132/1132/1132/ 1130/1130/1130
f 1112/1112/1112 1132/1132/1132/ 1111/1111/1111
f 1176/1176/1176 1124/1124/1124/ 1174/1174/1174
f 1123/1123/1123 1176/1176/1176/ 1174/1174/1174
f 1108/1108/1108 1124/1124/1124/ 1176/1176/1176
f 1179/1179/1179 1108/1108/1108/ 1176/1176/1176
f 1094/1094/1094 1108/1108/1108/ 1179/1179/1179
f 1094/1094/1094 1179/1179/1179/ 1175/1175/1175
f 1175/1175/1175 1177/1177/1177/ 1094/1094/1094
f 1103/1103/1103 1177/1177/1177/ 1175/1175/1175
f 1094/1094/1094 1177/1177/1177/ 1084/1084/1084
f 1084/1084/1084 1177/1177/1177/ 1083/1083/1083
f 1084/1084/1084 1083/1083/1083/ 1289/1289/1289
f 1083/1083/1083 1230/1230/1230/ 1289/1289/1289
f 1084/1084/1084 1095/1095/1095/ 1094/1094/1094
f 1084/1084/1084 1289/1289/1289/ 1095/1095/1095
f 1239/1239/1239 1192/1192/1192/ 1165/1165/1165
f 1194/1194/1194 1192/1192/1192/ 1239/1239/1239
f 1127/1127/1127 1194/1194/1194/ 1239/1239/1239
f 1194/1194/1194 1127/1127/1127/ 997/997/997
f 997/997/997 1127/1127/1127/ 1137/1137/1137
f 997/997/997 1137/1137/1137/ 1034/1034/1034
f 1192/1192/1192 997/997/997/ 1034/1034/1034
f 1194/1194/1194 997/997/997/ 1192/1192/1192
f 1060/1060/1060 1009/1009/1009/ 998/998/998
f 1060/1060/1060 1018/1018/1018/ 1009/1009/1009
f 1059/1059/1059 1018/1018/1018/ 1060/1060/1060
f 1051/1051/1051 1059/1059/1059/ 1060/1060/1060
f 1060/1060/1060 1000/1000/1000/ 1051/1051/1051
f 996/996/996 1000/1000/1000/ 1060/1060/1060
f 996/996/996 1098/1098/1098/ 1000/1000/1000
f 1178/1178/1178 1098/1098/1098/ 996/996/996
f 1018/1018/1018 1010/1010/1010/ 1009/1009/1009
f 1018/1018/1018 1038/1038/1038/ 1010/1010/1010
f 1059/1059/1059 1038/1038/1038/ 1018/1018/1018
f 1013/1013/1013 1059/1059/1059/ 1051/1051/1051
f 1051/1051/1051 1057/1057/1057/ 1013/1013/1013
f 1051/1051/1051 1049/1049/1049/ 1057/1057/1057
f 1000/1000/1000 1049/1049/1049/ 1051/1051/1051
f 1000/1000/1000 1262/1262/1262/ 1049/1049/1049
f 1098/1098/1098 1262/1262/1262/ 1000/1000/1000
f 1098/1098/1098 1099/1099/1099/ 1262/1262/1262
f 1099/1099/1099 1098/1098/1098/ 1097/1097/1097
f 1097/1097/1097 1098/1098/1098/ 1178/1178/1178
f 1097/1097/1097 1178/1178/1178/ 1080/1080/1080
f 1013/1013/1013 1057/1057/1057/ 1073/1073/1073
f 1073/1073/1073 1057/1057/1057/ 993/993/993
f 1057/1057/1057 994/994/994/ 993/993/993
f 1049/1049/1049 994/994/994/ 1057/1057/1057
f 1049/1049/1049 1257/1257/1257/ 994/994/994
f 1262/1262/1262 1257/1257/1257/ 1049/1049/1049
f 1171/1171/1171 1257/1257/1257/ 1262/1262/1262
f 1262/1262/1262 1099/1099/1099/ 1171/1171/1171
f 1013/1013/1013 1073/1073/1073/ 1005/1005/1005
f 1005/1005/1005 1073/1073/1073/ 1039/1039/1039
f 993/993/993 1039/1039/1039/ 1073/1073/1073
f 1077/1077/1077 1039/1039/1039/ 993/993/993
f 1077/1077/1077 993/993/993/ 1076/1076/1076
f 993/993/993 1075/1075/1075/ 1076/1076/1076
f 994/994/994 1075/1075/1075/ 993/993/993
f 994/994/994 1254/1254/1254/ 1075/1075/1075
f 1257/1257/1257 1254/1254/1254/ 994/994/994
f 1164/1164/1164 1254/1254/1254/ 1257/1257/1257
f 1164/1164/1164 1257/1257/1257/ 1171/1171/1171
f 1039/1039/1039 1035/1035/1035/ 1005/1005/1005
f 1040/1040/1040 1035/1035/1035/ 1039/1039/1039
f 1040/1040/1040 1039/1039/1039/ 1077/1077/1077
f 1046/1046/1046 1040/1040/1040/ 1077/1077/1077
f 1077/1077/1077 1076/1076/1076/ 1046/1046/1046
f 1046/1046/1046 1076/1076/1076/ 995/995/995
f 1076/1076/1076 991/991/991/ 995/995/995
f 1044/1044/1044 991/991/991/ 1076/1076/1076
f 1076/1076/1076 1075/1075/1075/ 1044/1044/1044
f 1044/1044/1044 1075/1075/1075/ 1042/1042/1042
f 1254/1254/1254 1042/1042/1042/ 1075/1075/1075
f 1040/1040/1040 1072/1072/1072/ 1035/1035/1035
f 1040/1040/1040 1046/1046/1046/ 1072/1072/1072
f 1046/1046/1046 1033/1033/1033/ 1072/1072/1072
f 1058/1058/1058 1033/1033/1033/ 1046/1046/1046
f 1046/1046/1046 995/995/995/ 1058/1058/1058
f 990/990/990 1058/1058/1058/ 995/995/995
f 991/991/991 990/990/990/ 995/995/995
f 913/913/913 990/990/990/ 991/991/991
f 913/913/913 1255/1255/1255/ 990/990/990
f 1256/1256/1256 1255/1255/1255/ 913/913/913
f 1256/1256/1256 1172/1172/1172/ 1255/1255/1255
f 1058/1058/1058 1041/1041/1041/ 1033/1033/1033
f 1074/1074/1074 1041/1041/1041/ 1058/1058/1058
f 1074/1074/1074 1058/1058/1058/ 990/990/990
f 1255/1255/1255 1074/1074/1074/ 990/990/990
f 1150/1150/1150 1074/1074/1074/ 1255/1255/1255
f 1150/1150/1150 1255/1255/1255/ 1122/1122/1122
f 1122/1122/1122 1255/1255/1255/ 1169/1169/1169
f 1255/1255/1255 1172/1172/1172/ 1169/1169/1169
f 1173/1173/1173 1169/1169/1169/ 1172/1172/1172
f 1074/1074/1074 1151/1151/1151/ 1041/1041/1041
f 1150/1150/1150 1151/1151/1151/ 1074/1074/1074
f 1122/1122/1122 1151/1151/1151/ 1150/1150/1150
f 1149/1149/1149 1151/1151/1151/ 1122/1122/1122
f 1189/1189/1189 1149/1149/1149/ 1122/1122/1122
f 1122/1122/1122 1169/1169/1169/ 1189/1189/1189
f 1189/1189/1189 1169/1169/1169/ 1170/1170/1170
f 1170/1170/1170 1169/1169/1169/ 1173/1173/1173
f 1170/1170/1170 1173/1173/1173/ 1258/1258/1258
f 1258/1258/1258 1173/1173/1173/ 1261/1261/1261
f 1258/1258/1258 1261/1261/1261/ 1260/1260/1260
f 1260/1260/1260 1261/1261/1261/ 1259/1259/1259
f 1263/1263/1263 1149/1149/1149/ 1189/1189/1189
f 1189/1189/1189 1264/1264/1264/ 1263/1263/1263
f 1170/1170/1170 1264/1264/1264/ 1189/1189/1189
f 1258/1258/1258 1264/1264/1264/ 1170/1170/1170
f 1148/1148/1148 1264/1264/1264/ 1258/1258/1258
f 1191/1191/1191 1148/1148/1148/ 1258/1258/1258
f 1258/1258/1258 1260/1260/1260/ 1191/1191/1191
f 1191/1191/1191 1260/1260/1260/ 1164/1164/1164
f 1260/1260/1260 1254/1254/1254/ 1164/1164/1164
f 1259/1259/1259 1254/1254/1254/ 1260/1260/1260
f 1253/1253/1253 1254/1254/1254/ 1259/1259/1259
f 1253/1253/1253 1042/1042/1042/ 1254/1254/1254
f 1263/1263/1263 1264/1264/1264/ 1184/1184/1184
f 1264/1264/1264 1229/1229/1229/ 1184/1184/1184
f 1229/1229/1229 1264/1264/1264/ 1148/1148/1148
f 1241/1241/1241 1229/1229/1229/ 1148/1148/1148
f 1191/1191/1191 1241/1241/1241/ 1148/1148/1148
f 1242/1242/1242 1241/1241/1241/ 1191/1191/1191
f 1125/1125/1125 1242/1242/1242/ 1191/1191/1191
f 1191/1191/1191 1164/1164/1164/ 1125/1125/1125
f 1125/1125/1125 1164/1164/1164/ 1171/1171/1171
f 1263/1263/1263 1184/1184/1184/ 1106/1106/1106
f 1184/1184/1184 1188/1188/1188/ 1106/1106/1106
f 1184/1184/1184 1092/1092/1092/ 1188/1188/1188
f 1193/1193/1193 1092/1092/1092/ 1184/1184/1184
f 1243/1243/1243 1193/1193/1193/ 1184/1184/1184
f 1184/1184/1184 1229/1229/1229/ 1243/1243/1243
f 1229/1229/1229 1241/1241/1241/ 1243/1243/1243
f 1243/1243/1243 1241/1241/1241/ 1113/1113/1113
f 1241/1241/1241 1242/1242/1242/ 1113/1113/1113
f 1113/1113/1113 1242/1242/1242/ 1190/1190/1190
f 1125/1125/1125 1190/1190/1190/ 1242/1242/1242
f 1188/1188/1188 1090/1090/1090/ 1106/1106/1106
f 1092/1092/1092 1090/1090/1090/ 1188/1188/1188
f 1093/1093/1093 1090/1090/1090/ 1092/1092/1092
f 1092/1092/1092 1193/1193/1193/ 1093/1093/1093
f 1093/1093/1093 1193/1193/1193/ 1183/1183/1183
f 1183/1183/1183 1193/1193/1193/ 1113/1113/1113
f 1113/1113/1113 1193/1193/1193/ 1243/1243/1243
f 1114/1114/1114 1106/1106/1106/ 1090/1090/1090
f 1090/1090/1090 1093/1093/1093/ 1114/1114/1114
f 1114/1114/1114 1093/1093/1093/ 1112/1112/1112
f 1093/1093/1093 1183/1183/1183/ 1112/1112/1112
f 1112/1112/1112 1183/1183/1183/ 1132/1132/1132
f 1152/1152/1152 1132/1132/1132/ 1183/1183/1183
f 1129/1129/1129 1132/1132/1132/ 1152/1152/1152
f 1129/1129/1129 1130/1130/1130/ 1132/1132/1132
f 1231/1231/1231 1130/1130/1130/ 1129/1129/1129
f 1129/1129/1129 1131/1131/1131/ 1231/1231/1231
f 1096/1096/1096 1131/1131/1131/ 1129/1129/1129
f 1180/1180/1180 1096/1096/1096/ 1129/1129/1129
f 1096/1096/1096 1180/1180/1180/ 1167/1167/1167
f 1167/1167/1167 1180/1180/1180/ 1183/1183/1183
f 1167/1167/1167 1183/1183/1183/ 1190/1190/1190
f 1190/1190/1190 1183/1183/1183/ 1113/1113/1113
f 1130/1130/1130 1231/1231/1231/ 1166/1166/1166
f 1166/1166/1166 1231/1231/1231/ 1105/1105/1105
f 1231/1231/1231 1080/1080/1080/ 1105/1105/1105
f 1131/1131/1131 1080/1080/1080/ 1231/1231/1231
f 1080/1080/1080 1131/1131/1131/ 1097/1097/1097
f 1128/1128/1128 1099/1099/1099/ 1097/1097/1097
f 1168/1168/1168 1099/1099/1099/ 1128/1128/1128
f 1167/1167/1167 1168/1168/1168/ 1128/1128/1128
f 1167/1167/1167 1128/1128/1128/ 1096/1096/1096
f 1096/1096/1096 1128/1128/1128/ 1131/1131/1131
f 1213/1213/1213 1131/1131/1131/ 1128/1128/1128
f 1168/1168/1168 1171/1171/1171/ 1099/1099/1099
f 1125/1125/1125 1171/1171/1171/ 1168/1168/1168
f 1168/1168/1168 1190/1190/1190/ 1125/1125/1125
f 1190/1190/1190 1168/1168/1168/ 1167/1167/1167
f 1237/1237/1237 1236/1236/1236/ 1272/1272/1272
f 1272/1272/1272 1236/1236/1236/ 1219/1219/1219
f 1236/1236/1236 1270/1270/1270/ 1219/1219/1219
f 1219/1219/1219 1270/1270/1270/ 1275/1275/1275
f 1270/1270/1270 1202/1202/1202/ 1275/1275/1275
f 1275/1275/1275 1202/1202/1202/ 1201/1201/1201
f 1202/1202/1202 1203/1203/1203/ 1201/1201/1201
f 1240/1240/1240 1203/1203/1203/ 1202/1202/1202
f 1273/1273/1273 1272/1272/1272/ 1219/1219/1219
f 1273/1273/1273 1219/1219/1219/ 1233/1233/1233
f 1219/1219/1219 1276/1276/1276/ 1233/1233/1233
f 1220/1220/1220 1276/1276/1276/ 1219/1219/1219
f 1275/1275/1275 1220/1220/1220/ 1219/1219/1219
f 1200/1200/1200 1220/1220/1220/ 1275/1275/1275
f 1200/1200/1200 1275/1275/1275/ 1199/1199/1199
f 1199/1199/1199 1275/1275/1275/ 1201/1201/1201
f 1233/1233/1233 1276/1276/1276/ 1271/1271/1271
f 1276/1276/1276 1293/1293/1293/ 1271/1271/1271
f 1276/1276/1276 1201/1201/1201/ 1293/1293/1293
f 1276/1276/1276 1199/1199/1199/ 1201/1201/1201
f 1269/1269/1269 1199/1199/1199/ 1276/1276/1276
f 1269/1269/1269 1276/1276/1276/ 1220/1220/1220
f 1200/1200/1200 1269/1269/1269/ 1220/1220/1220
f 1200/1200/1200 1199/1199/1199/ 1269/1269/1269
f 1293/1293/1293 1268/1268/1268/ 1271/1271/1271
f 1267/1267/1267 1268/1268/1268/ 1293/1293/1293
f 1274/1274/1274 1267/1267/1267/ 1293/1293/1293
f 1293/1293/1293 1201/1201/1201/ 1274/1274/1274
f 1201/1201/1201 1203/1203/1203/ 1274/1274/1274
f 1271/1271/1271 1268/1268/1268/ 1218/1218/1218
f 1218/1218/1218 1268/1268/1268/ 1292/1292/1292
f 1292/1292/1292 1268/1268/1268/ 1294/1294/1294
f 1217/1217/1217 1294/1294/1294/ 1268/1268/1268
f 1217/1217/1217 1268/1268/1268/ 1267/1267/1267
f 1234/1234/1234 1217/1217/1217/ 1267/1267/1267
f 1234/1234/1234 1267/1267/1267/ 1274/1274/1274
f 1234/1234/1234 1274/1274/1274/ 1216/1216/1216
f 1216/1216/1216 1274/1274/1274/ 1203/1203/1203
f 1216/1216/1216 1203/1203/1203/ 1232/1232/1232
f 1232/1232/1232 1203/1203/1203/ 1226/1226/1226
f 1203/1203/1203 1240/1240/1240/ 1226/1226/1226
f 1294/1294/1294 1226/1226/1226/ 1292/1292/1292
f 1294/1294/1294 1232/1232/1232/ 1226/1226/1226
f 1295/1295/1295 1232/1232/1232/ 1294/1294/1294
f 1295/1295/1295 1294/1294/1294/ 1217/1217/1217
f 1234/1234/1234 1295/1295/1295/ 1217/1217/1217
f 1216/1216/1216 1295/1295/1295/ 1234/1234/1234
f 1216/1216/1216 1232/1232/1232/ 1295/1295/1295
f 1292/1292/1292 1226/1226/1226/ 1235/1235/1235
f 1238/1238/1238 1235/1235/1235/ 1226/1226/1226
f 1226/1226/1226 1240/1240/1240/ 1238/1238/1238
f 1296/1296/1296 1334/1334/1334/ 1281/1281/1281
f 1281/1281/1281 1334/1334/1334/ 1225/1225/1225
f 1225/1225/1225 1334/1334/1334/ 1228/1228/1228
f 1228/1228/1228 1334/1334/1334/ 1319/1319/1319
f 1334/1334/1334 1332/1332/1332/ 1319/1319/1319
f 1204/1204/1204 1332/1332/1332/ 1334/1334/1334
f 1223/1223/1223 1332/1332/1332/ 1204/1204/1204
f 1281/1281/1281 1225/1225/1225/ 1207/1207/1207
f 1207/1207/1207 1225/1225/1225/ 1228/1228/1228
f 1297/1297/1297 1207/1207/1207/ 1228/1228/1228
f 1319/1319/1319 1297/1297/1297/ 1228/1228/1228
f 1279/1279/1279 1297/1297/1297/ 1319/1319/1319
f 1319/1319/1319 1324/1324/1324/ 1279/1279/1279
f 1333/1333/1333 1324/1324/1324/ 1319/1319/1319
f 1319/1319/1319 1277/1277/1277/ 1333/1333/1333
f 1319/1319/1319 1332/1332/1332/ 1277/1277/1277
f 1223/1223/1223 1277/1277/1277/ 1332/1332/1332
f 1206/1206/1206 1277/1277/1277/ 1223/1223/1223
f 1221/1221/1221 1207/1207/1207/ 1297/1297/1297
f 1331/1331/1331 1221/1221/1221/ 1297/1297/1297
f 1279/1279/1279 1331/1331/1331/ 1297/1297/1297
f 1329/1329/1329 1331/1331/1331/ 1279/1279/1279
f 1279/1279/1279 1325/1325/1325/ 1329/1329/1329
f 1321/1321/1321 1325/1325/1325/ 1279/1279/1279
f 1279/1279/1279 1324/1324/1324/ 1321/1321/1321
f 1320/1320/1320 1321/1321/1321/ 1324/1324/1324
f 1320/1320/1320 1324/1324/1324/ 1333/1333/1333
f 1205/1205/1205 1221/1221/1221/ 1331/1331/1331
f 1326/1326/1326 1205/1205/1205/ 1331/1331/1331
f 1326/1326/1326 1331/1331/1331/ 1327/1327/1327
f 1327/1327/1327 1331/1331/1331/ 1329/1329/1329
f 1327/1327/1327 1329/1329/1329/ 1311/1311/1311
f 1311/1311/1311 1329/1329/1329/ 1335/1335/1335
f 1335/1335/1335 1329/1329/1329/ 1333/1333/1333
f 1329/1329/1329 1325/1325/1325/ 1333/1333/1333
f 1333/1333/1333 1325/1325/1325/ 1320/1320/1320
f 1325/1325/1325 1321/1321/1321/ 1320/1320/1320
f 1224/1224/1224 1205/1205/1205/ 1326/1326/1326
f 1326/1326/1326 1322/1322/1322/ 1224/1224/1224
f 1322/1322/1322 1326/1326/1326/ 1323/1323/1323
f 1323/1323/1323 1326/1326/1326/ 1327/1327/1327
f 1327/1327/1327 1286/1286/1286/ 1323/1323/1323
f 1284/1284/1284 1286/1286/1286/ 1327/1327/1327
f 1311/1311/1311 1284/1284/1284/ 1327/1327/1327
f 1212/1212/1212 1284/1284/1284/ 1311/1311/1311
f 1311/1311/1311 1210/1210/1210/ 1212/1212/1212
f 1335/1335/1335 1210/1210/1210/ 1311/1311/1311
f 1224/1224/1224 1322/1322/1322/ 1222/1222/1222
f 1287/1287/1287 1322/1322/1322/ 1323/1323/1323
f 1287/1287/1287 1323/1323/1323/ 1227/1227/1227
f 1227/1227/1227 1323/1323/1323/ 1211/1211/1211
f 1323/1323/1323 1286/1286/1286/ 1211/1211/1211
f 1211/1211/1211 1286/1286/1286/ 1283/1283/1283
f 1286/1286/1286 1284/1284/1284/ 1283/1283/1283
f 1284/1284/1284 1212/1212/1212/ 1283/1283/1283
f 1283/1283/1283 1212/1212/1212/ 1278/1278/1278
f 1278/1278/1278 1212/1212/1212/ 1210/1210/1210
f 1278/1278/1278 1210/1210/1210/ 1288/1288/1288
f 1288/1288/1288 1210/1210/1210/ 1335/1335/1335
f 1285/1285/1285 1287/1287/1287/ 1227/1227/1227
f 1285/1285/1285 1227/1227/1227/ 1209/1209/1209
f 1209/1209/1209 1227/1227/1227/ 1280/1280/1280
f 1227/1227/1227 1288/1288/1288/ 1280/1280/1280
f 1211/1211/1211 1288/1288/1288/ 1227/1227/1227
f 1211/1211/1211 1278/1278/1278/ 1288/1288/1288
f 1283/1283/1283 1278/1278/1278/ 1211/1211/1211
f 1282/1282/1282 1287/1287/1287/ 1285/1285/1285
f 1209/1209/1209 1280/1280/1280/ 1208/1208/1208
f 1208/1208/1208 1280/1280/1280/ 1318/1318/1318
f 1288/1288/1288 1318/1318/1318/ 1280/1280/1280
f 1335/1335/1335 1318/1318/1318/ 1288/1288/1288
f 1335/1335/1335 1333/1333/1333/ 1318/1318/1318
f 1333/1333/1333 1277/1277/1277/ 1318/1318/1318
f 1206/1206/1206 1318/1318/1318/ 1277/1277/1277
f 1208/1208/1208 1318/1318/1318/ 1206/1206/1206
f 1427/1427/1427 1316/1316/1316/ 1300/1300/1300
f 1307/1307/1307 1316/1316/1316/ 1427/1427/1427
f 1305/1305/1305 1307/1307/1307/ 1427/1427/1427
f 1305/1305/1305 1427/1427/1427/ 1381/1381/1381
f 1427/1427/1427 1441/1441/1441/ 1381/1381/1381
f 1498/1498/1498 1441/1441/1441/ 1427/1427/1427
f 1465/1465/1465 1441/1441/1441/ 1498/1498/1498
f 1316/1316/1316 1465/1465/1465/ 1498/1498/1498
f 1307/1307/1307 1315/1315/1315/ 1316/1316/1316
f 1307/1307/1307 1336/1336/1336/ 1315/1315/1315
f 1344/1344/1344 1336/1336/1336/ 1307/1307/1307
f 1344/1344/1344 1307/1307/1307/ 1305/1305/1305
f 1344/1344/1344 1305/1305/1305/ 1302/1302/1302
f 1302/1302/1302 1305/1305/1305/ 1381/1381/1381
f 1316/1316/1316 1315/1315/1315/ 1341/1341/1341
f 1315/1315/1315 1414/1414/1414/ 1341/1341/1341
f 1315/1315/1315 1433/1433/1433/ 1414/1414/1414
f 1336/1336/1336 1433/1433/1433/ 1315/1315/1315
f 1336/1336/1336 1306/1306/1306/ 1433/1433/1433
f 1336/1336/1336 1344/1344/1344/ 1306/1306/1306
f 1306/1306/1306 1344/1344/1344/ 1302/1302/1302
f 1306/1306/1306 1302/1302/1302/ 1303/1303/1303
f 1302/1302/1302 1381/1381/1381/ 1303/1303/1303
f 1341/1341/1341 1328/1328/1328/ 1316/1316/1316
f 1328/1328/1328 1341/1341/1341/ 1480/1480/1480
f 1480/1480/1480 1341/1341/1341/ 1500/1500/1500
f 1341/1341/1341 1414/1414/1414/ 1500/1500/1500
f 1500/1500/1500 1414/1414/1414/ 1487/1487/1487
f 1414/1414/1414 1416/1416/1416/ 1487/1487/1487
f 1433/1433/1433 1416/1416/1416/ 1414/1414/1414
f 1433/1433/1433 1306/1306/1306/ 1416/1416/1416
f 1306/1306/1306 1303/1303/1303/ 1416/1416/1416
f 1416/1416/1416 1303/1303/1303/ 1503/1503/1503
f 1303/1303/1303 1381/1381/1381/ 1503/1503/1503
f 1316/1316/1316 1328/1328/1328/ 1312/1312/1312
f 1328/1328/1328 1301/1301/1301/ 1312/1312/1312
f 1328/1328/1328 1480/1480/1480/ 1301/1301/1301
f 1312/1312/1312 1465/1465/1465/ 1316/1316/1316
f 1312/1312/1312 1301/1301/1301/ 1465/1465/1465
f 1480/1480/1480 1500/1500/1500/ 1491/1491/1491
f 1491/1491/1491 1500/1500/1500/ 1487/1487/1487
f 1491/1491/1491 1487/1487/1487/ 1488/1488/1488
f 1488/1488/1488 1487/1487/1487/ 1489/1489/1489
f 1489/1489/1489 1487/1487/1487/ 1421/1421/1421
f 1487/1487/1487 1355/1355/1355/ 1421/1421/1421
f 1487/1487/1487 1416/1416/1416/ 1355/1355/1355
f 1416/1416/1416 1362/1362/1362/ 1355/1355/1355
f 1416/1416/1416 1503/1503/1503/ 1362/1362/1362
f 1503/1503/1503 1428/1428/1428/ 1362/1362/1362
f 1381/1381/1381 1428/1428/1428/ 1503/1503/1503
f 1489/1489/1489 1490/1490/1490/ 1488/1488/1488
f 1489/1489/1489 1421/1421/1421/ 1490/1490/1490
f 1421/1421/1421 1485/1485/1485/ 1490/1490/1490
f 1485/1485/1485 1484/1484/1484/ 1490/1490/1490
f 1310/1310/1310 1484/1484/1484/ 1485/1485/1485
f 1485/1485/1485 1502/1502/1502/ 1310/1310/1310
f 1485/1485/1485 1501/1501/1501/ 1502/1502/1502
f 1485/1485/1485 1432/1432/1432/ 1501/1501/1501
f 1488/1488/1488 1490/1490/1490/ 1484/1484/1484
f 1501/1501/1501 1432/1432/1432/ 1464/1464/1464
f 1432/1432/1432 1317/1317/1317/ 1464/1464/1464
f 1308/1308/1308 1317/1317/1317/ 1432/1432/1432
f 1308/1308/1308 1432/1432/1432/ 1338/1338/1338
f 1338/1338/1338 1432/1432/1432/ 1421/1421/1421
f 1432/1432/1432 1314/1314/1314/ 1421/1421/1421
f 1317/1317/1317 1337/1337/1337/ 1464/1464/1464
f 1317/1317/1317 1309/1309/1309/ 1337/1337/1337
f 1308/1308/1308 1309/1309/1309/ 1317/1317/1317
f 1342/1342/1342 1309/1309/1309/ 1308/1308/1308
f 1308/1308/1308 1338/1338/1338/ 1342/1342/1342
f 1342/1342/1342 1338/1338/1338/ 1340/1340/1340
f 1338/1338/1338 1421/1421/1421/ 1340/1340/1340
f 1340/1340/1340 1421/1421/1421/ 1364/1364/1364
f 1421/1421/1421 1355/1355/1355/ 1364/1364/1364
f 1464/1464/1464 1337/1337/1337/ 1442/1442/1442
f 1337/1337/1337 1339/1339/1339/ 1442/1442/1442
f 1337/1337/1337 1309/1309/1309/ 1339/1339/1339
f 1309/1309/1309 1313/1313/1313/ 1339/1339/1339
f 1342/1342/1342 1313/1313/1313/ 1309/1309/1309
f 1464/1464/1464 1442/1442/1442/ 1298/1298/1298
f 1339/1339/1339 1313/1313/1313/ 1345/1345/1345
f 1339/1339/1339 1345/1345/1345/ 1415/1415/1415
f 1415/1415/1415 1345/1345/1345/ 1468/1468/1468
f 1345/1345/1345 1364/1364/1364/ 1468/1468/1468
f 1340/1340/1340 1364/1364/1364/ 1345/1345/1345
f 1330/1330/1330 1340/1340/1340/ 1345/1345/1345
f 1342/1342/1342 1340/1340/1340/ 1330/1330/1330
f 1442/1442/1442 1339/1339/1339/ 1415/1415/1415
f 1413/1413/1413 1442/1442/1442/ 1415/1415/1415
f 1415/1415/1415 1418/1418/1418/ 1413/1413/1413
f 1415/1415/1415 1419/1419/1419/ 1418/1418/1418
f 1468/1468/1468 1419/1419/1419/ 1415/1415/1415
f 1468/1468/1468 1356/1356/1356/ 1419/1419/1419
f 1364/1364/1364 1356/1356/1356/ 1468/1468/1468
f 1364/1364/1364 1377/1377/1377/ 1356/1356/1356
f 1355/1355/1355 1377/1377/1377/ 1364/1364/1364
f 1499/1499/1499 1442/1442/1442/ 1413/1413/1413
f 1499/1499/1499 1413/1413/1413/ 1399/1399/1399
f 1399/1399/1399 1413/1413/1413/ 1542/1542/1542
f 1413/1413/1413 1420/1420/1420/ 1542/1542/1542
f 1413/1413/1413 1418/1418/1418/ 1420/1420/1420
f 1482/1482/1482 1442/1442/1442/ 1499/1499/1499
f 1486/1486/1486 1482/1482/1482/ 1499/1499/1499
f 1486/1486/1486 1499/1499/1499/ 1459/1459/1459
f 1459/1459/1459 1499/1499/1499/ 1399/1399/1399
f 1423/1423/1423 1459/1459/1459/ 1399/1399/1399
f 1423/1423/1423 1399/1399/1399/ 1514/1514/1514
f 1514/1514/1514 1399/1399/1399/ 1542/1542/1542
f 1482/1482/1482 1372/1372/1372/ 1442/1442/1442
f 1483/1483/1483 1372/1372/1372/ 1482/1482/1482
f 1483/1483/1483 1482/1482/1482/ 1486/1486/1486
f 1501/1501/1501 1442/1442/1442/ 1372/1372/1372
f 1376/1376/1376 1501/1501/1501/ 1372/1372/1372
f 1376/1376/1376 1372/1372/1372/ 1483/1483/1483
f 1343/1343/1343 1501/1501/1501/ 1376/1376/1376
f 1501/1501/1501 1343/1343/1343/ 1502/1502/1502
f 1502/1502/1502 1343/1343/1343/ 1299/1299/1299
f 1299/1299/1299 1343/1343/1343/ 1304/1304/1304
f 1502/1502/1502 1299/1299/1299/ 1310/1310/1310
f 1310/1310/1310 1299/1299/1299/ 1484/1484/1484
f 1422/1422/1422 1459/1459/1459/ 1423/1423/1423
f 1396/1396/1396 1422/1422/1422/ 1423/1423/1423
f 1579/1579/1579 1396/1396/1396/ 1423/1423/1423
f 1514/1514/1514 1579/1579/1579/ 1423/1423/1423
f 1582/1582/1582 1579/1579/1579/ 1514/1514/1514
f 1582/1582/1582 1514/1514/1514/ 1400/1400/1400
f 1400/1400/1400 1514/1514/1514/ 1404/1404/1404
f 1514/1514/1514 1542/1542/1542/ 1404/1404/1404
f 1397/1397/1397 1422/1422/1422/ 1396/1396/1396
f 1546/1546/1546 1397/1397/1397/ 1396/1396/1396
f 1546/1546/1546 1396/1396/1396/ 1579/1579/1579
f 1579/1579/1579 1460/1460/1460/ 1546/1546/1546
f 1569/1569/1569 1397/1397/1397/ 1546/1546/1546
f 1546/1546/1546 1460/1460/1460/ 1569/1569/1569
f 1569/1569/1569 1460/1460/1460/ 1593/1593/1593
f 1593/1593/1593 1460/1460/1460/ 1572/1572/1572
f 1460/1460/1460 1461/1461/1461/ 1572/1572/1572
f 1460/1460/1460 1528/1528/1528/ 1461/1461/1461
f 1580/1580/1580 1528/1528/1528/ 1460/1460/1460
f 1591/1591/1591 1593/1593/1593/ 1572/1572/1572
f 1572/1572/1572 1584/1584/1584/ 1591/1591/1591
f 1572/1572/1572 1461/1461/1461/ 1584/1584/1584
f 1584/1584/1584 1461/1461/1461/ 1558/1558/1558
f 1558/1558/1558 1461/1461/1461/ 1539/1539/1539
f 1539/1539/1539 1461/1461/1461/ 1530/1530/1530
f 1588/1588/1588 1593/1593/1593/ 1591/1591/1591
f 1591/1591/1591 1584/1584/1584/ 1558/1558/1558
f 1539/1539/1539 1550/1550/1550/ 1558/1558/1558
f 1568/1568/1568 1550/1550/1550/ 1539/1539/1539
f 1530/1530/1530 1568/1568/1568/ 1539/1539/1539
f 1559/1559/1559 1550/1550/1550/ 1568/1568/1568
f 1559/1559/1559 1568/1568/1568/ 1530/1530/1530
f 1559/1559/1559 1530/1530/1530/ 1384/1384/1384
f 1384/1384/1384 1530/1530/1530/ 1405/1405/1405
f 1405/1405/1405 1530/1530/1530/ 1446/1446/1446
f 1446/1446/1446 1530/1530/1530/ 1493/1493/1493
f 1530/1530/1530 1528/1528/1528/ 1493/1493/1493
f 1530/1530/1530 1495/1495/1495/ 1528/1528/1528
f 1547/1547/1547 1550/1550/1550/ 1559/1559/1559
f 1545/1545/1545 1547/1547/1547/ 1559/1559/1559
f 1581/1581/1581 1545/1545/1545/ 1559/1559/1559
f 1581/1581/1581 1559/1559/1559/ 1451/1451/1451
f 1451/1451/1451 1559/1559/1559/ 1384/1384/1384
f 1388/1388/1388 1451/1451/1451/ 1384/1384/1384
f 1388/1388/1388 1384/1384/1384/ 1385/1385/1385
f 1385/1385/1385 1384/1384/1384/ 1469/1469/1469
f 1384/1384/1384 1405/1405/1405/ 1469/1469/1469
f 1566/1566/1566 1547/1547/1547/ 1545/1545/1545
f 1545/1545/1545 1596/1596/1596/ 1566/1566/1566
f 1581/1581/1581 1596/1596/1596/ 1545/1545/1545
f 1575/1575/1575 1596/1596/1596/ 1581/1581/1581
f 1529/1529/1529 1575/1575/1575/ 1581/1581/1581
f 1451/1451/1451 1529/1529/1529/ 1581/1581/1581
f 1451/1451/1451 1587/1587/1587/ 1529/1529/1529
f 1451/1451/1451 1597/1597/1597/ 1587/1587/1587
f 1474/1474/1474 1597/1597/1597/ 1451/1451/1451
f 1474/1474/1474 1451/1451/1451/ 1388/1388/1388
f 1566/1566/1566 1596/1596/1596/ 1497/1497/1497
f 1596/1596/1596 1598/1598/1598/ 1497/1497/1497
f 1596/1596/1596 1575/1575/1575/ 1598/1598/1598
f 1598/1598/1598 1575/1575/1575/ 1477/1477/1477
f 1575/1575/1575 1574/1574/1574/ 1477/1477/1477
f 1574/1574/1574 1575/1575/1575/ 1529/1529/1529
f 1529/1529/1529 1587/1587/1587/ 1574/1574/1574
f 1587/1587/1587 1479/1479/1479/ 1574/1574/1574
f 1589/1589/1589 1479/1479/1479/ 1587/1587/1587
f 1589/1589/1589 1587/1587/1587/ 1597/1597/1597
f 1566/1566/1566 1497/1497/1497/ 1599/1599/1599
f 1594/1594/1594 1599/1599/1599/ 1497/1497/1497
f 1497/1497/1497 1598/1598/1598/ 1594/1594/1594
f 1594/1594/1594 1598/1598/1598/ 1551/1551/1551
f 1551/1551/1551 1598/1598/1598/ 1518/1518/1518
f 1540/1540/1540 1551/1551/1551/ 1518/1518/1518
f 1540/1540/1540 1518/1518/1518/ 1403/1403/1403
f 1551/1551/1551 1599/1599/1599/ 1594/1594/1594
f 1541/1541/1541 1551/1551/1551/ 1540/1540/1540
f 1567/1567/1567 1541/1541/1541/ 1540/1540/1540
f 1567/1567/1567 1540/1540/1540/ 1402/1402/1402
f 1402/1402/1402 1540/1540/1540/ 1449/1449/1449
f 1449/1449/1449 1540/1540/1540/ 1452/1452/1452
f 1452/1452/1452 1540/1540/1540/ 1403/1403/1403
f 1573/1573/1573 1541/1541/1541/ 1567/1567/1567
f 1515/1515/1515 1573/1573/1573/ 1567/1567/1567
f 1515/1515/1515 1567/1567/1567/ 1401/1401/1401
f 1401/1401/1401 1567/1567/1567/ 1402/1402/1402
f 1401/1401/1401 1402/1402/1402/ 1382/1382/1382
f 1382/1382/1382 1402/1402/1402/ 1475/1475/1475
f 1402/1402/1402 1449/1449/1449/ 1475/1475/1475
f 1475/1475/1475 1449/1449/1449/ 1492/1492/1492
f 1449/1449/1449 1531/1531/1531/ 1492/1492/1492
f 1449/1449/1449 1452/1452/1452/ 1531/1531/1531
f 1516/1516/1516 1573/1573/1573/ 1515/1515/1515
f 1516/1516/1516 1515/1515/1515/ 1478/1478/1478
f 1478/1478/1478 1515/1515/1515/ 1466/1466/1466
f 1515/1515/1515 1401/1401/1401/ 1466/1466/1466
f 1466/1466/1466 1401/1401/1401/ 1440/1440/1440
f 1401/1401/1401 1382/1382/1382/ 1440/1440/1440
f 1440/1440/1440 1382/1382/1382/ 1348/1348/1348
f 1440/1440/1440 1348/1348/1348/ 1429/1429/1429
f 1429/1429/1429 1348/1348/1348/ 1349/1349/1349
f 1429/1429/1429 1349/1349/1349/ 1428/1428/1428
f 1428/1428/1428 1349/1349/1349/ 1350/1350/1350
f 1478/1478/1478 1466/1466/1466/ 1467/1467/1467
f 1467/1467/1467 1466/1466/1466/ 1441/1441/1441
f 1466/1466/1466 1440/1440/1440/ 1441/1441/1441
f 1441/1441/1441 1440/1440/1440/ 1429/1429/1429
f 1381/1381/1381 1441/1441/1441/ 1429/1429/1429
f 1381/1381/1381 1429/1429/1429/ 1428/1428/1428
f 1467/1467/1467 1441/1441/1441/ 1465/1465/1465
f 1428/1428/1428 1350/1350/1350/ 1362/1362/1362
f 1362/1362/1362 1350/1350/1350/ 1363/1363/1363
f 1362/1362/1362 1363/1363/1363/ 1355/1355/1355
f 1355/1355/1355 1363/1363/1363/ 1377/1377/1377
f 1492/1492/1492 1531/1531/1531/ 1386/1386/1386
f 1531/1531/1531 1388/1388/1388/ 1386/1386/1386
f 1531/1531/1531 1474/1474/1474/ 1388/1388/1388
f 1531/1531/1531 1452/1452/1452/ 1474/1474/1474
f 1452/1452/1452 1597/1597/1597/ 1474/1474/1474
f 1589/1589/1589 1597/1597/1597/ 1452/1452/1452
f 1595/1595/1595 1589/1589/1589/ 1452/1452/1452
f 1403/1403/1403 1595/1595/1595/ 1452/1452/1452
f 1386/1386/1386 1388/1388/1388/ 1385/1385/1385
f 1479/1479/1479 1589/1589/1589/ 1595/1595/1595
f 1595/1595/1595 1477/1477/1477/ 1479/1479/1479
f 1403/1403/1403 1477/1477/1477/ 1595/1595/1595
f 1403/1403/1403 1598/1598/1598/ 1477/1477/1477
f 1592/1592/1592 1598/1598/1598/ 1403/1403/1403
f 1477/1477/1477 1574/1574/1574/ 1479/1479/1479
f 1469/1469/1469 1405/1405/1405/ 1471/1471/1471
f 1405/1405/1405 1387/1387/1387/ 1471/1471/1471
f 1405/1405/1405 1583/1583/1583/ 1387/1387/1387
f 1446/1446/1446 1583/1583/1583/ 1405/1405/1405
f 1446/1446/1446 1481/1481/1481/ 1583/1583/1583
f 1585/1585/1585 1481/1481/1481/ 1446/1446/1446
f 1493/1493/1493 1585/1585/1585/ 1446/1446/1446
f 1471/1471/1471 1387/1387/1387/ 1389/1389/1389
f 1387/1387/1387 1582/1582/1582/ 1389/1389/1389
f 1387/1387/1387 1583/1583/1583/ 1582/1582/1582
f 1582/1582/1582 1583/1583/1583/ 1444/1444/1444
f 1583/1583/1583 1496/1496/1496/ 1444/1444/1444
f 1444/1444/1444 1496/1496/1496/ 1586/1586/1586
f 1496/1496/1496 1585/1585/1585/ 1586/1586/1586
f 1445/1445/1445 1586/1586/1586/ 1585/1585/1585
f 1445/1445/1445 1585/1585/1585/ 1493/1493/1493
f 1493/1493/1493 1528/1528/1528/ 1445/1445/1445
f 1389/1389/1389 1582/1582/1582/ 1400/1400/1400
f 1444/1444/1444 1579/1579/1579/ 1582/1582/1582
f 1494/1494/1494 1579/1579/1579/ 1444/1444/1444
f 1444/1444/1444 1586/1586/1586/ 1494/1494/1494
f 1494/1494/1494 1586/1586/1586/ 1576/1576/1576
f 1576/1576/1576 1586/1586/1586/ 1445/1445/1445
f 1528/1528/1528 1576/1576/1576/ 1445/1445/1445
f 1580/1580/1580 1576/1576/1576/ 1528/1528/1528
f 1576/1576/1576 1580/1580/1580/ 1494/1494/1494
f 1494/1494/1494 1580/1580/1580/ 1579/1579/1579
f 1580/1580/1580 1590/1590/1590/ 1579/1579/1579
f 1404/1404/1404 1542/1542/1542/ 1470/1470/1470
f 1542/1542/1542 1420/1420/1420/ 1470/1470/1470
f 1370/1370/1370 1371/1371/1371/ 1367/1367/1367
f 1370/1370/1370 1367/1367/1367/ 1368/1368/1368
f 1367/1367/1367 1347/1347/1347/ 1368/1368/1368
f 1347/1347/1347 1374/1374/1374/ 1368/1368/1368
f 1368/1368/1368 1374/1374/1374/ 1373/1373/1373
f 1374/1374/1374 1365/1365/1365/ 1373/1373/1373
f 1373/1373/1373 1365/1365/1365/ 1369/1369/1369
f 1365/1365/1365 1361/1361/1361/ 1369/1369/1369
f 1361/1361/1361 1366/1366/1366/ 1369/1369/1369
f 1369/1369/1369 1366/1366/1366/ 1351/1351/1351
f 1366/1366/1366 1438/1438/1438/ 1351/1351/1351
f 1351/1351/1351 1438/1438/1438/ 1434/1434/1434
f 1438/1438/1438 1408/1408/1408/ 1434/1434/1434
f 1409/1409/1409 1408/1408/1408/ 1438/1438/1438
f 1409/1409/1409 1417/1417/1417/ 1408/1408/1408
f 1472/1472/1472 1417/1417/1417/ 1409/1409/1409
f 1472/1472/1472 1394/1394/1394/ 1417/1417/1417
f 1394/1394/1394 1426/1426/1426/ 1417/1417/1417
f 1476/1476/1476 1426/1426/1426/ 1394/1394/1394
f 1476/1476/1476 1473/1473/1473/ 1426/1426/1426
f 1555/1555/1555 1473/1473/1473/ 1476/1476/1476
f 1577/1577/1577 1473/1473/1473/ 1555/1555/1555
f 1577/1577/1577 1578/1578/1578/ 1473/1473/1473
f 1577/1577/1577 1544/1544/1544/ 1578/1578/1578
f 1375/1375/1375 1357/1357/1357/ 1346/1346/1346
f 1357/1357/1357 1359/1359/1359/ 1346/1346/1346
f 1346/1346/1346 1359/1359/1359/ 1358/1358/1358
f 1359/1359/1359 1352/1352/1352/ 1358/1358/1358
f 1358/1358/1358 1352/1352/1352/ 1353/1353/1353
f 1352/1352/1352 1354/1354/1354/ 1353/1353/1353
f 1353/1353/1353 1354/1354/1354/ 1360/1360/1360
f 1354/1354/1354 1407/1407/1407/ 1360/1360/1360
f 1360/1360/1360 1407/1407/1407/ 1425/1425/1425
f 1407/1407/1407 1406/1406/1406/ 1425/1425/1425
f 1411/1411/1411 1406/1406/1406/ 1407/1407/1407
f 1411/1411/1411 1410/1410/1410/ 1406/1406/1406
f 1412/1412/1412 1410/1410/1410/ 1411/1411/1411
f 1412/1412/1412 1424/1424/1424/ 1410/1410/1410
f 1439/1439/1439 1424/1424/1424/ 1412/1412/1412
f 1439/1439/1439 1383/1383/1383/ 1424/1424/1424
f 1391/1391/1391 1383/1383/1383/ 1439/1439/1439
f 1391/1391/1391 1390/1390/1390/ 1383/1383/1383
f 1458/1458/1458 1395/1395/1395/ 1505/1505/1505
f 1570/1570/1570 1458/1458/1458/ 1505/1505/1505
f 1570/1570/1570 1505/1505/1505/ 1554/1554/1554
f 1554/1554/1554 1505/1505/1505/ 1536/1536/1536
f 1505/1505/1505 1557/1557/1557/ 1536/1536/1536
f 1571/1571/1571 1458/1458/1458/ 1570/1570/1570
f 1443/1443/1443 1571/1571/1571/ 1570/1570/1570
f 1443/1443/1443 1570/1570/1570/ 1554/1554/1554
f 1378/1378/1378 1443/1443/1443/ 1554/1554/1554
f 1526/1526/1526 1378/1378/1378/ 1554/1554/1554
f 1526/1526/1526 1554/1554/1554/ 1535/1535/1535
f 1535/1535/1535 1554/1554/1554/ 1534/1534/1534
f 1535/1535/1535 1534/1534/1534/ 1560/1560/1560
f 1601/1601/1601 1571/1571/1571/ 1443/1443/1443
f 1561/1561/1561 1571/1571/1571/ 1601/1601/1601
f 1563/1563/1563 1561/1561/1561/ 1601/1601/1601
f 1525/1525/1525 1561/1561/1561/ 1563/1563/1563
f 1556/1556/1556 1525/1525/1525/ 1563/1563/1563
f 1562/1562/1562 1525/1525/1525/ 1556/1556/1556
f 1562/1562/1562 1556/1556/1556/ 1629/1629/1629
f 1629/1629/1629 1556/1556/1556/ 1631/1631/1631
f 1548/1548/1548 1571/1571/1571/ 1561/1561/1561
f 1629/1629/1629 1631/1631/1631/ 1649/1649/1649
f 1649/1649/1649 1631/1631/1631/ 1612/1612/1612
f 1649/1649/1649 1612/1612/1612/ 1613/1613/1613
f 1613/1613/1613 1612/1612/1612/ 1648/1648/1648
f 1647/1647/1647 1613/1613/1613/ 1648/1648/1648
f 1652/1652/1652 1613/1613/1613/ 1647/1647/1647
f 1607/1607/1607 1652/1652/1652/ 1647/1647/1647
f 1647/1647/1647 1609/1609/1609/ 1607/1607/1607
f 1457/1457/1457 1609/1609/1609/ 1647/1647/1647
f 1447/1447/1447 1457/1457/1457/ 1647/1647/1647
f 1447/1447/1447 1647/1647/1647/ 1435/1435/1435
f 1435/1435/1435 1647/1647/1647/ 1511/1511/1511
f 1605/1605/1605 1652/1652/1652/ 1607/1607/1607
f 1605/1605/1605 1607/1607/1607/ 1608/1608/1608
f 1608/1608/1608 1607/1607/1607/ 1609/1609/1609
f 1661/1661/1661 1608/1608/1608/ 1609/1609/1609
f 1661/1661/1661 1609/1609/1609/ 1506/1506/1506
f 1506/1506/1506 1609/1609/1609/ 1457/1457/1457
f 1398/1398/1398 1506/1506/1506/ 1457/1457/1457
f 1398/1398/1398 1457/1457/1457/ 1447/1447/1447
f 1398/1398/1398 1447/1447/1447/ 1392/1392/1392
f 1447/1447/1447 1435/1435/1435/ 1392/1392/1392
f 1392/1392/1392 1435/1435/1435/ 1436/1436/1436
f 1436/1436/1436 1435/1435/1435/ 1437/1437/1437
f 1435/1435/1435 1511/1511/1511/ 1437/1437/1437
f 1437/1437/1437 1511/1511/1511/ 1456/1456/1456
f 1673/1673/1673 1608/1608/1608/ 1661/1661/1661
f 1673/1673/1673 1661/1661/1661/ 1676/1676/1676
f 1676/1676/1676 1661/1661/1661/ 1665/1665/1665
f 1454/1454/1454 1665/1665/1665/ 1661/1661/1661
f 1506/1506/1506 1454/1454/1454/ 1661/1661/1661
f 1462/1462/1462 1454/1454/1454/ 1506/1506/1506
f 1462/1462/1462 1506/1506/1506/ 1398/1398/1398
f 1462/1462/1462 1398/1398/1398/ 1463/1463/1463
f 1463/1463/1463 1398/1398/1398/ 1392/1392/1392
f 1463/1463/1463 1392/1392/1392/ 1565/1565/1565
f 1565/1565/1565 1392/1392/1392/ 1379/1379/1379
f 1392/1392/1392 1436/1436/1436/ 1379/1379/1379
f 1676/1676/1676 1665/1665/1665/ 1666/1666/1666
f 1610/1610/1610 1666/1666/1666/ 1665/1665/1665
f 1606/1606/1606 1666/1666/1666/ 1610/1610/1610
f 1677/1677/1677 1606/1606/1606/ 1610/1610/1610
f 1651/1651/1651 1606/1606/1606/ 1677/1677/1677
f 1651/1651/1651 1677/1677/1677/ 1695/1695/1695
f 1532/1532/1532 1463/1463/1463/ 1565/1565/1565
f 1462/1462/1462 1463/1463/1463/ 1454/1454/1454
f 1456/1456/1456 1450/1450/1450/ 1437/1437/1437
f 1437/1437/1437 1450/1450/1450/ 1504/1504/1504
f 1450/1450/1450 1527/1527/1527/ 1504/1504/1504
f 1504/1504/1504 1527/1527/1527/ 1448/1448/1448
f 1527/1527/1527 1513/1513/1513/ 1448/1448/1448
f 1448/1448/1448 1513/1513/1513/ 1507/1507/1507
f 1513/1513/1513 1512/1512/1512/ 1507/1507/1507
f 1507/1507/1507 1512/1512/1512/ 1443/1443/1443
f 1437/1437/1437 1504/1504/1504/ 1436/1436/1436
f 1436/1436/1436 1504/1504/1504/ 1431/1431/1431
f 1504/1504/1504 1448/1448/1448/ 1431/1431/1431
f 1431/1431/1431 1448/1448/1448/ 1508/1508/1508
f 1448/1448/1448 1507/1507/1507/ 1508/1508/1508
f 1508/1508/1508 1507/1507/1507/ 1378/1378/1378
f 1507/1507/1507 1443/1443/1443/ 1378/1378/1378
f 1533/1533/1533 1436/1436/1436/ 1431/1431/1431
f 1431/1431/1431 1508/1508/1508/ 1533/1533/1533
f 1533/1533/1533 1508/1508/1508/ 1517/1517/1517
f 1508/1508/1508 1378/1378/1378/ 1517/1517/1517
f 1517/1517/1517 1378/1378/1378/ 1552/1552/1552
f 1552/1552/1552 1378/1378/1378/ 1526/1526/1526
f 1553/1553/1553 1436/1436/1436/ 1533/1533/1533
f 1533/1533/1533 1509/1509/1509/ 1553/1553/1553
f 1533/1533/1533 1517/1517/1517/ 1509/1509/1509
f 1509/1509/1509 1517/1517/1517/ 1537/1537/1537
f 1517/1517/1517 1552/1552/1552/ 1537/1537/1537
f 1537/1537/1537 1552/1552/1552/ 1538/1538/1538
f 1552/1552/1552 1526/1526/1526/ 1538/1538/1538
f 1538/1538/1538 1526/1526/1526/ 1600/1600/1600
f 1526/1526/1526 1510/1510/1510/ 1600/1600/1600
f 1535/1535/1535 1510/1510/1510/ 1526/1526/1526
f 1379/1379/1379 1436/1436/1436/ 1553/1553/1553
f 1553/1553/1553 1543/1543/1543/ 1379/1379/1379
f 1553/1553/1553 1509/1509/1509/ 1543/1543/1543
f 1379/1379/1379 1543/1543/1543/ 1380/1380/1380
f 1380/1380/1380 1430/1430/1430/ 1379/1379/1379
f 1455/1455/1455 1430/1430/1430/ 1380/1380/1380
f 1454/1454/1454 1430/1430/1430/ 1455/1455/1455
f 1660/1660/1660 1454/1454/1454/ 1455/1455/1455
f 1674/1674/1674 1454/1454/1454/ 1660/1660/1660
f 1674/1674/1674 1660/1660/1660/ 1611/1611/1611
f 1665/1665/1665 1674/1674/1674/ 1611/1611/1611
f 1674/1674/1674 1665/1665/1665/ 1454/1454/1454
f 1535/1535/1535 1560/1560/1560/ 1510/1510/1510
f 1510/1510/1510 1560/1560/1560/ 1393/1393/1393
f 1393/1393/1393 1560/1560/1560/ 1549/1549/1549
f 1549/1549/1549 1560/1560/1560/ 1557/1557/1557
f 1560/1560/1560 1536/1536/1536/ 1557/1557/1557
f 1549/1549/1549 1453/1453/1453/ 1393/1393/1393
f 1522/1522/1522 1453/1453/1453/ 1549/1549/1549
f 1522/1522/1522 1549/1549/1549/ 1520/1520/1520
f 1520/1520/1520 1549/1549/1549/ 1557/1557/1557
f 1524/1524/1524 1520/1520/1520/ 1557/1557/1557
f 1523/1523/1523 1520/1520/1520/ 1524/1524/1524
f 1571/1571/1571 1523/1523/1523/ 1524/1524/1524
f 1564/1564/1564 1523/1523/1523/ 1571/1571/1571
f 1706/1706/1706 1633/1633/1633/ 1700/1700/1700
f 1633/1633/1633 1635/1635/1635/ 1700/1700/1700
f 1633/1633/1633 1763/1763/1763/ 1635/1635/1635
f 1633/1633/1633 1766/1766/1766/ 1763/1763/1763
f 1766/1766/1766 1765/1765/1765/ 1763/1763/1763
f 1675/1675/1675 1765/1765/1765/ 1766/1766/1766
f 1675/1675/1675 1772/1772/1772/ 1765/1765/1765
f 1699/1699/1699 1772/1772/1772/ 1675/1675/1675
f 1700/1700/1700 1635/1635/1635/ 1712/1712/1712
f 1635/1635/1635 1703/1703/1703/ 1712/1712/1712
f 1635/1635/1635 1736/1736/1736/ 1703/1703/1703
f 1635/1635/1635 1634/1634/1634/ 1736/1736/1736
f 1712/1712/1712 1703/1703/1703/ 1653/1653/1653
f 1703/1703/1703 1626/1626/1626/ 1653/1653/1653
f 1703/1703/1703 1708/1708/1708/ 1626/1626/1626
f 1703/1703/1703 1736/1736/1736/ 1708/1708/1708
f 1643/1643/1643 1708/1708/1708/ 1736/1736/1736
f 1643/1643/1643 1736/1736/1736/ 1735/1735/1735
f 1763/1763/1763 1735/1735/1735/ 1736/1736/1736
f 1763/1763/1763 1772/1772/1772/ 1735/1735/1735
f 1765/1765/1765 1772/1772/1772/ 1763/1763/1763
f 1653/1653/1653 1626/1626/1626/ 1654/1654/1654
f 1626/1626/1626 1658/1658/1658/ 1654/1654/1654
f 1626/1626/1626 1621/1621/1621/ 1658/1658/1658
f 1626/1626/1626 1708/1708/1708/ 1621/1621/1621
f 1708/1708/1708 1625/1625/1625/ 1621/1621/1621
f 1616/1616/1616 1625/1625/1625/ 1708/1708/1708
f 1616/1616/1616 1708/1708/1708/ 1643/1643/1643
f 1628/1628/1628 1616/1616/1616/ 1643/1643/1643
f 1628/1628/1628 1602/1602/1602/ 1616/1616/1616
f 1654/1654/1654 1658/1658/1658/ 1650/1650/1650
f 1650/1650/1650 1658/1658/1658/ 1678/1678/1678
f 1678/1678/1678 1658/1658/1658/ 1693/1693/1693
f 1693/1693/1693 1658/1658/1658/ 1689/1689/1689
f 1689/1689/1689 1658/1658/1658/ 1639/1639/1639
f 1658/1658/1658 1621/1621/1621/ 1639/1639/1639
f 1621/1621/1621 1625/1625/1625/ 1639/1639/1639
f 1639/1639/1639 1625/1625/1625/ 1694/1694/1694
f 1625/1625/1625 1604/1604/1604/ 1694/1694/1694
f 1602/1602/1602 1604/1604/1604/ 1625/1625/1625
f 1616/1616/1616 1602/1602/1602/ 1625/1625/1625
f 1678/1678/1678 1693/1693/1693/ 1679/1679/1679
f 1693/1693/1693 1662/1662/1662/ 1679/1679/1679
f 1693/1693/1693 1636/1636/1636/ 1662/1662/1662
f 1693/1693/1693 1689/1689/1689/ 1636/1636/1636
f 1689/1689/1689 1663/1663/1663/ 1636/1636/1636
f 1689/1689/1689 1694/1694/1694/ 1663/1663/1663
f 1639/1639/1639 1694/1694/1694/ 1689/1689/1689
f 1679/1679/1679 1662/1662/1662/ 1655/1655/1655
f 1655/1655/1655 1662/1662/1662/ 1711/1711/1711
f 1711/1711/1711 1662/1662/1662/ 1701/1701/1701
f 1701/1701/1701 1662/1662/1662/ 1684/1684/1684
f 1684/1684/1684 1662/1662/1662/ 1638/1638/1638
f 1662/1662/1662 1636/1636/1636/ 1638/1638/1638
f 1636/1636/1636 1637/1637/1637/ 1638/1638/1638
f 1664/1664/1664 1637/1637/1637/ 1636/1636/1636
f 1636/1636/1636 1663/1663/1663/ 1664/1664/1664
f 1711/1711/1711 1701/1701/1701/ 1713/1713/1713
f 1713/1713/1713 1701/1701/1701/ 1710/1710/1710
f 1710/1710/1710 1701/1701/1701/ 1745/1745/1745
f 1745/1745/1745 1701/1701/1701/ 1684/1684/1684
f 1684/1684/1684 1737/1737/1737/ 1745/1745/1745
f 1683/1683/1683 1737/1737/1737/ 1684/1684/1684
f 1638/1638/1638 1683/1683/1683/ 1684/1684/1684
f 1637/1637/1637 1683/1683/1683/ 1638/1638/1638
f 1671/1671/1671 1683/1683/1683/ 1637/1637/1637
f 1664/1664/1664 1671/1671/1671/ 1637/1637/1637
f 1713/1713/1713 1710/1710/1710/ 1646/1646/1646
f 1646/1646/1646 1710/1710/1710/ 1709/1709/1709
f 1709/1709/1709 1710/1710/1710/ 1771/1771/1771
f 1771/1771/1771 1710/1710/1710/ 1745/1745/1745
f 1745/1745/1745 1746/1746/1746/ 1771/1771/1771
f 1737/1737/1737 1746/1746/1746/ 1745/1745/1745
f 1646/1646/1646 1709/1709/1709/ 1705/1705/1705
f 1705/1705/1705 1709/1709/1709/ 1702/1702/1702
f 1702/1702/1702 1709/1709/1709/ 1749/1749/1749
f 1749/1749/1749 1709/1709/1709/ 1771/1771/1771
f 1771/1771/1771 1739/1739/1739/ 1749/1749/1749
f 1771/1771/1771 1746/1746/1746/ 1739/1739/1739
f 1705/1705/1705 1702/1702/1702/ 1704/1704/1704
f 1704/1704/1704 1702/1702/1702/ 1680/1680/1680
f 1680/1680/1680 1702/1702/1702/ 1681/1681/1681
f 1681/1681/1681 1702/1702/1702/ 1749/1749/1749
f 1704/1704/1704 1680/1680/1680/ 1695/1695/1695
f 1680/1680/1680 1681/1681/1681/ 1695/1695/1695
f 1604/1604/1604 1663/1663/1663/ 1694/1694/1694
f 1642/1642/1642 1663/1663/1663/ 1604/1604/1604
f 1604/1604/1604 1640/1640/1640/ 1642/1642/1642
f 1715/1715/1715 1640/1640/1640/ 1604/1604/1604
f 1715/1715/1715 1604/1604/1604/ 1602/1602/1602
f 1716/1716/1716 1715/1715/1715/ 1602/1602/1602
f 1717/1717/1717 1716/1716/1716/ 1602/1602/1602
f 1717/1717/1717 1602/1602/1602/ 1615/1615/1615
f 1642/1642/1642 1664/1664/1664/ 1663/1663/1663
f 1672/1672/1672 1664/1664/1664/ 1642/1642/1642
f 1641/1641/1641 1672/1672/1672/ 1642/1642/1642
f 1642/1642/1642 1640/1640/1640/ 1641/1641/1641
f 1687/1687/1687 1641/1641/1641/ 1640/1640/1640
f 1687/1687/1687 1640/1640/1640/ 1659/1659/1659
f 1659/1659/1659 1640/1640/1640/ 1715/1715/1715
f 1672/1672/1672 1671/1671/1671/ 1664/1664/1664
f 1670/1670/1670 1671/1671/1671/ 1672/1672/1672
f 1670/1670/1670 1672/1672/1672/ 1641/1641/1641
f 1624/1624/1624 1670/1670/1670/ 1641/1641/1641
f 1624/1624/1624 1641/1641/1641/ 1687/1687/1687
f 1714/1714/1714 1671/1671/1671/ 1670/1670/1670
f 1618/1618/1618 1714/1714/1714/ 1670/1670/1670
f 1618/1618/1618 1670/1670/1670/ 1624/1624/1624
f 1714/1714/1714 1753/1753/1753/ 1671/1671/1671
f 1714/1714/1714 1620/1620/1620/ 1753/1753/1753
f 1619/1619/1619 1620/1620/1620/ 1714/1714/1714
f 1619/1619/1619 1714/1714/1714/ 1618/1618/1618
f 1671/1671/1671 1753/1753/1753/ 1754/1754/1754
f 1753/1753/1753 1744/1744/1744/ 1754/1754/1754
f 1753/1753/1753 1725/1725/1725/ 1744/1744/1744
f 1620/1620/1620 1725/1725/1725/ 1753/1753/1753
f 1754/1754/1754 1683/1683/1683/ 1671/1671/1671
f 1754/1754/1754 1668/1668/1668/ 1683/1683/1683
f 1752/1752/1752 1668/1668/1668/ 1754/1754/1754
f 1773/1773/1773 1752/1752/1752/ 1754/1754/1754
f 1744/1744/1744 1773/1773/1773/ 1754/1754/1754
f 1744/1744/1744 1685/1685/1685/ 1773/1773/1773
f 1725/1725/1725 1685/1685/1685/ 1744/1744/1744
f 1752/1752/1752 1667/1667/1667/ 1668/1668/1668
f 1733/1733/1733 1717/1717/1717/ 1615/1615/1615
f 1615/1615/1615 1643/1643/1643/ 1733/1733/1733
f 1643/1643/1643 1735/1735/1735/ 1733/1733/1733
f 1735/1735/1735 1732/1732/1732/ 1733/1733/1733
f 1772/1772/1772 1732/1732/1732/ 1735/1735/1735
f 1699/1699/1699 1732/1732/1732/ 1772/1772/1772
f 1698/1698/1698 1732/1732/1732/ 1699/1699/1699
f 1698/1698/1698 1743/1743/1743/ 1732/1732/1732
f 1645/1645/1645 1743/1743/1743/ 1698/1698/1698
f 1733/1733/1733 1732/1732/1732/ 1742/1742/1742
f 1742/1742/1742 1732/1732/1732/ 1743/1743/1743
f 1742/1742/1742 1743/1743/1743/ 1734/1734/1734
f 1734/1734/1734 1743/1743/1743/ 1759/1759/1759
f 1645/1645/1645 1759/1759/1759/ 1743/1743/1743
f 1644/1644/1644 1759/1759/1759/ 1645/1645/1645
f 1759/1759/1759 1760/1760/1760/ 1734/1734/1734
f 1697/1697/1697 1760/1760/1760/ 1759/1759/1759
f 1682/1682/1682 1760/1760/1760/ 1697/1697/1697
f 1682/1682/1682 1758/1758/1758/ 1760/1760/1760
f 1696/1696/1696 1758/1758/1758/ 1682/1682/1682
f 1696/1696/1696 1764/1764/1764/ 1758/1758/1758
f 1630/1630/1630 1764/1764/1764/ 1696/1696/1696
f 1734/1734/1734 1760/1760/1760/ 1761/1761/1761
f 1761/1761/1761 1760/1760/1760/ 1741/1741/1741
f 1741/1741/1741 1760/1760/1760/ 1758/1758/1758
f 1741/1741/1741 1758/1758/1758/ 1762/1762/1762
f 1762/1762/1762 1758/1758/1758/ 1764/1764/1764
f 1764/1764/1764 1767/1767/1767/ 1762/1762/1762
f 1630/1630/1630 1767/1767/1767/ 1764/1764/1764
f 1632/1632/1632 1767/1767/1767/ 1630/1630/1630
f 1632/1632/1632 1768/1768/1768/ 1767/1767/1767
f 1627/1627/1627 1768/1768/1768/ 1632/1632/1632
f 1761/1761/1761 1715/1715/1715/ 1734/1734/1734
f 1734/1734/1734 1715/1715/1715/ 1716/1716/1716
f 1734/1734/1734 1716/1716/1716/ 1688/1688/1688
f 1688/1688/1688 1716/1716/1716/ 1717/1717/1717
f 1688/1688/1688 1717/1717/1717/ 1686/1686/1686
f 1762/1762/1762 1767/1767/1767/ 1775/1775/1775
f 1767/1767/1767 1768/1768/1768/ 1775/1775/1775
f 1775/1775/1775 1768/1768/1768/ 1774/1774/1774
f 1768/1768/1768 1726/1726/1726/ 1774/1774/1774
f 1627/1627/1627 1726/1726/1726/ 1768/1768/1768
f 1614/1614/1614 1726/1726/1726/ 1627/1627/1627
f 1614/1614/1614 1723/1723/1723/ 1726/1726/1726
f 1669/1669/1669 1723/1723/1723/ 1614/1614/1614
f 1669/1669/1669 1707/1707/1707/ 1723/1723/1723
f 1617/1617/1617 1707/1707/1707/ 1669/1669/1669
f 1774/1774/1774 1726/1726/1726/ 1730/1730/1730
f 1730/1730/1730 1726/1726/1726/ 1725/1725/1725
f 1725/1725/1725 1726/1726/1726/ 1723/1723/1723
f 1725/1725/1725 1723/1723/1723/ 1721/1721/1721
f 1721/1721/1721 1723/1723/1723/ 1724/1724/1724
f 1724/1724/1724 1776/1776/1776/ 1721/1721/1721
f 1692/1692/1692 1776/1776/1776/ 1724/1724/1724
f 1690/1690/1690 1776/1776/1776/ 1692/1692/1692
f 1690/1690/1690 1770/1770/1770/ 1776/1776/1776
f 1691/1691/1691 1770/1770/1770/ 1690/1690/1690
f 1721/1721/1721 1769/1769/1769/ 1725/1725/1725
f 1721/1721/1721 1776/1776/1776/ 1769/1769/1769
f 1769/1769/1769 1776/1776/1776/ 1720/1720/1720
f 1720/1720/1720 1776/1776/1776/ 1770/1770/1770
f 1770/1770/1770 1719/1719/1719/ 1720/1720/1720
f 1691/1691/1691 1719/1719/1719/ 1770/1770/1770
f 1623/1623/1623 1719/1719/1719/ 1691/1691/1691
f 1623/1623/1623 1657/1657/1657/ 1719/1719/1719
f 1719/1719/1719 1657/1657/1657/ 1718/1718/1718
f 1657/1657/1657 1656/1656/1656/ 1718/1718/1718
f 1725/1725/1725 1769/1769/1769/ 1685/1685/1685
f 1769/1769/1769 1603/1603/1603/ 1685/1685/1685
f 1720/1720/1720 1603/1603/1603/ 1769/1769/1769
f 1746/1746/1746 1603/1603/1603/ 1720/1720/1720
f 1720/1720/1720 1731/1731/1731/ 1746/1746/1746
f 1720/1720/1720 1719/1719/1719/ 1731/1731/1731
f 1731/1731/1731 1719/1719/1719/ 1718/1718/1718
f 1731/1731/1731 1718/1718/1718/ 1749/1749/1749
f 1749/1749/1749 1718/1718/1718/ 1728/1728/1728
f 1718/1718/1718 1656/1656/1656/ 1728/1728/1728
f 1656/1656/1656 1622/1622/1622/ 1728/1728/1728
f 1685/1685/1685 1603/1603/1603/ 1773/1773/1773
f 1773/1773/1773 1603/1603/1603/ 1750/1750/1750
f 1746/1746/1746 1750/1750/1750/ 1603/1603/1603
f 1752/1752/1752 1750/1750/1750/ 1746/1746/1746
f 1750/1750/1750 1752/1752/1752/ 1773/1773/1773
f 1749/1749/1749 1728/1728/1728/ 1729/1729/1729
f 1729/1729/1729 1728/1728/1728/ 1777/1777/1777
f 1728/1728/1728 1622/1622/1622/ 1777/1777/1777
f 1777/1777/1777 1622/1622/1622/ 1727/1727/1727
f 1729/1729/1729 1777/1777/1777/ 1727/1727/1727
f 1739/1739/1739 1731/1731/1731/ 1749/1749/1749
f 1746/1746/1746 1731/1731/1731/ 1739/1739/1739
f 1875/1875/1875 1722/1722/1722/ 1748/1748/1748
f 1873/1873/1873 1722/1722/1722/ 1875/1875/1875
f 1875/1875/1875 1874/1874/1874/ 1873/1873/1873
f 1870/1870/1870 1874/1874/1874/ 1875/1875/1875
f 1870/1870/1870 1871/1871/1871/ 1874/1874/1874
f 1865/1865/1865 1871/1871/1871/ 1870/1870/1870
f 1865/1865/1865 1864/1864/1864/ 1871/1871/1871
f 1860/1860/1860 1864/1864/1864/ 1865/1865/1865
f 1865/1865/1865 1862/1862/1862/ 1860/1860/1860
f 1751/1751/1751 1778/1778/1778/ 1738/1738/1738
f 1751/1751/1751 1738/1738/1738/ 1869/1869/1869
f 1869/1869/1869 1738/1738/1738/ 1868/1868/1868
f 1869/1869/1869 1868/1868/1868/ 1852/1852/1852
f 1852/1852/1852 1868/1868/1868/ 1856/1856/1856
f 1852/1852/1852 1856/1856/1856/ 1857/1857/1857
f 1857/1857/1857 1856/1856/1856/ 1859/1859/1859
f 1857/1857/1857 1859/1859/1859/ 1858/1858/1858
f 1859/1859/1859 1863/1863/1863/ 1858/1858/1858
f 1858/1858/1858 1863/1863/1863/ 1861/1861/1861
f 1863/1863/1863 1848/1848/1848/ 1861/1861/1861
f 1849/1849/1849 1848/1848/1848/ 1863/1863/1863
f 1852/1852/1852 1857/1857/1857/ 1855/1855/1855
f 1855/1855/1855 1857/1857/1857/ 1853/1853/1853
f 1853/1853/1853 1857/1857/1857/ 1858/1858/1858
f 1858/1858/1858 1861/1861/1861/ 1853/1853/1853
f 1853/1853/1853 1861/1861/1861/ 1854/1854/1854
f 1848/1848/1848 1849/1849/1849/ 1867/1867/1867
f 1850/1850/1850 1861/1861/1861/ 1848/1848/1848
f 1872/1872/1872 1810/1810/1810/ 1932/1932/1932
f 1803/1803/1803 1810/1810/1810/ 1872/1872/1872
f 1822/1822/1822 1803/1803/1803/ 1872/1872/1872
f 1795/1795/1795 1803/1803/1803/ 1822/1822/1822
f 1822/1822/1822 1798/1798/1798/ 1795/1795/1795
f 1910/1910/1910 1798/1798/1798/ 1822/1822/1822
f 1910/1910/1910 1897/1897/1897/ 1798/1798/1798
f 1944/1944/1944 1897/1897/1897/ 1910/1910/1910
f 1810/1810/1810 1803/1803/1803/ 1790/1790/1790
f 1803/1803/1803 1795/1795/1795/ 1790/1790/1790
f 1790/1790/1790 1795/1795/1795/ 1807/1807/1807
f 1807/1807/1807 1795/1795/1795/ 1892/1892/1892
f 1892/1892/1892 1795/1795/1795/ 1798/1798/1798
f 1892/1892/1892 1798/1798/1798/ 1799/1799/1799
f 1799/1799/1799 1798/1798/1798/ 1897/1897/1897
f 1799/1799/1799 1897/1897/1897/ 1788/1788/1788
f 1788/1788/1788 1897/1897/1897/ 1814/1814/1814
f 1944/1944/1944 1814/1814/1814/ 1897/1897/1897
f 1811/1811/1811 1814/1814/1814/ 1944/1944/1944
f 1791/1791/1791 1810/1810/1810/ 1790/1790/1790
f 1791/1791/1791 1790/1790/1790/ 1901/1901/1901
f 1901/1901/1901 1790/1790/1790/ 1807/1807/1807
f 1892/1892/1892 1901/1901/1901/ 1807/1807/1807
f 1805/1805/1805 1901/1901/1901/ 1892/1892/1892
f 1801/1801/1801 1805/1805/1805/ 1892/1892/1892
f 1806/1806/1806 1801/1801/1801/ 1892/1892/1892
f 1892/1892/1892 1799/1799/1799/ 1806/1806/1806
f 1802/1802/1802 1810/1810/1810/ 1791/1791/1791
f 1802/1802/1802 1791/1791/1791/ 1800/1800/1800
f 1800/1800/1800 1791/1791/1791/ 1901/1901/1901
f 1901/1901/1901 1805/1805/1805/ 1800/1800/1800
f 1800/1800/1800 1805/1805/1805/ 1899/1899/1899
f 1805/1805/1805 1928/1928/1928/ 1899/1899/1899
f 1928/1928/1928 1805/1805/1805/ 1801/1801/1801
f 1794/1794/1794 1810/1810/1810/ 1802/1802/1802
f 1899/1899/1899 1928/1928/1928/ 1898/1898/1898
f 1928/1928/1928 1934/1934/1934/ 1898/1898/1898
f 1928/1928/1928 1926/1926/1926/ 1934/1934/1934
f 1926/1926/1926 1928/1928/1928/ 1801/1801/1801
f 1926/1926/1926 1801/1801/1801/ 1927/1927/1927
f 1927/1927/1927 1801/1801/1801/ 1900/1900/1900
f 1900/1900/1900 1801/1801/1801/ 1806/1806/1806
f 1900/1900/1900 1806/1806/1806/ 1804/1804/1804
f 1806/1806/1806 1797/1797/1797/ 1804/1804/1804
f 1806/1806/1806 1799/1799/1799/ 1797/1797/1797
f 1898/1898/1898 1934/1934/1934/ 1896/1896/1896
f 1900/1900/1900 1925/1925/1925/ 1927/1927/1927
f 1804/1804/1804 1925/1925/1925/ 1900/1900/1900
f 1804/1804/1804 1797/1797/1797/ 1925/1925/1925
f 1925/1925/1925 1797/1797/1797/ 1792/1792/1792
f 1797/1797/1797 1799/1799/1799/ 1792/1792/1792
f 1792/1792/1792 1799/1799/1799/ 1788/1788/1788
f 1788/1788/1788 1814/1814/1814/ 1792/1792/1792
f 1792/1792/1792 1814/1814/1814/ 1811/1811/1811
f 1927/1927/1927 1934/1934/1934/ 1926/1926/1926
f 1815/1815/1815 1934/1934/1934/ 1927/1927/1927
f 1932/1932/1932 1793/1793/1793/ 1812/1812/1812
f 1812/1812/1812 1793/1793/1793/ 1789/1789/1789
f 1789/1789/1789 1813/1813/1813/ 1812/1812/1812
f 1812/1812/1812 1813/1813/1813/ 1808/1808/1808
f 1813/1813/1813 1894/1894/1894/ 1808/1808/1808
f 1808/1808/1808 1894/1894/1894/ 1895/1895/1895
f 1894/1894/1894 1904/1904/1904/ 1895/1895/1895
f 1895/1895/1895 1904/1904/1904/ 1902/1902/1902
f 1904/1904/1904 1809/1809/1809/ 1902/1902/1902
f 1902/1902/1902 1809/1809/1809/ 1811/1811/1811
f 1809/1809/1809 1905/1905/1905/ 1811/1811/1811
f 1811/1811/1811 1905/1905/1905/ 1903/1903/1903
f 1905/1905/1905 1893/1893/1893/ 1903/1903/1903
f 1893/1893/1893 1891/1891/1891/ 1903/1903/1903
f 1891/1891/1891 1890/1890/1890/ 1903/1903/1903
f 1933/1933/1933 1935/1935/1935/ 1932/1932/1932
f 1930/1930/1930 1933/1933/1933/ 1932/1932/1932
f 1931/1931/1931 1933/1933/1933/ 1930/1930/1930
f 1931/1931/1931 1930/1930/1930/ 1929/1929/1929
f 1929/1929/1929 1930/1930/1930/ 1914/1914/1914
f 1929/1929/1929 1914/1914/1914/ 1913/1913/1913
f 1913/1913/1913 1914/1914/1914/ 1909/1909/1909
f 1913/1913/1913 1909/1909/1909/ 1887/1887/1887
f 1887/1887/1887 1909/1909/1909/ 1886/1886/1886
f 1887/1887/1887 1886/1886/1886/ 1816/1816/1816
f 1816/1816/1816 1886/1886/1886/ 1815/1815/1815
f 1816/1816/1816 1815/1815/1815/ 1786/1786/1786
f 1786/1786/1786 1815/1815/1815/ 1781/1781/1781
f 1779/1779/1779 1786/1786/1786/ 1781/1781/1781
f 1996/1996/1996 1779/1779/1779/ 1781/1781/1781
f 1826/1826/1826 1843/1843/1843/ 1842/1842/1842
f 1842/1842/1842 1843/1843/1843/ 1972/1972/1972
f 1842/1842/1842 1972/1972/1972/ 1825/1825/1825
f 1825/1825/1825 1972/1972/1972/ 2004/2004/2004
f 2004/2004/2004 1972/1972/1972/ 1974/1974/1974
f 1974/1974/1974 1972/1972/1972/ 1998/1998/1998
f 1972/1972/1972 1976/1976/1976/ 1998/1998/1998
f 1976/1976/1976 1996/1996/1996/ 1998/1998/1998
f 1841/1841/1841 1996/1996/1996/ 1976/1976/1976
f 1825/1825/1825 2004/2004/2004/ 1820/1820/1820
f 1820/1820/1820 2004/2004/2004/ 2010/2010/2010
f 2010/2010/2010 2004/2004/2004/ 1970/1970/1970
f 1970/1970/1970 2004/2004/2004/ 1974/1974/1974
f 1820/1820/1820 2010/2010/2010/ 1782/1782/1782
f 1782/1782/1782 2010/2010/2010/ 2008/2008/2008
f 2008/2008/2008 2010/2010/2010/ 2009/2009/2009
f 2009/2009/2009 2010/2010/2010/ 1970/1970/1970
f 1782/1782/1782 2008/2008/2008/ 1780/1780/1780
f 1780/1780/1780 2008/2008/2008/ 2007/2007/2007
f 2007/2007/2007 2008/2008/2008/ 1965/1965/1965
f 1965/1965/1965 2008/2008/2008/ 2009/2009/2009
f 1780/1780/1780 2007/2007/2007/ 1835/1835/1835
f 1835/1835/1835 2007/2007/2007/ 1964/1964/1964
f 1964/1964/1964 2007/2007/2007/ 1963/1963/1963
f 1963/1963/1963 2007/2007/2007/ 1965/1965/1965
f 1835/1835/1835 1964/1964/1964/ 1787/1787/1787
f 1787/1787/1787 1964/1964/1964/ 1966/1966/1966
f 1963/1963/1963 1966/1966/1966/ 1964/1964/1964
f 1968/1968/1968 1966/1966/1966/ 1963/1963/1963
f 1969/1969/1969 1966/1966/1966/ 1968/1968/1968
f 1821/1821/1821 1966/1966/1966/ 1969/1969/1969
f 1787/1787/1787 1966/1966/1966/ 1821/1821/1821
f 1844/1844/1844 1846/1846/1846/ 1847/1847/1847
f 1847/1847/1847 1846/1846/1846/ 1845/1845/1845
f 1828/1828/1828 1827/1827/1827/ 1940/1940/1940
f 1940/1940/1940 1827/1827/1827/ 1924/1924/1924
f 1827/1827/1827 1829/1829/1829/ 1924/1924/1924
f 1924/1924/1924 1829/1829/1829/ 1936/1936/1936
f 1829/1829/1829 1830/1830/1830/ 1936/1936/1936
f 1936/1936/1936 1830/1830/1830/ 1912/1912/1912
f 1830/1830/1830 1831/1831/1831/ 1912/1912/1912
f 1940/1940/1940 1924/1924/1924/ 1939/1939/1939
f 1924/1924/1924 1938/1938/1938/ 1939/1939/1939
f 1936/1936/1936 1938/1938/1938/ 1924/1924/1924
f 1936/1936/1936 1911/1911/1911/ 1938/1938/1938
f 1912/1912/1912 1911/1911/1911/ 1936/1936/1936
f 1912/1912/1912 1889/1889/1889/ 1911/1911/1911
f 1882/1882/1882 1889/1889/1889/ 1912/1912/1912
f 1912/1912/1912 1831/1831/1831/ 1882/1882/1882
f 1831/1831/1831 1839/1839/1839/ 1882/1882/1882
f 1943/1943/1943 1940/1940/1940/ 1939/1939/1939
f 1937/1937/1937 1943/1943/1943/ 1939/1939/1939
f 1882/1882/1882 1923/1923/1923/ 1889/1889/1889
f 1881/1881/1881 1923/1923/1923/ 1882/1882/1882
f 1882/1882/1882 1839/1839/1839/ 1881/1881/1881
f 1839/1839/1839 1840/1840/1840/ 1881/1881/1881
f 1881/1881/1881 1840/1840/1840/ 1888/1888/1888
f 1840/1840/1840 1838/1838/1838/ 1888/1888/1888
f 1888/1888/1888 1838/1838/1838/ 1908/1908/1908
f 1838/1838/1838 1837/1837/1837/ 1908/1908/1908
f 1908/1908/1908 1837/1837/1837/ 1906/1906/1906
f 1881/1881/1881 1785/1785/1785/ 1923/1923/1923
f 1888/1888/1888 1785/1785/1785/ 1881/1881/1881
f 1888/1888/1888 1908/1908/1908/ 1785/1785/1785
f 1785/1785/1785 1908/1908/1908/ 1968/1968/1968
f 1908/1908/1908 1906/1906/1906/ 1907/1907/1907
f 1942/1942/1942 1884/1884/1884/ 1968/1968/1968
f 1878/1878/1878 1884/1884/1884/ 1942/1942/1942
f 1878/1878/1878 1942/1942/1942/ 1919/1919/1919
f 1942/1942/1942 1941/1941/1941/ 1919/1919/1919
f 1941/1941/1941 1942/1942/1942/ 1824/1824/1824
f 1824/1824/1824 1942/1942/1942/ 1907/1907/1907
f 1878/1878/1878 1834/1834/1834/ 1884/1884/1884
f 1880/1880/1880 1834/1834/1834/ 1878/1878/1878
f 1878/1878/1878 1919/1919/1919/ 1880/1880/1880
f 1880/1880/1880 1919/1919/1919/ 1915/1915/1915
f 1919/1919/1919 1916/1916/1916/ 1915/1915/1915
f 1941/1941/1941 1916/1916/1916/ 1919/1919/1919
f 1916/1916/1916 1941/1941/1941/ 1836/1836/1836
f 1836/1836/1836 1941/1941/1941/ 1824/1824/1824
f 1880/1880/1880 1879/1879/1879/ 1834/1834/1834
f 1879/1879/1879 1880/1880/1880/ 1917/1917/1917
f 1917/1917/1917 1880/1880/1880/ 1915/1915/1915
f 1915/1915/1915 1916/1916/1916/ 1917/1917/1917
f 1917/1917/1917 1916/1916/1916/ 1918/1918/1918
f 1916/1916/1916 1836/1836/1836/ 1918/1918/1918
f 1918/1918/1918 1836/1836/1836/ 1885/1885/1885
f 1918/1918/1918 1885/1885/1885/ 2006/2006/2006
f 2006/2006/2006 1885/1885/1885/ 1883/1883/1883
f 1834/1834/1834 1879/1879/1879/ 1833/1833/1833
f 1879/1879/1879 1783/1783/1783/ 1833/1833/1833
f 1783/1783/1783 1879/1879/1879/ 1819/1819/1819
f 1819/1819/1819 1879/1879/1879/ 1917/1917/1917
f 1917/1917/1917 1921/1921/1921/ 1819/1819/1819
f 1917/1917/1917 1823/1823/1823/ 1921/1921/1921
f 1918/1918/1918 1823/1823/1823/ 1917/1917/1917
f 2006/2006/2006 1823/1823/1823/ 1918/1918/1918
f 2006/2006/2006 1967/1967/1967/ 1823/1823/1823
f 1967/1967/1967 2006/2006/2006/ 2000/2000/2000
f 2006/2006/2006 1883/1883/1883/ 2000/2000/2000
f 2000/2000/2000 1883/1883/1883/ 1832/1832/1832
f 1833/1833/1833 1783/1783/1783/ 1817/1817/1817
f 1783/1783/1783 1877/1877/1877/ 1817/1817/1817
f 1783/1783/1783 1876/1876/1876/ 1877/1877/1877
f 1783/1783/1783 1819/1819/1819/ 1876/1876/1876
f 1876/1876/1876 1819/1819/1819/ 1784/1784/1784
f 1784/1784/1784 1819/1819/1819/ 1818/1818/1818
f 1819/1819/1819 1921/1921/1921/ 1818/1818/1818
f 1818/1818/1818 1921/1921/1921/ 1945/1945/1945
f 1921/1921/1921 1920/1920/1920/ 1945/1945/1945
f 1921/1921/1921 1823/1823/1823/ 1920/1920/1920
f 1817/1817/1817 1877/1877/1877/ 1938/1938/1938
f 1877/1877/1877 1784/1784/1784/ 1938/1938/1938
f 1876/1876/1876 1784/1784/1784/ 1877/1877/1877
f 1818/1818/1818 1922/1922/1922/ 1784/1784/1784
f 1945/1945/1945 1922/1922/1922/ 1818/1818/1818
f 1945/1945/1945 1920/1920/1920/ 1922/1922/1922
f 1922/1922/1922 1920/1920/1920/ 1999/1999/1999
f 1823/1823/1823 1999/1999/1999/ 1920/1920/1920
f 1967/1967/1967 1999/1999/1999/ 1823/1823/1823
f 1967/1967/1967 2000/2000/2000/ 1999/1999/1999
f 1999/1999/1999 2000/2000/2000/ 1974/1974/1974
f 1987/1987/1987 2005/2005/2005/ 1988/1988/1988
f 2021/2021/2021 1987/1987/1987/ 1988/1988/1988
f 2021/2021/2021 1988/1988/1988/ 1975/1975/1975
f 1975/1975/1975 1988/1988/1988/ 2011/2011/2011
f 2011/2011/2011 1988/1988/1988/ 2013/2013/2013
f 1997/1997/1997 2013/2013/2013/ 1988/1988/1988
f 2002/2002/2002 2013/2013/2013/ 1997/1997/1997
f 1997/1997/1997 2034/2034/2034/ 2002/2002/2002
f 1983/1983/1983 1987/1987/1987/ 2021/2021/2021
f 2018/2018/2018 1987/1987/1987/ 1983/1983/1983
f 1986/1986/1986 2018/2018/2018/ 1983/1983/1983
f 1985/1985/1985 2018/2018/2018/ 1986/1986/1986
f 1985/1985/1985 1986/1986/1986/ 2019/2019/2019
f 1986/1986/1986 2022/2022/2022/ 2019/2019/2019
f 2019/2019/2019 2022/2022/2022/ 1991/1991/1991
f 2022/2022/2022 1992/1992/1992/ 1991/1991/1991
f 1991/1991/1991 1992/1992/1992/ 2020/2020/2020
f 1992/1992/1992 1977/1977/1977/ 2020/2020/2020
f 2014/2014/2014 1977/1977/1977/ 1992/1992/1992
f 2003/2003/2003 1977/1977/1977/ 2014/2014/2014
f 2003/2003/2003 2014/2014/2014/ 1994/1994/1994
f 1994/1994/1994 2014/2014/2014/ 1993/1993/1993
f 1993/1993/1993 1995/1995/1995/ 1994/1994/1994
f 1993/1993/1993 2023/2023/2023/ 1995/1995/1995
f 1984/1984/1984 2023/2023/2023/ 1993/1993/1993
f 2017/2017/2017 2023/2023/2023/ 1984/1984/1984
f 1984/1984/1984 1978/1978/1978/ 2017/2017/2017
f 1954/1954/1954 1978/1978/1978/ 1984/1984/1984
f 1990/1990/1990 1954/1954/1954/ 1984/1984/1984
f 1952/1952/1952 1954/1954/1954/ 1990/1990/1990
f 1990/1990/1990 1957/1957/1957/ 1952/1952/1952
f 1989/1989/1989 1957/1957/1957/ 1990/1990/1990
f 1954/1954/1954 2094/2094/2094/ 1978/1978/1978
f 2139/2139/2139 2094/2094/2094/ 1954/1954/1954
f 1954/1954/1954 1952/1952/1952/ 2139/2139/2139
f 2139/2139/2139 1952/1952/1952/ 2109/2109/2109
f 1952/1952/1952 2111/2111/2111/ 2109/2109/2109
f 1957/1957/1957 2111/2111/2111/ 1952/1952/1952
f 1957/1957/1957 2105/2105/2105/ 2111/2111/2111
f 1981/1981/1981 2105/2105/2105/ 1957/1957/1957
f 1979/1979/1979 1981/1981/1981/ 1957/1957/1957
f 1989/1989/1989 1979/1979/1979/ 1957/1957/1957
f 2139/2139/2139 2241/2241/2241/ 2094/2094/2094
f 2139/2139/2139 2221/2221/2221/ 2241/2241/2241
f 2109/2109/2109 2221/2221/2221/ 2139/2139/2139
f 2109/2109/2109 2111/2111/2111/ 2221/2221/2221
f 2221/2221/2221 2111/2111/2111/ 2107/2107/2107
f 2105/2105/2105 2107/2107/2107/ 2111/2111/2111
f 2094/2094/2094 2241/2241/2241/ 2101/2101/2101
f 2241/2241/2241 2104/2104/2104/ 2101/2101/2101
f 2241/2241/2241 2088/2088/2088/ 2104/2104/2104
f 2221/2221/2221 2088/2088/2088/ 2241/2241/2241
f 2107/2107/2107 2088/2088/2088/ 2221/2221/2221
f 2107/2107/2107 2089/2089/2089/ 2088/2088/2088
f 2056/2056/2056 2089/2089/2089/ 2107/2107/2107
f 2107/2107/2107 2102/2102/2102/ 2056/2056/2056
f 2102/2102/2102 2107/2107/2107/ 2105/2105/2105
f 2101/2101/2101 2104/2104/2104/ 2099/2099/2099
f 2104/2104/2104 2075/2075/2075/ 2099/2099/2099
f 2060/2060/2060 2075/2075/2075/ 2104/2104/2104
f 2075/2075/2075 2060/2060/2060/ 2058/2058/2058
f 2058/2058/2058 2060/2060/2060/ 2042/2042/2042
f 2060/2060/2060 2083/2083/2083/ 2042/2042/2042
f 2042/2042/2042 2083/2083/2083/ 2082/2082/2082
f 2082/2082/2082 2083/2083/2083/ 2084/2084/2084
f 2084/2084/2084 2083/2083/2083/ 2092/2092/2092
f 2084/2084/2084 2092/2092/2092/ 2059/2059/2059
f 2059/2059/2059 2092/2092/2092/ 2061/2061/2061
f 2061/2061/2061 2092/2092/2092/ 2091/2091/2091
f 2091/2091/2091 2057/2057/2057/ 2061/2061/2061
f 2091/2091/2091 2062/2062/2062/ 2057/2057/2057
f 2062/2062/2062 2090/2090/2090/ 2057/2057/2057
f 2062/2062/2062 2097/2097/2097/ 2090/2090/2090
f 2096/2096/2096 2097/2097/2097/ 2062/2062/2062
f 2096/2096/2096 2103/2103/2103/ 2097/2097/2097
f 2098/2098/2098 2103/2103/2103/ 2096/2096/2096
f 2103/2103/2103 2098/2098/2098/ 2055/2055/2055
f 2055/2055/2055 2098/2098/2098/ 1956/1956/1956
f 2036/2036/2036 2055/2055/2055/ 1956/1956/1956
f 1951/1951/1951 2055/2055/2055/ 2036/2036/2036
f 1950/1950/1950 1951/1951/1951/ 2036/2036/2036
f 1949/1949/1949 1951/1951/1951/ 1950/1950/1950
f 1950/1950/1950 2089/2089/2089/ 1949/1949/1949
f 2033/2033/2033 2103/2103/2103/ 2055/2055/2055
f 1951/1951/1951 2033/2033/2033/ 2055/2055/2055
f 2032/2032/2032 2033/2033/2033/ 1951/1951/1951
f 1951/1951/1951 1949/1949/1949/ 2032/2032/2032
f 2032/2032/2032 1949/1949/1949/ 2031/2031/2031
f 2100/2100/2100 2031/2031/2031/ 1949/1949/1949
f 2089/2089/2089 2100/2100/2100/ 1949/1949/1949
f 2056/2056/2056 2100/2100/2100/ 2089/2089/2089
f 2056/2056/2056 2093/2093/2093/ 2100/2100/2100
f 2056/2056/2056 2102/2102/2102/ 2093/2093/2093
f 2033/2033/2033 2032/2032/2032/ 2034/2034/2034
f 2034/2034/2034 2032/2032/2032/ 1953/1953/1953
f 2032/2032/2032 2110/2110/2110/ 1953/1953/1953
f 2031/2031/2031 2110/2110/2110/ 2032/2032/2032
f 2110/2110/2110 2031/2031/2031/ 2140/2140/2140
f 2140/2140/2140 2031/2031/2031/ 2100/2100/2100
f 2100/2100/2100 2066/2066/2066/ 2140/2140/2140
f 2093/2093/2093 2066/2066/2066/ 2100/2100/2100
f 2127/2127/2127 2066/2066/2066/ 2093/2093/2093
f 2127/2127/2127 2093/2093/2093/ 2118/2118/2118
f 2118/2118/2118 2093/2093/2093/ 2102/2102/2102
f 2105/2105/2105 2118/2118/2118/ 2102/2102/2102
f 2002/2002/2002 2034/2034/2034/ 1953/1953/1953
f 2110/2110/2110 2002/2002/2002/ 1953/1953/1953
f 2012/2012/2012 2002/2002/2002/ 2110/2110/2110
f 2012/2012/2012 2110/2110/2110/ 1955/1955/1955
f 2110/2110/2110 2108/2108/2108/ 1955/1955/1955
f 2108/2108/2108 2110/2110/2110/ 2140/2140/2140
f 2108/2108/2108 2140/2140/2140/ 2064/2064/2064
f 2064/2064/2064 2140/2140/2140/ 2066/2066/2066
f 2064/2064/2064 2066/2066/2066/ 2069/2069/2069
f 2069/2069/2069 2066/2066/2066/ 2053/2053/2053
f 2053/2053/2053 2066/2066/2066/ 2127/2127/2127
f 2001/2001/2001 2002/2002/2002/ 2012/2012/2012
f 2012/2012/2012 1980/1980/1980/ 2001/2001/2001
f 2012/2012/2012 1955/1955/1955/ 1980/1980/1980
f 1982/1982/1982 1980/1980/1980/ 1955/1955/1955
f 1982/1982/1982 1955/1955/1955/ 2064/2064/2064
f 2064/2064/2064 1955/1955/1955/ 2108/2108/2108
f 2013/2013/2013 2002/2002/2002/ 2001/2001/2001
f 1971/1971/1971 2013/2013/2013/ 2001/2001/2001
f 1989/1989/1989 1971/1971/1971/ 2001/2001/2001
f 1980/1980/1980 1989/1989/1989/ 2001/2001/2001
f 1980/1980/1980 1979/1979/1979/ 1989/1989/1989
f 2016/2016/2016 1979/1979/1979/ 1980/1980/1980
f 2016/2016/2016 1980/1980/1980/ 1982/1982/1982
f 2011/2011/2011 2013/2013/2013/ 1971/1971/1971
f 2016/2016/2016 1981/1981/1981/ 1979/1979/1979
f 2016/2016/2016 1960/1960/1960/ 1981/1981/1981
f 2026/2026/2026 1960/1960/1960/ 2016/2016/2016
f 1982/1982/1982 2026/2026/2026/ 2016/2016/2016
f 2027/2027/2027 2026/2026/2026/ 1982/1982/1982
f 2027/2027/2027 1982/1982/1982/ 2069/2069/2069
f 2069/2069/2069 1982/1982/1982/ 2064/2064/2064
f 1981/1981/1981 1960/1960/1960/ 2105/2105/2105
f 2105/2105/2105 1960/1960/1960/ 2119/2119/2119
f 1960/1960/1960 2126/2126/2126/ 2119/2119/2119
f 1947/1947/1947 2126/2126/2126/ 1960/1960/1960
f 2026/2026/2026 1947/1947/1947/ 1960/1960/1960
f 2028/2028/2028 1947/1947/1947/ 2026/2026/2026
f 2026/2026/2026 2027/2027/2027/ 2028/2028/2028
f 2028/2028/2028 2027/2027/2027/ 2025/2025/2025
f 2027/2027/2027 2106/2106/2106/ 2025/2025/2025
f 2069/2069/2069 2106/2106/2106/ 2027/2027/2027
f 2069/2069/2069 2053/2053/2053/ 2106/2106/2106
f 2119/2119/2119 2118/2118/2118/ 2105/2105/2105
f 2126/2126/2126 2118/2118/2118/ 2119/2119/2119
f 2114/2114/2114 2118/2118/2118/ 2126/2126/2126
f 2126/2126/2126 2123/2123/2123/ 2114/2114/2114
f 1947/1947/1947 2123/2123/2123/ 2126/2126/2126
f 2114/2114/2114 2127/2127/2127/ 2118/2118/2118
f 2112/2112/2112 2127/2127/2127/ 2114/2114/2114
f 2114/2114/2114 2113/2113/2113/ 2112/2112/2112
f 2115/2115/2115 2113/2113/2113/ 2114/2114/2114
f 2114/2114/2114 2123/2123/2123/ 2115/2115/2115
f 2124/2124/2124 2115/2115/2115/ 2123/2123/2123
f 2112/2112/2112 2053/2053/2053/ 2127/2127/2127
f 2128/2128/2128 2053/2053/2053/ 2112/2112/2112
f 2128/2128/2128 2112/2112/2112/ 2113/2113/2113
f 2128/2128/2128 2113/2113/2113/ 2095/2095/2095
f 2095/2095/2095 2113/2113/2113/ 2136/2136/2136
f 2136/2136/2136 2113/2113/2113/ 2134/2134/2134
f 2134/2134/2134 2113/2113/2113/ 2115/2115/2115
f 2125/2125/2125 2134/2134/2134/ 2115/2115/2115
f 2124/2124/2124 2125/2125/2125/ 2115/2115/2115
f 2106/2106/2106 2053/2053/2053/ 2128/2128/2128
f 2095/2095/2095 2106/2106/2106/ 2128/2128/2128
f 2067/2067/2067 2106/2106/2106/ 2095/2095/2095
f 2132/2132/2132 2067/2067/2067/ 2095/2095/2095
f 2132/2132/2132 2095/2095/2095/ 2133/2133/2133
f 2133/2133/2133 2095/2095/2095/ 2136/2136/2136
f 2133/2133/2133 2136/2136/2136/ 2134/2134/2134
f 2121/2121/2121 2133/2133/2133/ 2134/2134/2134
f 2121/2121/2121 2134/2134/2134/ 2125/2125/2125
f 2024/2024/2024 2106/2106/2106/ 2067/2067/2067
f 2024/2024/2024 2067/2067/2067/ 2038/2038/2038
f 2038/2038/2038 2067/2067/2067/ 2068/2068/2068
f 2068/2068/2068 2067/2067/2067/ 2132/2132/2132
f 2068/2068/2068 2132/2132/2132/ 2120/2120/2120
f 2120/2120/2120 2132/2132/2132/ 2133/2133/2133
f 2133/2133/2133 2122/2122/2122/ 2120/2120/2120
f 2122/2122/2122 2133/2133/2133/ 2121/2121/2121
f 2025/2025/2025 2106/2106/2106/ 2024/2024/2024
f 2025/2025/2025 2024/2024/2024/ 1946/1946/1946
f 1946/1946/1946 2024/2024/2024/ 1959/1959/1959
f 1959/1959/1959 2024/2024/2024/ 2037/2037/2037
f 2037/2037/2037 2024/2024/2024/ 2038/2038/2038
f 2038/2038/2038 1961/1961/1961/ 2037/2037/2037
f 2122/2122/2122 2037/2037/2037/ 1961/1961/1961
f 2122/2122/2122 2121/2121/2121/ 2037/2037/2037
f 2037/2037/2037 2121/2121/2121/ 1958/1958/1958
f 2121/2121/2121 2125/2125/2125/ 1958/1958/1958
f 2028/2028/2028 2025/2025/2025/ 1946/1946/1946
f 2028/2028/2028 1946/1946/1946/ 1947/1947/1947
f 1947/1947/1947 1946/1946/1946/ 2035/2035/2035
f 1946/1946/1946 1958/1958/1958/ 2035/2035/2035
f 1959/1959/1959 1958/1958/1958/ 1946/1946/1946
f 1959/1959/1959 2037/2037/2037/ 1958/1958/1958
f 2035/2035/2035 2015/2015/2015/ 1947/1947/1947
f 2038/2038/2038 2068/2068/2068/ 2120/2120/2120
f 1958/1958/1958 2125/2125/2125/ 2035/2035/2035
f 2035/2035/2035 2125/2125/2125/ 1962/1962/1962
f 1962/1962/1962 2125/2125/2125/ 2117/2117/2117
f 2117/2117/2117 2125/2125/2125/ 2124/2124/2124
f 2117/2117/2117 2124/2124/2124/ 2116/2116/2116
f 2116/2116/2116 2124/2124/2124/ 2063/2063/2063
f 2035/2035/2035 1962/1962/1962/ 2123/2123/2123
f 1962/1962/1962 2063/2063/2063/ 2123/2123/2123
f 2063/2063/2063 2065/2065/2065/ 2123/2123/2123
f 1962/1962/1962 2117/2117/2117/ 2116/2116/2116
f 1962/1962/1962 2116/2116/2116/ 1973/1973/1973
f 2030/2030/2030 1948/1948/1948/ 2040/2040/2040
f 2029/2029/2029 1948/1948/1948/ 2030/2030/2030
f 2041/2041/2041 2029/2029/2029/ 2030/2030/2030
f 2039/2039/2039 2029/2029/2029/ 2041/2041/2041
f 2048/2048/2048 2039/2039/2039/ 2041/2041/2041
f 2047/2047/2047 2039/2039/2039/ 2048/2048/2048
f 2054/2054/2054 2047/2047/2047/ 2048/2048/2048
f 2050/2050/2050 2047/2047/2047/ 2054/2054/2054
f 2051/2051/2051 2050/2050/2050/ 2054/2054/2054
f 2049/2049/2049 2050/2050/2050/ 2051/2051/2051
f 2072/2072/2072 2049/2049/2049/ 2051/2051/2051
f 2052/2052/2052 2049/2049/2049/ 2072/2072/2072
f 2074/2074/2074 2052/2052/2052/ 2072/2072/2072
f 2071/2071/2071 2052/2052/2052/ 2074/2074/2074
f 2077/2077/2077 2071/2071/2071/ 2074/2074/2074
f 2076/2076/2076 2071/2071/2071/ 2077/2077/2077
f 2073/2073/2073 2076/2076/2076/ 2077/2077/2077
f 2070/2070/2070 2076/2076/2076/ 2073/2073/2073
f 2080/2080/2080 2070/2070/2070/ 2073/2073/2073
f 2081/2081/2081 2070/2070/2070/ 2080/2080/2080
f 2079/2079/2079 2081/2081/2081/ 2080/2080/2080
f 2078/2078/2078 2081/2081/2081/ 2079/2079/2079
f 2046/2046/2046 2078/2078/2078/ 2079/2079/2079
f 2045/2045/2045 2078/2078/2078/ 2046/2046/2046
f 2044/2044/2044 2045/2045/2045/ 2046/2046/2046
f 2043/2043/2043 2045/2045/2045/ 2044/2044/2044
f 2252/2252/2252 2220/2220/2220/ 2154/2154/2154
f 2150/2150/2150 2252/2252/2252/ 2154/2154/2154
f 2200/2200/2200 2150/2150/2150/ 2154/2154/2154
f 2147/2147/2147 2252/2252/2252/ 2150/2150/2150
f 2183/2183/2183 2252/2252/2252/ 2147/2147/2147
f 2259/2259/2259 2183/2183/2183/ 2147/2147/2147
f 2187/2187/2187 2183/2183/2183/ 2259/2259/2259
f 2155/2155/2155 2192/2192/2192/ 2271/2271/2271
f 2271/2271/2271 2153/2153/2153/ 2155/2155/2155
f 2271/2271/2271 2242/2242/2242/ 2153/2153/2153
f 2153/2153/2153 2158/2158/2158/ 2155/2155/2155
f 2155/2155/2155 2158/2158/2158/ 2260/2260/2260
f 2158/2158/2158 2189/2189/2189/ 2260/2260/2260
f 2260/2260/2260 2189/2189/2189/ 2161/2161/2161
f 2189/2189/2189 2201/2201/2201/ 2161/2161/2161
f 2161/2161/2161 2201/2201/2201/ 2259/2259/2259
f 2161/2161/2161 2259/2259/2259/ 2162/2162/2162
f 2162/2162/2162 2259/2259/2259/ 2160/2160/2160
f 2159/2159/2159 2160/2160/2160/ 2259/2259/2259
f 2157/2157/2157 2160/2160/2160/ 2159/2159/2159
f 2260/2260/2260 2161/2161/2161/ 2261/2261/2261
f 2261/2261/2261 2161/2161/2161/ 2162/2162/2162
f 2260/2260/2260 2261/2261/2261/ 2272/2272/2272
f 2272/2272/2272 2261/2261/2261/ 2213/2213/2213
f 2258/2258/2258 2160/2160/2160/ 2157/2157/2157
f 2270/2270/2270 2211/2211/2211/ 2217/2217/2217
f 2217/2217/2217 2211/2211/2211/ 2216/2216/2216
f 2145/2145/2145 2217/2217/2217/ 2216/2216/2216
f 2144/2144/2144 2217/2217/2217/ 2145/2145/2145
f 2182/2182/2182 2144/2144/2144/ 2145/2145/2145
f 2145/2145/2145 2184/2184/2184/ 2182/2182/2182
f 2146/2146/2146 2184/2184/2184/ 2145/2145/2145
f 2250/2250/2250 2146/2146/2146/ 2145/2145/2145
f 2214/2214/2214 2146/2146/2146/ 2250/2250/2250
f 2248/2248/2248 2144/2144/2144/ 2182/2182/2182
f 2188/2188/2188 2248/2248/2248/ 2182/2182/2182
f 2182/2182/2182 2190/2190/2190/ 2188/2188/2188
f 2184/2184/2184 2190/2190/2190/ 2182/2182/2182
f 2149/2149/2149 2248/2248/2248/ 2188/2188/2188
f 2149/2149/2149 2188/2188/2188/ 2240/2240/2240
f 2240/2240/2240 2188/2188/2188/ 2191/2191/2191
f 2191/2191/2191 2188/2188/2188/ 2254/2254/2254
f 2254/2254/2254 2188/2188/2188/ 2190/2190/2190
f 2254/2254/2254 2190/2190/2190/ 2151/2151/2151
f 2152/2152/2152 2254/2254/2254/ 2151/2151/2151
f 2156/2156/2156 2254/2254/2254/ 2152/2152/2152
f 2156/2156/2156 2152/2152/2152/ 2257/2257/2257
f 2257/2257/2257 2152/2152/2152/ 2253/2253/2253
f 2255/2255/2255 2240/2240/2240/ 2191/2191/2191
f 2191/2191/2191 2156/2156/2156/ 2255/2255/2255
f 2191/2191/2191 2254/2254/2254/ 2156/2156/2156
f 2256/2256/2256 2240/2240/2240/ 2255/2255/2255
f 2256/2256/2256 2255/2255/2255/ 2275/2275/2275
f 2275/2275/2275 2255/2255/2255/ 2251/2251/2251
f 2251/2251/2251 2255/2255/2255/ 2186/2186/2186
f 2186/2186/2186 2255/2255/2255/ 2257/2257/2257
f 2255/2255/2255 2156/2156/2156/ 2257/2257/2257
f 2275/2275/2275 2251/2251/2251/ 2249/2249/2249
f 2148/2148/2148 2249/2249/2249/ 2251/2251/2251
f 2249/2249/2249 2212/2212/2212/ 2275/2275/2275
f 2257/2257/2257 2253/2253/2253/ 2186/2186/2186
f 2141/2141/2141 2251/2251/2251/ 2186/2186/2186
f 2262/2262/2262 2281/2281/2281/ 2237/2237/2237
f 2237/2237/2237 2281/2281/2281/ 2282/2282/2282
f 2281/2281/2281 2231/2231/2231/ 2282/2282/2282
f 2231/2231/2231 2233/2233/2233/ 2282/2282/2282
f 2163/2163/2163 2233/2233/2233/ 2231/2231/2231
f 2164/2164/2164 2233/2233/2233/ 2163/2163/2163
f 2163/2163/2163 2246/2246/2246/ 2164/2164/2164
f 2282/2282/2282 2218/2218/2218/ 2237/2237/2237
f 2198/2198/2198 2218/2218/2218/ 2282/2282/2282
f 2282/2282/2282 2233/2233/2233/ 2198/2198/2198
f 2207/2207/2207 2198/2198/2198/ 2233/2233/2233
f 2233/2233/2233 2203/2203/2203/ 2207/2207/2207
f 2233/2233/2233 2166/2166/2166/ 2203/2203/2203
f 2164/2164/2164 2166/2166/2166/ 2233/2233/2233
f 2237/2237/2237 2218/2218/2218/ 2215/2215/2215
f 2215/2215/2215 2218/2218/2218/ 2289/2289/2289
f 2289/2289/2289 2218/2218/2218/ 2291/2291/2291
f 2218/2218/2218 2355/2355/2355/ 2291/2291/2291
f 2277/2277/2277 2355/2355/2355/ 2218/2218/2218
f 2277/2277/2277 2218/2218/2218/ 2198/2198/2198
f 2276/2276/2276 2277/2277/2277/ 2198/2198/2198
f 2276/2276/2276 2198/2198/2198/ 2207/2207/2207
f 2237/2237/2237 2215/2215/2215/ 2273/2273/2273
f 2215/2215/2215 2289/2289/2289/ 2273/2273/2273
f 2334/2334/2334 2273/2273/2273/ 2289/2289/2289
f 2334/2334/2334 2289/2289/2289/ 2291/2291/2291
f 2371/2371/2371 2334/2334/2334/ 2291/2291/2291
f 2370/2370/2370 2371/2371/2371/ 2291/2291/2291
f 2370/2370/2370 2291/2291/2291/ 2355/2355/2355
f 2370/2370/2370 2355/2355/2355/ 2347/2347/2347
f 2347/2347/2347 2355/2355/2355/ 2336/2336/2336
f 2277/2277/2277 2336/2336/2336/ 2355/2355/2355
f 2278/2278/2278 2336/2336/2336/ 2277/2277/2277
f 2278/2278/2278 2277/2277/2277/ 2276/2276/2276
f 2276/2276/2276 2225/2225/2225/ 2278/2278/2278
f 2223/2223/2223 2225/2225/2225/ 2276/2276/2276
f 2207/2207/2207 2223/2223/2223/ 2276/2276/2276
f 2370/2370/2370 2238/2238/2238/ 2371/2371/2371
f 2266/2266/2266 2238/2238/2238/ 2370/2370/2370
f 2370/2370/2370 2234/2234/2234/ 2266/2266/2266
f 2360/2360/2360 2234/2234/2234/ 2370/2370/2370
f 2347/2347/2347 2360/2360/2360/ 2370/2370/2370
f 2364/2364/2364 2360/2360/2360/ 2347/2347/2347
f 2363/2363/2363 2364/2364/2364/ 2347/2347/2347
f 2347/2347/2347 2354/2354/2354/ 2363/2363/2363
f 2354/2354/2354 2347/2347/2347/ 2336/2336/2336
f 2266/2266/2266 2173/2173/2173/ 2238/2238/2238
f 2285/2285/2285 2173/2173/2173/ 2266/2266/2266
f 2266/2266/2266 2284/2284/2284/ 2285/2285/2285
f 2234/2234/2234 2284/2284/2284/ 2266/2266/2266
f 2285/2285/2285 2265/2265/2265/ 2173/2173/2173
f 2327/2327/2327 2265/2265/2265/ 2285/2285/2285
f 2285/2285/2285 2286/2286/2286/ 2327/2327/2327
f 2284/2284/2284 2286/2286/2286/ 2285/2285/2285
f 2195/2195/2195 2286/2286/2286/ 2284/2284/2284
f 2195/2195/2195 2284/2284/2284/ 2164/2164/2164
f 2164/2164/2164 2284/2284/2284/ 2166/2166/2166
f 2327/2327/2327 2174/2174/2174/ 2265/2265/2265
f 2288/2288/2288 2174/2174/2174/ 2327/2327/2327
f 2286/2286/2286 2288/2288/2288/ 2327/2327/2327
f 2287/2287/2287 2288/2288/2288/ 2286/2286/2286
f 2287/2287/2287 2286/2286/2286/ 2167/2167/2167
f 2167/2167/2167 2286/2286/2286/ 2208/2208/2208
f 2208/2208/2208 2286/2286/2286/ 2195/2195/2195
f 2208/2208/2208 2195/2195/2195/ 2205/2205/2205
f 2205/2205/2205 2195/2195/2195/ 2246/2246/2246
f 2164/2164/2164 2246/2246/2246/ 2195/2195/2195
f 2288/2288/2288 2359/2359/2359/ 2174/2174/2174
f 2362/2362/2362 2359/2359/2359/ 2288/2288/2288
f 2287/2287/2287 2362/2362/2362/ 2288/2288/2288
f 2210/2210/2210 2362/2362/2362/ 2287/2287/2287
f 2210/2210/2210 2287/2287/2287/ 2194/2194/2194
f 2194/2194/2194 2287/2287/2287/ 2167/2167/2167
f 2194/2194/2194 2167/2167/2167/ 2227/2227/2227
f 2227/2227/2227 2167/2167/2167/ 2206/2206/2206
f 2208/2208/2208 2206/2206/2206/ 2167/2167/2167
f 2205/2205/2205 2206/2206/2206/ 2208/2208/2208
f 2362/2362/2362 2340/2340/2340/ 2359/2359/2359
f 2362/2362/2362 2204/2204/2204/ 2340/2340/2340
f 2210/2210/2210 2204/2204/2204/ 2362/2362/2362
f 2194/2194/2194 2204/2204/2204/ 2210/2210/2210
f 2193/2193/2193 2204/2204/2204/ 2194/2194/2194
f 2193/2193/2193 2194/2194/2194/ 2227/2227/2227
f 2193/2193/2193 2227/2227/2227/ 2229/2229/2229
f 2227/2227/2227 2196/2196/2196/ 2229/2229/2229
f 2229/2229/2229 2196/2196/2196/ 2222/2222/2222
f 2196/2196/2196 2197/2197/2197/ 2222/2222/2222
f 2340/2340/2340 2338/2338/2338/ 2359/2359/2359
f 2204/2204/2204 2338/2338/2338/ 2340/2340/2340
f 2224/2224/2224 2338/2338/2338/ 2204/2204/2204
f 2224/2224/2224 2204/2204/2204/ 2229/2229/2229
f 2229/2229/2229 2204/2204/2204/ 2193/2193/2193
f 2359/2359/2359 2338/2338/2338/ 2361/2361/2361
f 2361/2361/2361 2338/2338/2338/ 2339/2339/2339
f 2339/2339/2339 2338/2338/2338/ 2175/2175/2175
f 2175/2175/2175 2338/2338/2338/ 2224/2224/2224
f 2229/2229/2229 2175/2175/2175/ 2224/2224/2224
f 2222/2222/2222 2175/2175/2175/ 2229/2229/2229
f 2222/2222/2222 2176/2176/2176/ 2175/2175/2175
f 2175/2175/2175 2176/2176/2176/ 2339/2339/2339
f 2339/2339/2339 2176/2176/2176/ 2358/2358/2358
f 2176/2176/2176 2328/2328/2328/ 2358/2358/2358
f 2328/2328/2328 2346/2346/2346/ 2358/2358/2358
f 2361/2361/2361 2339/2339/2339/ 2346/2346/2346
f 2346/2346/2346 2339/2339/2339/ 2358/2358/2358
f 2366/2366/2366 2364/2364/2364/ 2363/2363/2363
f 2365/2365/2365 2366/2366/2366/ 2363/2363/2363
f 2365/2365/2365 2363/2363/2363/ 2331/2331/2331
f 2331/2331/2331 2363/2363/2363/ 2239/2239/2239
f 2363/2363/2363 2179/2179/2179/ 2239/2239/2239
f 2363/2363/2363 2354/2354/2354/ 2179/2179/2179
f 2367/2367/2367 2366/2366/2366/ 2365/2365/2365
f 2278/2278/2278 2225/2225/2225/ 2336/2336/2336
f 2336/2336/2336 2225/2225/2225/ 2354/2354/2354
f 2225/2225/2225 2181/2181/2181/ 2354/2354/2354
f 2223/2223/2223 2181/2181/2181/ 2225/2225/2225
f 2168/2168/2168 2181/2181/2181/ 2223/2223/2223
f 2168/2168/2168 2223/2223/2223/ 2243/2243/2243
f 2243/2243/2243 2223/2223/2223/ 2207/2207/2207
f 2207/2207/2207 2202/2202/2202/ 2243/2243/2243
f 2207/2207/2207 2203/2203/2203/ 2202/2202/2202
f 2354/2354/2354 2181/2181/2181/ 2179/2179/2179
f 2181/2181/2181 2283/2283/2283/ 2179/2179/2179
f 2168/2168/2168 2283/2283/2283/ 2181/2181/2181
f 2169/2169/2169 2283/2283/2283/ 2168/2168/2168
f 2168/2168/2168 2243/2243/2243/ 2169/2169/2169
f 2169/2169/2169 2243/2243/2243/ 2232/2232/2232
f 2232/2232/2232 2243/2243/2243/ 2244/2244/2244
f 2243/2243/2243 2245/2245/2245/ 2244/2244/2244
f 2243/2243/2243 2202/2202/2202/ 2245/2245/2245
f 2179/2179/2179 2283/2283/2283/ 2239/2239/2239
f 2283/2283/2283 2335/2335/2335/ 2239/2239/2239
f 2219/2219/2219 2335/2335/2335/ 2283/2283/2283
f 2219/2219/2219 2283/2283/2283/ 2280/2280/2280
f 2280/2280/2280 2283/2283/2283/ 2169/2169/2169
f 2280/2280/2280 2169/2169/2169/ 2232/2232/2232
f 2232/2232/2232 2235/2235/2235/ 2280/2280/2280
f 2230/2230/2230 2235/2235/2235/ 2232/2232/2232
f 2228/2228/2228 2235/2235/2235/ 2230/2230/2230
f 2230/2230/2230 2177/2177/2177/ 2228/2228/2228
f 2239/2239/2239 2335/2335/2335/ 2331/2331/2331
f 2335/2335/2335 2330/2330/2330/ 2331/2331/2331
f 2219/2219/2219 2330/2330/2330/ 2335/2335/2335
f 2267/2267/2267 2330/2330/2330/ 2219/2219/2219
f 2219/2219/2219 2235/2235/2235/ 2267/2267/2267
f 2280/2280/2280 2235/2235/2235/ 2219/2219/2219
f 2331/2331/2331 2330/2330/2330/ 2333/2333/2333
f 2330/2330/2330 2332/2332/2332/ 2333/2333/2333
f 2330/2330/2330 2369/2369/2369/ 2332/2332/2332
f 2337/2337/2337 2369/2369/2369/ 2330/2330/2330
f 2267/2267/2267 2337/2337/2337/ 2330/2330/2330
f 2269/2269/2269 2337/2337/2337/ 2267/2267/2267
f 2269/2269/2269 2267/2267/2267/ 2279/2279/2279
f 2279/2279/2279 2267/2267/2267/ 2235/2235/2235
f 2332/2332/2332 2177/2177/2177/ 2333/2333/2333
f 2180/2180/2180 2177/2177/2177/ 2332/2332/2332
f 2369/2369/2369 2180/2180/2180/ 2332/2332/2332
f 2178/2178/2178 2180/2180/2180/ 2369/2369/2369
f 2185/2185/2185 2178/2178/2178/ 2369/2369/2369
f 2337/2337/2337 2185/2185/2185/ 2369/2369/2369
f 2269/2269/2269 2185/2185/2185/ 2337/2337/2337
f 2268/2268/2268 2185/2185/2185/ 2269/2269/2269
f 2269/2269/2269 2170/2170/2170/ 2268/2268/2268
f 2279/2279/2279 2170/2170/2170/ 2269/2269/2269
f 2170/2170/2170 2279/2279/2279/ 2236/2236/2236
f 2279/2279/2279 2235/2235/2235/ 2236/2236/2236
f 2236/2236/2236 2235/2235/2235/ 2228/2228/2228
f 2228/2228/2228 2177/2177/2177/ 2180/2180/2180
f 2228/2228/2228 2180/2180/2180/ 2236/2236/2236
f 2236/2236/2236 2180/2180/2180/ 2178/2178/2178
f 2236/2236/2236 2178/2178/2178/ 2170/2170/2170
f 2244/2244/2244 2245/2245/2245/ 2209/2209/2209
f 2247/2247/2247 2268/2268/2268/ 2170/2170/2170
f 2263/2263/2263 2247/2247/2247/ 2170/2170/2170
f 2170/2170/2170 2264/2264/2264/ 2263/2263/2263
f 2268/2268/2268 2171/2171/2171/ 2185/2185/2185
f 2171/2171/2171 2172/2172/2172/ 2185/2185/2185
f 2172/2172/2172 2178/2178/2178/ 2185/2185/2185
f 2311/2311/2311 2342/2342/2342/ 2290/2290/2290
f 2311/2311/2311 2374/2374/2374/ 2342/2342/2342
f 2435/2435/2435 2374/2374/2374/ 2311/2311/2311
f 2311/2311/2311 2313/2313/2313/ 2435/2435/2435
f 2368/2368/2368 2313/2313/2313/ 2311/2311/2311
f 2374/2374/2374 2373/2373/2373/ 2342/2342/2342
f 2374/2374/2374 2456/2456/2456/ 2373/2373/2373
f 2435/2435/2435 2456/2456/2456/ 2374/2374/2374
f 2451/2451/2451 2456/2456/2456/ 2435/2435/2435
f 2436/2436/2436 2451/2451/2451/ 2435/2435/2435
f 2450/2450/2450 2436/2436/2436/ 2435/2435/2435
f 2435/2435/2435 2313/2313/2313/ 2450/2450/2450
f 2342/2342/2342 2373/2373/2373/ 2452/2452/2452
f 2452/2452/2452 2373/2373/2373/ 2341/2341/2341
f 2373/2373/2373 2457/2457/2457/ 2341/2341/2341
f 2456/2456/2456 2457/2457/2457/ 2373/2373/2373
f 2457/2457/2457 2456/2456/2456/ 2451/2451/2451
f 2458/2458/2458 2457/2457/2457/ 2451/2451/2451
f 2451/2451/2451 2494/2494/2494/ 2458/2458/2458
f 2515/2515/2515 2494/2494/2494/ 2451/2451/2451
f 2436/2436/2436 2515/2515/2515/ 2451/2451/2451
f 2368/2368/2368 2342/2342/2342/ 2452/2452/2452
f 2452/2452/2452 2493/2493/2493/ 2368/2368/2368
f 2492/2492/2492 2493/2493/2493/ 2452/2452/2452
f 2560/2560/2560 2492/2492/2492/ 2452/2452/2452
f 2557/2557/2557 2560/2560/2560/ 2452/2452/2452
f 2343/2343/2343 2557/2557/2557/ 2452/2452/2452
f 2372/2372/2372 2343/2343/2343/ 2452/2452/2452
f 2341/2341/2341 2372/2372/2372/ 2452/2452/2452
f 2493/2493/2493 2483/2483/2483/ 2368/2368/2368
f 2493/2493/2493 2485/2485/2485/ 2483/2483/2483
f 2493/2493/2493 2490/2490/2490/ 2485/2485/2485
f 2492/2492/2492 2490/2490/2490/ 2493/2493/2493
f 2492/2492/2492 2428/2428/2428/ 2490/2490/2490
f 2513/2513/2513 2428/2428/2428/ 2492/2492/2492
f 2513/2513/2513 2492/2492/2492/ 2560/2560/2560
f 2368/2368/2368 2483/2483/2483/ 2313/2313/2313
f 2313/2313/2313 2483/2483/2483/ 2449/2449/2449
f 2449/2449/2449 2483/2483/2483/ 2562/2562/2562
f 2562/2562/2562 2483/2483/2483/ 2471/2471/2471
f 2471/2471/2471 2483/2483/2483/ 2486/2486/2486
f 2483/2483/2483 2485/2485/2485/ 2486/2486/2486
f 2486/2486/2486 2485/2485/2485/ 2488/2488/2488
f 2450/2450/2450 2313/2313/2313/ 2449/2449/2449
f 2450/2450/2450 2449/2449/2449/ 2448/2448/2448
f 2449/2449/2449 2562/2562/2562/ 2448/2448/2448
f 2448/2448/2448 2562/2562/2562/ 2498/2498/2498
f 2498/2498/2498 2562/2562/2562/ 2475/2475/2475
f 2475/2475/2475 2562/2562/2562/ 2471/2471/2471
f 2471/2471/2471 2476/2476/2476/ 2475/2475/2475
f 2486/2486/2486 2476/2476/2476/ 2471/2471/2471
f 2487/2487/2487 2476/2476/2476/ 2486/2486/2486
f 2486/2486/2486 2488/2488/2488/ 2487/2487/2487
f 2450/2450/2450 2448/2448/2448/ 2436/2436/2436
f 2475/2475/2475 2476/2476/2476/ 2470/2470/2470
f 2470/2470/2470 2476/2476/2476/ 2487/2487/2487
f 2472/2472/2472 2470/2470/2470/ 2487/2487/2487
f 2491/2491/2491 2472/2472/2472/ 2487/2487/2487
f 2489/2489/2489 2491/2491/2491/ 2487/2487/2487
f 2488/2488/2488 2489/2489/2489/ 2487/2487/2487
f 2403/2403/2403 2489/2489/2489/ 2488/2488/2488
f 2558/2558/2558 2403/2403/2403/ 2488/2488/2488
f 2515/2515/2515 2470/2470/2470/ 2472/2472/2472
f 2515/2515/2515 2472/2472/2472/ 2494/2494/2494
f 2494/2494/2494 2472/2472/2472/ 2393/2393/2393
f 2474/2474/2474 2393/2393/2393/ 2472/2472/2472
f 2491/2491/2491 2474/2474/2474/ 2472/2472/2472
f 2421/2421/2421 2474/2474/2474/ 2491/2491/2491
f 2421/2421/2421 2491/2491/2491/ 2489/2489/2489
f 2421/2421/2421 2489/2489/2489/ 2403/2403/2403
f 2490/2490/2490 2421/2421/2421/ 2403/2403/2403
f 2490/2490/2490 2403/2403/2403/ 2485/2485/2485
f 2529/2529/2529 2470/2470/2470/ 2515/2515/2515
f 2529/2529/2529 2515/2515/2515/ 2436/2436/2436
f 2356/2356/2356 2529/2529/2529/ 2436/2436/2436
f 2495/2495/2495 2529/2529/2529/ 2356/2356/2356
f 2495/2495/2495 2528/2528/2528/ 2529/2529/2529
f 2529/2529/2529 2528/2528/2528/ 2470/2470/2470
f 2457/2457/2457 2372/2372/2372/ 2341/2341/2341
f 2543/2543/2543 2372/2372/2372/ 2457/2457/2457
f 2555/2555/2555 2543/2543/2543/ 2457/2457/2457
f 2555/2555/2555 2457/2457/2457/ 2458/2458/2458
f 2458/2458/2458 2554/2554/2554/ 2555/2555/2555
f 2453/2453/2453 2554/2554/2554/ 2458/2458/2458
f 2458/2458/2458 2459/2459/2459/ 2453/2453/2453
f 2494/2494/2494 2459/2459/2459/ 2458/2458/2458
f 2543/2543/2543 2343/2343/2343/ 2372/2372/2372
f 2548/2548/2548 2343/2343/2343/ 2543/2543/2543
f 2549/2549/2549 2548/2548/2548/ 2543/2543/2543
f 2549/2549/2549 2543/2543/2543/ 2555/2555/2555
f 2549/2549/2549 2555/2555/2555/ 2545/2545/2545
f 2545/2545/2545 2555/2555/2555/ 2553/2553/2553
f 2554/2554/2554 2553/2553/2553/ 2555/2555/2555
f 2552/2552/2552 2553/2553/2553/ 2554/2554/2554
f 2554/2554/2554 2446/2446/2446/ 2552/2552/2552
f 2453/2453/2453 2446/2446/2446/ 2554/2554/2554
f 2548/2548/2548 2547/2547/2547/ 2343/2343/2343
f 2546/2546/2546 2547/2547/2547/ 2548/2548/2548
f 2546/2546/2546 2548/2548/2548/ 2549/2549/2549
f 2549/2549/2549 2545/2545/2545/ 2546/2546/2546
f 2546/2546/2546 2545/2545/2545/ 2445/2445/2445
f 2545/2545/2545 2553/2553/2553/ 2445/2445/2445
f 2445/2445/2445 2553/2553/2553/ 2552/2552/2552
f 2552/2552/2552 2447/2447/2447/ 2445/2445/2445
f 2550/2550/2550 2447/2447/2447/ 2552/2552/2552
f 2552/2552/2552 2446/2446/2446/ 2550/2550/2550
f 2343/2343/2343 2547/2547/2547/ 2557/2557/2557
f 2547/2547/2547 2561/2561/2561/ 2557/2557/2557
f 2441/2441/2441 2561/2561/2561/ 2547/2547/2547
f 2546/2546/2546 2441/2441/2441/ 2547/2547/2547
f 2544/2544/2544 2441/2441/2441/ 2546/2546/2546
f 2445/2445/2445 2544/2544/2544/ 2546/2546/2546
f 2447/2447/2447 2544/2544/2544/ 2445/2445/2445
f 2447/2447/2447 2376/2376/2376/ 2544/2544/2544
f 2351/2351/2351 2376/2376/2376/ 2447/2447/2447
f 2550/2550/2550 2351/2351/2351/ 2447/2447/2447
f 2561/2561/2561 2559/2559/2559/ 2557/2557/2557
f 2353/2353/2353 2559/2559/2559/ 2561/2561/2561
f 2314/2314/2314 2353/2353/2353/ 2561/2561/2561
f 2561/2561/2561 2441/2441/2441/ 2314/2314/2314
f 2314/2314/2314 2441/2441/2441/ 2375/2375/2375
f 2544/2544/2544 2375/2375/2375/ 2441/2441/2441
f 2376/2376/2376 2375/2375/2375/ 2544/2544/2544
f 2376/2376/2376 2350/2350/2350/ 2375/2375/2375
f 2440/2440/2440 2350/2350/2350/ 2376/2376/2376
f 2351/2351/2351 2440/2440/2440/ 2376/2376/2376
f 2557/2557/2557 2559/2559/2559/ 2560/2560/2560
f 2559/2559/2559 2514/2514/2514/ 2560/2560/2560
f 2559/2559/2559 2379/2379/2379/ 2514/2514/2514
f 2321/2321/2321 2379/2379/2379/ 2559/2559/2559
f 2559/2559/2559 2353/2353/2353/ 2321/2321/2321
f 2560/2560/2560 2514/2514/2514/ 2513/2513/2513
f 2513/2513/2513 2514/2514/2514/ 2428/2428/2428
f 2428/2428/2428 2514/2514/2514/ 2412/2412/2412
f 2514/2514/2514 2379/2379/2379/ 2412/2412/2412
f 2412/2412/2412 2379/2379/2379/ 2380/2380/2380
f 2379/2379/2379 2381/2381/2381/ 2380/2380/2380
f 2321/2321/2321 2381/2381/2381/ 2379/2379/2379
f 2329/2329/2329 2381/2381/2381/ 2321/2321/2321
f 2442/2442/2442 2329/2329/2329/ 2321/2321/2321
f 2428/2428/2428 2412/2412/2412/ 2429/2429/2429
f 2429/2429/2429 2412/2412/2412/ 2414/2414/2414
f 2412/2412/2412 2405/2405/2405/ 2414/2414/2414
f 2380/2380/2380 2405/2405/2405/ 2412/2412/2412
f 2428/2428/2428 2429/2429/2429/ 2490/2490/2490
f 2429/2429/2429 2423/2423/2423/ 2490/2490/2490
f 2429/2429/2429 2408/2408/2408/ 2423/2423/2423
f 2429/2429/2429 2414/2414/2414/ 2408/2408/2408
f 2408/2408/2408 2414/2414/2414/ 2407/2407/2407
f 2425/2425/2425 2407/2407/2407/ 2414/2414/2414
f 2405/2405/2405 2425/2425/2425/ 2414/2414/2414
f 2462/2462/2462 2425/2425/2425/ 2405/2405/2405
f 2406/2406/2406 2462/2462/2462/ 2405/2405/2405
f 2406/2406/2406 2405/2405/2405/ 2516/2516/2516
f 2423/2423/2423 2424/2424/2424/ 2490/2490/2490
f 2423/2423/2423 2390/2390/2390/ 2424/2424/2424
f 2388/2388/2388 2390/2390/2390/ 2423/2423/2423
f 2423/2423/2423 2408/2408/2408/ 2388/2388/2388
f 2408/2408/2408 2389/2389/2389/ 2388/2388/2388
f 2408/2408/2408 2407/2407/2407/ 2389/2389/2389
f 2389/2389/2389 2407/2407/2407/ 2385/2385/2385
f 2464/2464/2464 2385/2385/2385/ 2407/2407/2407
f 2464/2464/2464 2407/2407/2407/ 2425/2425/2425
f 2425/2425/2425 2419/2419/2419/ 2464/2464/2464
f 2424/2424/2424 2422/2422/2422/ 2490/2490/2490
f 2424/2424/2424 2474/2474/2474/ 2422/2422/2422
f 2390/2390/2390 2474/2474/2474/ 2424/2424/2424
f 2390/2390/2390 2427/2427/2427/ 2474/2474/2474
f 2481/2481/2481 2427/2427/2427/ 2390/2390/2390
f 2388/2388/2388 2481/2481/2481/ 2390/2390/2390
f 2389/2389/2389 2481/2481/2481/ 2388/2388/2388
f 2389/2389/2389 2387/2387/2387/ 2481/2481/2481
f 2410/2410/2410 2387/2387/2387/ 2389/2389/2389
f 2389/2389/2389 2385/2385/2385/ 2410/2410/2410
f 2422/2422/2422 2421/2421/2421/ 2490/2490/2490
f 2422/2422/2422 2474/2474/2474/ 2421/2421/2421
f 2481/2481/2481 2387/2387/2387/ 2427/2427/2427
f 2427/2427/2427 2387/2387/2387/ 2396/2396/2396
f 2410/2410/2410 2396/2396/2396/ 2387/2387/2387
f 2394/2394/2394 2396/2396/2396/ 2410/2410/2410
f 2473/2473/2473 2394/2394/2394/ 2410/2410/2410
f 2410/2410/2410 2385/2385/2385/ 2473/2473/2473
f 2468/2468/2468 2473/2473/2473/ 2385/2385/2385
f 2468/2468/2468 2385/2385/2385/ 2464/2464/2464
f 2396/2396/2396 2426/2426/2426/ 2427/2427/2427
f 2394/2394/2394 2426/2426/2426/ 2396/2396/2396
f 2394/2394/2394 2415/2415/2415/ 2426/2426/2426
f 2480/2480/2480 2415/2415/2415/ 2394/2394/2394
f 2480/2480/2480 2394/2394/2394/ 2473/2473/2473
f 2469/2469/2469 2480/2480/2480/ 2473/2473/2473
f 2469/2469/2469 2473/2473/2473/ 2468/2468/2468
f 2468/2468/2468 2386/2386/2386/ 2469/2469/2469
f 2468/2468/2468 2461/2461/2461/ 2386/2386/2386
f 2464/2464/2464 2461/2461/2461/ 2468/2468/2468
f 2464/2464/2464 2419/2419/2419/ 2461/2461/2461
f 2426/2426/2426 2393/2393/2393/ 2427/2427/2427
f 2392/2392/2392 2393/2393/2393/ 2426/2426/2426
f 2415/2415/2415 2392/2392/2392/ 2426/2426/2426
f 2411/2411/2411 2392/2392/2392/ 2415/2415/2415
f 2411/2411/2411 2415/2415/2415/ 2409/2409/2409
f 2409/2409/2409 2415/2415/2415/ 2482/2482/2482
f 2480/2480/2480 2482/2482/2482/ 2415/2415/2415
f 2479/2479/2479 2482/2482/2482/ 2480/2480/2480
f 2480/2480/2480 2469/2469/2469/ 2479/2479/2479
f 2427/2427/2427 2393/2393/2393/ 2474/2474/2474
f 2462/2462/2462 2378/2378/2378/ 2425/2425/2425
f 2466/2466/2466 2378/2378/2378/ 2462/2462/2462
f 2466/2466/2466 2462/2462/2462/ 2406/2406/2406
f 2467/2467/2467 2466/2466/2466/ 2406/2406/2406
f 2406/2406/2406 2420/2420/2420/ 2467/2467/2467
f 2380/2380/2380 2420/2420/2420/ 2406/2406/2406
f 2380/2380/2380 2381/2381/2381/ 2420/2420/2420
f 2461/2461/2461 2378/2378/2378/ 2466/2466/2466
f 2465/2465/2465 2461/2461/2461/ 2466/2466/2466
f 2465/2465/2465 2466/2466/2466/ 2467/2467/2467
f 2467/2467/2467 2502/2502/2502/ 2465/2465/2465
f 2467/2467/2467 2535/2535/2535/ 2502/2502/2502
f 2420/2420/2420 2535/2535/2535/ 2467/2467/2467
f 2420/2420/2420 2571/2571/2571/ 2535/2535/2535
f 2381/2381/2381 2571/2571/2571/ 2420/2420/2420
f 2381/2381/2381 2329/2329/2329/ 2571/2571/2571
f 2404/2404/2404 2461/2461/2461/ 2465/2465/2465
f 2465/2465/2465 2497/2497/2497/ 2404/2404/2404
f 2465/2465/2465 2502/2502/2502/ 2497/2497/2497
f 2497/2497/2497 2502/2502/2502/ 2533/2533/2533
f 2502/2502/2502 2568/2568/2568/ 2533/2533/2533
f 2535/2535/2535 2568/2568/2568/ 2502/2502/2502
f 2535/2535/2535 2592/2592/2592/ 2568/2568/2568
f 2571/2571/2571 2592/2592/2592/ 2535/2535/2535
f 2306/2306/2306 2592/2592/2592/ 2571/2571/2571
f 2571/2571/2571 2329/2329/2329/ 2306/2306/2306
f 2404/2404/2404 2402/2402/2402/ 2461/2461/2461
f 2563/2563/2563 2402/2402/2402/ 2404/2404/2404
f 2496/2496/2496 2563/2563/2563/ 2404/2404/2404
f 2404/2404/2404 2497/2497/2497/ 2496/2496/2496
f 2533/2533/2533 2496/2496/2496/ 2497/2497/2497
f 2573/2573/2573 2496/2496/2496/ 2533/2533/2533
f 2573/2573/2573 2533/2533/2533/ 2532/2532/2532
f 2533/2533/2533 2534/2534/2534/ 2532/2532/2532
f 2568/2568/2568 2534/2534/2534/ 2533/2533/2533
f 2461/2461/2461 2402/2402/2402/ 2386/2386/2386
f 2386/2386/2386 2402/2402/2402/ 2383/2383/2383
f 2383/2383/2383 2402/2402/2402/ 2377/2377/2377
f 2402/2402/2402 2563/2563/2563/ 2377/2377/2377
f 2586/2586/2586 2377/2377/2377/ 2563/2563/2563
f 2586/2586/2586 2563/2563/2563/ 2496/2496/2496
f 2586/2586/2586 2496/2496/2496/ 2573/2573/2573
f 2565/2565/2565 2586/2586/2586/ 2573/2573/2573
f 2573/2573/2573 2532/2532/2532/ 2565/2565/2565
f 2383/2383/2383 2463/2463/2463/ 2386/2386/2386
f 2384/2384/2384 2463/2463/2463/ 2383/2383/2383
f 2383/2383/2383 2377/2377/2377/ 2384/2384/2384
f 2384/2384/2384 2377/2377/2377/ 2479/2479/2479
f 2377/2377/2377 2531/2531/2531/ 2479/2479/2479
f 2565/2565/2565 2531/2531/2531/ 2377/2377/2377
f 2586/2586/2586 2565/2565/2565/ 2377/2377/2377
f 2469/2469/2469 2386/2386/2386/ 2463/2463/2463
f 2479/2479/2479 2469/2469/2469/ 2463/2463/2463
f 2463/2463/2463 2384/2384/2384/ 2479/2479/2479
f 2292/2292/2292 2375/2375/2375/ 2350/2350/2350
f 2314/2314/2314 2375/2375/2375/ 2292/2292/2292
f 2494/2494/2494 2393/2393/2393/ 2459/2459/2459
f 2459/2459/2459 2393/2393/2393/ 2392/2392/2392
f 2411/2411/2411 2459/2459/2459/ 2392/2392/2392
f 2382/2382/2382 2459/2459/2459/ 2411/2411/2411
f 2382/2382/2382 2411/2411/2411/ 2460/2460/2460
f 2460/2460/2460 2411/2411/2411/ 2409/2409/2409
f 2460/2460/2460 2409/2409/2409/ 2518/2518/2518
f 2518/2518/2518 2409/2409/2409/ 2566/2566/2566
f 2566/2566/2566 2409/2409/2409/ 2587/2587/2587
f 2587/2587/2587 2409/2409/2409/ 2482/2482/2482
f 2455/2455/2455 2459/2459/2459/ 2382/2382/2382
f 2382/2382/2382 2460/2460/2460/ 2455/2455/2455
f 2455/2455/2455 2460/2460/2460/ 2454/2454/2454
f 2460/2460/2460 2518/2518/2518/ 2454/2454/2454
f 2454/2454/2454 2518/2518/2518/ 2310/2310/2310
f 2518/2518/2518 2484/2484/2484/ 2310/2310/2310
f 2518/2518/2518 2566/2566/2566/ 2484/2484/2484
f 2484/2484/2484 2566/2566/2566/ 2391/2391/2391
f 2391/2391/2391 2566/2566/2566/ 2478/2478/2478
f 2478/2478/2478 2566/2566/2566/ 2587/2587/2587
f 2453/2453/2453 2459/2459/2459/ 2455/2455/2455
f 2455/2455/2455 2446/2446/2446/ 2453/2453/2453
f 2455/2455/2455 2454/2454/2454/ 2446/2446/2446
f 2446/2446/2446 2454/2454/2454/ 2551/2551/2551
f 2551/2551/2551 2454/2454/2454/ 2308/2308/2308
f 2308/2308/2308 2454/2454/2454/ 2310/2310/2310
f 2308/2308/2308 2310/2310/2310/ 2542/2542/2542
f 2542/2542/2542 2310/2310/2310/ 2541/2541/2541
f 2310/2310/2310 2484/2484/2484/ 2541/2541/2541
f 2541/2541/2541 2484/2484/2484/ 2477/2477/2477
f 2484/2484/2484 2391/2391/2391/ 2477/2477/2477
f 2391/2391/2391 2478/2478/2478/ 2477/2477/2477
f 2446/2446/2446 2551/2551/2551/ 2550/2550/2550
f 2550/2550/2550 2551/2551/2551/ 2556/2556/2556
f 2308/2308/2308 2556/2556/2556/ 2551/2551/2551
f 2307/2307/2307 2556/2556/2556/ 2308/2308/2308
f 2308/2308/2308 2309/2309/2309/ 2307/2307/2307
f 2308/2308/2308 2542/2542/2542/ 2309/2309/2309
f 2309/2309/2309 2542/2542/2542/ 2312/2312/2312
f 2499/2499/2499 2312/2312/2312/ 2542/2542/2542
f 2499/2499/2499 2501/2501/2501/ 2312/2312/2312
f 2501/2501/2501 2499/2499/2499/ 2517/2517/2517
f 2550/2550/2550 2556/2556/2556/ 2351/2351/2351
f 2351/2351/2351 2556/2556/2556/ 2437/2437/2437
f 2438/2438/2438 2437/2437/2437/ 2556/2556/2556
f 2320/2320/2320 2438/2438/2438/ 2556/2556/2556
f 2307/2307/2307 2320/2320/2320/ 2556/2556/2556
f 2307/2307/2307 2345/2345/2345/ 2320/2320/2320
f 2299/2299/2299 2345/2345/2345/ 2307/2307/2307
f 2307/2307/2307 2326/2326/2326/ 2299/2299/2299
f 2437/2437/2437 2440/2440/2440/ 2351/2351/2351
f 2440/2440/2440 2437/2437/2437/ 2439/2439/2439
f 2439/2439/2439 2437/2437/2437/ 2438/2438/2438
f 2320/2320/2320 2439/2439/2439/ 2438/2438/2438
f 2348/2348/2348 2439/2439/2439/ 2320/2320/2320
f 2357/2357/2357 2348/2348/2348/ 2320/2320/2320
f 2320/2320/2320 2319/2319/2319/ 2357/2357/2357
f 2345/2345/2345 2319/2319/2319/ 2320/2320/2320
f 2439/2439/2439 2348/2348/2348/ 2440/2440/2440
f 2440/2440/2440 2348/2348/2348/ 2350/2350/2350
f 2350/2350/2350 2348/2348/2348/ 2315/2315/2315
f 2315/2315/2315 2348/2348/2348/ 2357/2357/2357
f 2357/2357/2357 2317/2317/2317/ 2315/2315/2315
f 2319/2319/2319 2317/2317/2317/ 2357/2357/2357
f 2317/2317/2317 2319/2319/2319/ 2344/2344/2344
f 2319/2319/2319 2345/2345/2345/ 2344/2344/2344
f 2344/2344/2344 2345/2345/2345/ 2293/2293/2293
f 2293/2293/2293 2345/2345/2345/ 2298/2298/2298
f 2298/2298/2298 2345/2345/2345/ 2299/2299/2299
f 2434/2434/2434 2350/2350/2350/ 2315/2315/2315
f 2315/2315/2315 2318/2318/2318/ 2434/2434/2434
f 2317/2317/2317 2318/2318/2318/ 2315/2315/2315
f 2318/2318/2318 2317/2317/2317/ 2302/2302/2302
f 2302/2302/2302 2317/2317/2317/ 2344/2344/2344
f 2302/2302/2302 2344/2344/2344/ 2293/2293/2293
f 2293/2293/2293 2295/2295/2295/ 2302/2302/2302
f 2293/2293/2293 2294/2294/2294/ 2295/2295/2295
f 2293/2293/2293 2300/2300/2300/ 2294/2294/2294
f 2298/2298/2298 2300/2300/2300/ 2293/2293/2293
f 2444/2444/2444 2350/2350/2350/ 2434/2434/2434
f 2434/2434/2434 2443/2443/2443/ 2444/2444/2444
f 2443/2443/2443 2434/2434/2434/ 2305/2305/2305
f 2305/2305/2305 2434/2434/2434/ 2318/2318/2318
f 2305/2305/2305 2318/2318/2318/ 2302/2302/2302
f 2302/2302/2302 2304/2304/2304/ 2305/2305/2305
f 2302/2302/2302 2295/2295/2295/ 2304/2304/2304
f 2295/2295/2295 2591/2591/2591/ 2304/2304/2304
f 2297/2297/2297 2591/2591/2591/ 2295/2295/2295
f 2295/2295/2295 2294/2294/2294/ 2297/2297/2297
f 2444/2444/2444 2349/2349/2349/ 2350/2350/2350
f 2352/2352/2352 2349/2349/2349/ 2444/2444/2444
f 2444/2444/2444 2442/2442/2442/ 2352/2352/2352
f 2444/2444/2444 2443/2443/2443/ 2442/2442/2442
f 2443/2443/2443 2329/2329/2329/ 2442/2442/2442
f 2443/2443/2443 2306/2306/2306/ 2329/2329/2329
f 2305/2305/2305 2306/2306/2306/ 2443/2443/2443
f 2305/2305/2305 2304/2304/2304/ 2306/2306/2306
f 2304/2304/2304 2592/2592/2592/ 2306/2306/2306
f 2304/2304/2304 2591/2591/2591/ 2592/2592/2592
f 2349/2349/2349 2352/2352/2352/ 2314/2314/2314
f 2352/2352/2352 2353/2353/2353/ 2314/2314/2314
f 2352/2352/2352 2442/2442/2442/ 2353/2353/2353
f 2316/2316/2316 2353/2353/2353/ 2442/2442/2442
f 2542/2542/2542 2541/2541/2541/ 2477/2477/2477
f 2592/2592/2592 2591/2591/2591/ 2568/2568/2568
f 2568/2568/2568 2591/2591/2591/ 2534/2534/2534
f 2591/2591/2591 2536/2536/2536/ 2534/2534/2534
f 2572/2572/2572 2536/2536/2536/ 2591/2591/2591
f 2572/2572/2572 2591/2591/2591/ 2297/2297/2297
f 2538/2538/2538 2534/2534/2534/ 2536/2536/2536
f 2532/2532/2532 2534/2534/2534/ 2538/2538/2538
f 2538/2538/2538 2504/2504/2504/ 2532/2532/2532
f 2532/2532/2532 2504/2504/2504/ 2567/2567/2567
f 2504/2504/2504 2590/2590/2590/ 2567/2567/2567
f 2506/2506/2506 2590/2590/2590/ 2504/2504/2504
f 2506/2506/2506 2530/2530/2530/ 2590/2590/2590
f 2564/2564/2564 2530/2530/2530/ 2506/2506/2506
f 2564/2564/2564 2303/2303/2303/ 2530/2530/2530
f 2565/2565/2565 2532/2532/2532/ 2567/2567/2567
f 2565/2565/2565 2567/2567/2567/ 2593/2593/2593
f 2590/2590/2590 2593/2593/2593/ 2567/2567/2567
f 2537/2537/2537 2593/2593/2593/ 2590/2590/2590
f 2530/2530/2530 2537/2537/2537/ 2590/2590/2590
f 2569/2569/2569 2537/2537/2537/ 2530/2530/2530
f 2569/2569/2569 2530/2530/2530/ 2296/2296/2296
f 2296/2296/2296 2530/2530/2530/ 2301/2301/2301
f 2530/2530/2530 2303/2303/2303/ 2301/2301/2301
f 2300/2300/2300 2301/2301/2301/ 2303/2303/2303
f 2298/2298/2298 2301/2301/2301/ 2300/2300/2300
f 2593/2593/2593 2531/2531/2531/ 2565/2565/2565
f 2593/2593/2593 2570/2570/2570/ 2531/2531/2531
f 2537/2537/2537 2570/2570/2570/ 2593/2593/2593
f 2537/2537/2537 2589/2589/2589/ 2570/2570/2570
f 2569/2569/2569 2589/2589/2589/ 2537/2537/2537
f 2296/2296/2296 2589/2589/2589/ 2569/2569/2569
f 2326/2326/2326 2589/2589/2589/ 2296/2296/2296
f 2299/2299/2299 2326/2326/2326/ 2296/2296/2296
f 2296/2296/2296 2301/2301/2301/ 2299/2299/2299
f 2299/2299/2299 2301/2301/2301/ 2298/2298/2298
f 2312/2312/2312 2500/2500/2500/ 2309/2309/2309
f 2501/2501/2501 2500/2500/2500/ 2312/2312/2312
f 2501/2501/2501 2517/2517/2517/ 2500/2500/2500
f 2500/2500/2500 2517/2517/2517/ 2588/2588/2588
f 2517/2517/2517 2478/2478/2478/ 2588/2588/2588
f 2517/2517/2517 2477/2477/2477/ 2478/2478/2478
f 2588/2588/2588 2478/2478/2478/ 2587/2587/2587
f 2588/2588/2588 2587/2587/2587/ 2531/2531/2531
f 2531/2531/2531 2587/2587/2587/ 2479/2479/2479
f 2479/2479/2479 2587/2587/2587/ 2482/2482/2482
f 2395/2395/2395 2582/2582/2582/ 2400/2400/2400
f 2400/2400/2400 2582/2582/2582/ 2524/2524/2524
f 2582/2582/2582 2522/2522/2522/ 2524/2524/2524
f 2524/2524/2524 2522/2522/2522/ 2430/2430/2430
f 2524/2524/2524 2430/2430/2430/ 2511/2511/2511
f 2511/2511/2511 2430/2430/2430/ 2510/2510/2510
f 2524/2524/2524 2539/2539/2539/ 2400/2400/2400
f 2512/2512/2512 2539/2539/2539/ 2524/2524/2524
f 2524/2524/2524 2526/2526/2526/ 2512/2512/2512
f 2511/2511/2511 2526/2526/2526/ 2524/2524/2524
f 2503/2503/2503 2526/2526/2526/ 2511/2511/2511
f 2511/2511/2511 2509/2509/2509/ 2503/2503/2503
f 2583/2583/2583 2509/2509/2509/ 2511/2511/2511
f 2527/2527/2527 2583/2583/2583/ 2511/2511/2511
f 2527/2527/2527 2511/2511/2511/ 2510/2510/2510
f 2512/2512/2512 2521/2521/2521/ 2539/2539/2539
f 2583/2583/2583 2521/2521/2521/ 2512/2512/2512
f 2512/2512/2512 2509/2509/2509/ 2583/2583/2583
f 2505/2505/2505 2509/2509/2509/ 2512/2512/2512
f 2512/2512/2512 2526/2526/2526/ 2505/2505/2505
f 2503/2503/2503 2505/2505/2505/ 2526/2526/2526
f 2509/2509/2509 2505/2505/2505/ 2503/2503/2503
f 2520/2520/2520 2521/2521/2521/ 2583/2583/2583
f 2520/2520/2520 2583/2583/2583/ 2540/2540/2540
f 2540/2540/2540 2583/2583/2583/ 2527/2527/2527
f 2527/2527/2527 2398/2398/2398/ 2540/2540/2540
f 2433/2433/2433 2398/2398/2398/ 2527/2527/2527
f 2527/2527/2527 2510/2510/2510/ 2433/2433/2433
f 2433/2433/2433 2510/2510/2510/ 2418/2418/2418
f 2401/2401/2401 2433/2433/2433/ 2418/2418/2418
f 2519/2519/2519 2521/2521/2521/ 2520/2520/2520
f 2523/2523/2523 2519/2519/2519/ 2520/2520/2520
f 2520/2520/2520 2413/2413/2413/ 2523/2523/2523
f 2431/2431/2431 2413/2413/2413/ 2520/2520/2520
f 2540/2540/2540 2431/2431/2431/ 2520/2520/2520
f 2417/2417/2417 2431/2431/2431/ 2540/2540/2540
f 2540/2540/2540 2398/2398/2398/ 2417/2417/2417
f 2432/2432/2432 2417/2417/2417/ 2398/2398/2398
f 2432/2432/2432 2398/2398/2398/ 2433/2433/2433
f 2399/2399/2399 2432/2432/2432/ 2433/2433/2433
f 2399/2399/2399 2433/2433/2433/ 2401/2401/2401
f 2584/2584/2584 2519/2519/2519/ 2523/2523/2523
f 2397/2397/2397 2584/2584/2584/ 2523/2523/2523
f 2397/2397/2397 2523/2523/2523/ 2401/2401/2401
f 2401/2401/2401 2523/2523/2523/ 2399/2399/2399
f 2523/2523/2523 2413/2413/2413/ 2399/2399/2399
f 2399/2399/2399 2413/2413/2413/ 2416/2416/2416
f 2413/2413/2413 2431/2431/2431/ 2416/2416/2416
f 2431/2431/2431 2417/2417/2417/ 2416/2416/2416
f 2416/2416/2416 2417/2417/2417/ 2432/2432/2432
f 2416/2416/2416 2432/2432/2432/ 2399/2399/2399
f 2508/2508/2508 2578/2578/2578/ 2086/2086/2086
f 2086/2086/2086 2578/2578/2578/ 2579/2579/2579
f 2578/2578/2578 2507/2507/2507/ 2579/2579/2579
f 2579/2579/2579 2507/2507/2507/ 1028/1028/1028
f 2507/2507/2507 977/977/977/ 1028/1028/1028
f 2581/2581/2581 977/977/977/ 2507/2507/2507
f 2581/2581/2581 2137/2137/2137/ 977/977/977
f 2580/2580/2580 2137/2137/2137/ 2581/2581/2581
f 2579/2579/2579 1028/1028/1028/ 2086/2086/2086
f 2086/2086/2086 1028/1028/1028/ 2131/2131/2131
f 1028/1028/1028 977/977/977/ 2131/2131/2131
f 2131/2131/2131 977/977/977/ 1026/1026/1026
f 977/977/977 2137/2137/2137/ 1026/1026/1026
f 1026/1026/1026 2137/2137/2137/ 2322/2322/2322
f 2137/2137/2137 2324/2324/2324/ 2322/2322/2322
f 2325/2325/2325 2324/2324/2324/ 2137/2137/2137
f 2580/2580/2580 2325/2325/2325/ 2137/2137/2137
f 459/459/459 2325/2325/2325/ 2580/2580/2580
f 2087/2087/2087 2086/2086/2086/ 2131/2131/2131
f 2087/2087/2087 2131/2131/2131/ 790/790/790
f 2131/2131/2131 1756/1756/1756/ 790/790/790
f 2130/2130/2130 1756/1756/1756/ 2131/2131/2131
f 1026/1026/1026 2130/2130/2130/ 2131/2131/2131
f 2129/2129/2129 2130/2130/2130/ 1026/1026/1026
f 2129/2129/2129 1026/1026/1026/ 2138/2138/2138
f 2138/2138/2138 1026/1026/1026/ 2322/2322/2322
f 2087/2087/2087 2585/2585/2585/ 2086/2086/2086
f 2577/2577/2577 2585/2585/2585/ 2087/2087/2087
f 790/790/790 2577/2577/2577/ 2087/2087/2087
f 2575/2575/2575 2577/2577/2577/ 790/790/790
f 2085/2085/2085 2575/2575/2575/ 790/790/790
f 790/790/790 1756/1756/1756/ 2085/2085/2085
f 1756/1756/1756 1755/1755/1755/ 2085/2085/2085
f 1756/1756/1756 2322/2322/2322/ 1755/1755/1755
f 1756/1756/1756 2138/2138/2138/ 2322/2322/2322
f 2135/2135/2135 2138/2138/2138/ 1756/1756/1756
f 2135/2135/2135 1756/1756/1756/ 2130/2130/2130
f 2129/2129/2129 2135/2135/2135/ 2130/2130/2130
f 2129/2129/2129 2138/2138/2138/ 2135/2135/2135
f 2574/2574/2574 2575/2575/2575/ 2085/2085/2085
f 1025/1025/1025 2574/2574/2574/ 2085/2085/2085
f 2085/2085/2085 1027/1027/1027/ 1025/1025/1025
f 1755/1755/1755 1027/1027/1027/ 2085/2085/2085
f 841/841/841 1027/1027/1027/ 1755/1755/1755
f 1757/1757/1757 841/841/841/ 1755/1755/1755
f 1755/1755/1755 2322/2322/2322/ 1757/1757/1757
f 2322/2322/2322 2324/2324/2324/ 1757/1757/1757
f 2594/2594/2594 2574/2574/2574/ 1025/1025/1025
f 840/840/840 2594/2594/2594/ 1025/1025/1025
f 1025/1025/1025 1027/1027/1027/ 840/840/840
f 840/840/840 1027/1027/1027/ 838/838/838
f 832/832/832 838/838/838/ 1027/1027/1027
f 832/832/832 1027/1027/1027/ 841/841/841
f 833/833/833 832/832/832/ 841/841/841
f 833/833/833 841/841/841/ 1757/1757/1757
f 833/833/833 1757/1757/1757/ 789/789/789
f 789/789/789 1757/1757/1757/ 2324/2324/2324
f 460/460/460 2594/2594/2594/ 840/840/840
f 2525/2525/2525 460/460/460/ 840/840/840
f 840/840/840 2274/2274/2274/ 2525/2525/2525
f 838/838/838 2274/2274/2274/ 840/840/840
f 838/838/838 788/788/788/ 2274/2274/2274
f 834/834/834 788/788/788/ 838/838/838
f 834/834/834 838/838/838/ 832/832/832
f 833/833/833 834/834/834/ 832/832/832
f 789/789/789 834/834/834/ 833/833/833
f 789/789/789 788/788/788/ 834/834/834
f 789/789/789 2324/2324/2324/ 788/788/788
f 788/788/788 2324/2324/2324/ 2274/2274/2274
f 2324/2324/2324 2325/2325/2325/ 2274/2274/2274
f 2576/2576/2576 460/460/460/ 2525/2525/2525
f 2323/2323/2323 2525/2525/2525/ 2274/2274/2274
f 2274/2274/2274 2325/2325/2325/ 2323/2323/2323
f 2325/2325/2325 459/459/459/ 2323/2323/2323
f 2323/2323/2323 459/459/459/ 458/458/458
f 2222/2222/2222 2197/2197/2197/ 2226/2226/2226
f 2197/2197/2197 2199/2199/2199/ 2226/2226/2226
f 2199/2199/2199 2165/2165/2165/ 2226/2226/2226
f 2226/2226/2226 2165/2165/2165/ 2222/2222/2222
